
Smart_Home.elf:     file format elf32-avr

Sections:
Idx Name          Size      VMA       LMA       File off  Algn
  0 .text         00004586  00000000  00000000  00000094  2**1
                  CONTENTS, ALLOC, LOAD, READONLY, CODE
  1 .data         00000098  00800060  00004586  0000461a  2**0
                  CONTENTS, ALLOC, LOAD, DATA
  2 .bss          00000006  008000f8  008000f8  000046b2  2**0
                  ALLOC
  3 .stab         00004158  00000000  00000000  000046b4  2**2
                  CONTENTS, READONLY, DEBUGGING
  4 .stabstr      00001095  00000000  00000000  0000880c  2**0
                  CONTENTS, READONLY, DEBUGGING
  5 .debug_aranges 00000140  00000000  00000000  000098a1  2**0
                  CONTENTS, READONLY, DEBUGGING
  6 .debug_pubnames 00000170  00000000  00000000  000099e1  2**0
                  CONTENTS, READONLY, DEBUGGING
  7 .debug_info   00001c49  00000000  00000000  00009b51  2**0
                  CONTENTS, READONLY, DEBUGGING
  8 .debug_abbrev 00000eeb  00000000  00000000  0000b79a  2**0
                  CONTENTS, READONLY, DEBUGGING
  9 .debug_line   00000dad  00000000  00000000  0000c685  2**0
                  CONTENTS, READONLY, DEBUGGING
 10 .debug_frame  00000160  00000000  00000000  0000d434  2**2
                  CONTENTS, READONLY, DEBUGGING
 11 .debug_str    0000028d  00000000  00000000  0000d594  2**0
                  CONTENTS, READONLY, DEBUGGING
 12 .debug_loc    000007ce  00000000  00000000  0000d821  2**0
                  CONTENTS, READONLY, DEBUGGING
 13 .debug_ranges 00000050  00000000  00000000  0000dfef  2**0
                  CONTENTS, READONLY, DEBUGGING

Disassembly of section .text:

00000000 <__vectors>:
       0:	0c 94 2a 00 	jmp	0x54	; 0x54 <__ctors_end>
       4:	0c 94 47 00 	jmp	0x8e	; 0x8e <__bad_interrupt>
       8:	0c 94 47 00 	jmp	0x8e	; 0x8e <__bad_interrupt>
       c:	0c 94 47 00 	jmp	0x8e	; 0x8e <__bad_interrupt>
      10:	0c 94 47 00 	jmp	0x8e	; 0x8e <__bad_interrupt>
      14:	0c 94 47 00 	jmp	0x8e	; 0x8e <__bad_interrupt>
      18:	0c 94 47 00 	jmp	0x8e	; 0x8e <__bad_interrupt>
      1c:	0c 94 47 00 	jmp	0x8e	; 0x8e <__bad_interrupt>
      20:	0c 94 47 00 	jmp	0x8e	; 0x8e <__bad_interrupt>
      24:	0c 94 47 00 	jmp	0x8e	; 0x8e <__bad_interrupt>
      28:	0c 94 47 00 	jmp	0x8e	; 0x8e <__bad_interrupt>
      2c:	0c 94 47 00 	jmp	0x8e	; 0x8e <__bad_interrupt>
      30:	0c 94 47 00 	jmp	0x8e	; 0x8e <__bad_interrupt>
      34:	0c 94 47 00 	jmp	0x8e	; 0x8e <__bad_interrupt>
      38:	0c 94 47 00 	jmp	0x8e	; 0x8e <__bad_interrupt>
      3c:	0c 94 47 00 	jmp	0x8e	; 0x8e <__bad_interrupt>
      40:	0c 94 7a 0c 	jmp	0x18f4	; 0x18f4 <__vector_16>
      44:	0c 94 47 00 	jmp	0x8e	; 0x8e <__bad_interrupt>
      48:	0c 94 47 00 	jmp	0x8e	; 0x8e <__bad_interrupt>
      4c:	0c 94 47 00 	jmp	0x8e	; 0x8e <__bad_interrupt>
      50:	0c 94 47 00 	jmp	0x8e	; 0x8e <__bad_interrupt>

00000054 <__ctors_end>:
      54:	11 24       	eor	r1, r1
      56:	1f be       	out	0x3f, r1	; 63
      58:	cf e5       	ldi	r28, 0x5F	; 95
      5a:	d8 e0       	ldi	r29, 0x08	; 8
      5c:	de bf       	out	0x3e, r29	; 62
      5e:	cd bf       	out	0x3d, r28	; 61

00000060 <__do_copy_data>:
      60:	10 e0       	ldi	r17, 0x00	; 0
      62:	a0 e6       	ldi	r26, 0x60	; 96
      64:	b0 e0       	ldi	r27, 0x00	; 0
      66:	e6 e8       	ldi	r30, 0x86	; 134
      68:	f5 e4       	ldi	r31, 0x45	; 69
      6a:	02 c0       	rjmp	.+4      	; 0x70 <.do_copy_data_start>

0000006c <.do_copy_data_loop>:
      6c:	05 90       	lpm	r0, Z+
      6e:	0d 92       	st	X+, r0

00000070 <.do_copy_data_start>:
      70:	a8 3f       	cpi	r26, 0xF8	; 248
      72:	b1 07       	cpc	r27, r17
      74:	d9 f7       	brne	.-10     	; 0x6c <.do_copy_data_loop>

00000076 <__do_clear_bss>:
      76:	10 e0       	ldi	r17, 0x00	; 0
      78:	a8 ef       	ldi	r26, 0xF8	; 248
      7a:	b0 e0       	ldi	r27, 0x00	; 0
      7c:	01 c0       	rjmp	.+2      	; 0x80 <.do_clear_bss_start>

0000007e <.do_clear_bss_loop>:
      7e:	1d 92       	st	X+, r1

00000080 <.do_clear_bss_start>:
      80:	ae 3f       	cpi	r26, 0xFE	; 254
      82:	b1 07       	cpc	r27, r17
      84:	e1 f7       	brne	.-8      	; 0x7e <.do_clear_bss_loop>
      86:	0e 94 62 1b 	call	0x36c4	; 0x36c4 <main>
      8a:	0c 94 c1 22 	jmp	0x4582	; 0x4582 <_exit>

0000008e <__bad_interrupt>:
      8e:	0c 94 00 00 	jmp	0	; 0x0 <__vectors>

00000092 <__fixunssfsi>:
      92:	ef 92       	push	r14
      94:	ff 92       	push	r15
      96:	0f 93       	push	r16
      98:	1f 93       	push	r17
      9a:	7b 01       	movw	r14, r22
      9c:	8c 01       	movw	r16, r24
      9e:	20 e0       	ldi	r18, 0x00	; 0
      a0:	30 e0       	ldi	r19, 0x00	; 0
      a2:	40 e0       	ldi	r20, 0x00	; 0
      a4:	5f e4       	ldi	r21, 0x4F	; 79
      a6:	0e 94 49 03 	call	0x692	; 0x692 <__gesf2>
      aa:	88 23       	and	r24, r24
      ac:	8c f0       	brlt	.+34     	; 0xd0 <__fixunssfsi+0x3e>
      ae:	c8 01       	movw	r24, r16
      b0:	b7 01       	movw	r22, r14
      b2:	20 e0       	ldi	r18, 0x00	; 0
      b4:	30 e0       	ldi	r19, 0x00	; 0
      b6:	40 e0       	ldi	r20, 0x00	; 0
      b8:	5f e4       	ldi	r21, 0x4F	; 79
      ba:	0e 94 c1 01 	call	0x382	; 0x382 <__subsf3>
      be:	0e 94 a9 03 	call	0x752	; 0x752 <__fixsfsi>
      c2:	9b 01       	movw	r18, r22
      c4:	ac 01       	movw	r20, r24
      c6:	20 50       	subi	r18, 0x00	; 0
      c8:	30 40       	sbci	r19, 0x00	; 0
      ca:	40 40       	sbci	r20, 0x00	; 0
      cc:	50 48       	sbci	r21, 0x80	; 128
      ce:	06 c0       	rjmp	.+12     	; 0xdc <__fixunssfsi+0x4a>
      d0:	c8 01       	movw	r24, r16
      d2:	b7 01       	movw	r22, r14
      d4:	0e 94 a9 03 	call	0x752	; 0x752 <__fixsfsi>
      d8:	9b 01       	movw	r18, r22
      da:	ac 01       	movw	r20, r24
      dc:	b9 01       	movw	r22, r18
      de:	ca 01       	movw	r24, r20
      e0:	1f 91       	pop	r17
      e2:	0f 91       	pop	r16
      e4:	ff 90       	pop	r15
      e6:	ef 90       	pop	r14
      e8:	08 95       	ret

000000ea <_fpadd_parts>:
      ea:	a0 e0       	ldi	r26, 0x00	; 0
      ec:	b0 e0       	ldi	r27, 0x00	; 0
      ee:	eb e7       	ldi	r30, 0x7B	; 123
      f0:	f0 e0       	ldi	r31, 0x00	; 0
      f2:	0c 94 8a 22 	jmp	0x4514	; 0x4514 <__prologue_saves__>
      f6:	dc 01       	movw	r26, r24
      f8:	2b 01       	movw	r4, r22
      fa:	fa 01       	movw	r30, r20
      fc:	9c 91       	ld	r25, X
      fe:	92 30       	cpi	r25, 0x02	; 2
     100:	08 f4       	brcc	.+2      	; 0x104 <_fpadd_parts+0x1a>
     102:	39 c1       	rjmp	.+626    	; 0x376 <_fpadd_parts+0x28c>
     104:	eb 01       	movw	r28, r22
     106:	88 81       	ld	r24, Y
     108:	82 30       	cpi	r24, 0x02	; 2
     10a:	08 f4       	brcc	.+2      	; 0x10e <_fpadd_parts+0x24>
     10c:	33 c1       	rjmp	.+614    	; 0x374 <_fpadd_parts+0x28a>
     10e:	94 30       	cpi	r25, 0x04	; 4
     110:	69 f4       	brne	.+26     	; 0x12c <_fpadd_parts+0x42>
     112:	84 30       	cpi	r24, 0x04	; 4
     114:	09 f0       	breq	.+2      	; 0x118 <_fpadd_parts+0x2e>
     116:	2f c1       	rjmp	.+606    	; 0x376 <_fpadd_parts+0x28c>
     118:	11 96       	adiw	r26, 0x01	; 1
     11a:	9c 91       	ld	r25, X
     11c:	11 97       	sbiw	r26, 0x01	; 1
     11e:	89 81       	ldd	r24, Y+1	; 0x01
     120:	98 17       	cp	r25, r24
     122:	09 f4       	brne	.+2      	; 0x126 <_fpadd_parts+0x3c>
     124:	28 c1       	rjmp	.+592    	; 0x376 <_fpadd_parts+0x28c>
     126:	a3 ee       	ldi	r26, 0xE3	; 227
     128:	b0 e0       	ldi	r27, 0x00	; 0
     12a:	25 c1       	rjmp	.+586    	; 0x376 <_fpadd_parts+0x28c>
     12c:	84 30       	cpi	r24, 0x04	; 4
     12e:	09 f4       	brne	.+2      	; 0x132 <_fpadd_parts+0x48>
     130:	21 c1       	rjmp	.+578    	; 0x374 <_fpadd_parts+0x28a>
     132:	82 30       	cpi	r24, 0x02	; 2
     134:	a9 f4       	brne	.+42     	; 0x160 <_fpadd_parts+0x76>
     136:	92 30       	cpi	r25, 0x02	; 2
     138:	09 f0       	breq	.+2      	; 0x13c <_fpadd_parts+0x52>
     13a:	1d c1       	rjmp	.+570    	; 0x376 <_fpadd_parts+0x28c>
     13c:	9a 01       	movw	r18, r20
     13e:	ad 01       	movw	r20, r26
     140:	88 e0       	ldi	r24, 0x08	; 8
     142:	ea 01       	movw	r28, r20
     144:	09 90       	ld	r0, Y+
     146:	ae 01       	movw	r20, r28
     148:	e9 01       	movw	r28, r18
     14a:	09 92       	st	Y+, r0
     14c:	9e 01       	movw	r18, r28
     14e:	81 50       	subi	r24, 0x01	; 1
     150:	c1 f7       	brne	.-16     	; 0x142 <_fpadd_parts+0x58>
     152:	e2 01       	movw	r28, r4
     154:	89 81       	ldd	r24, Y+1	; 0x01
     156:	11 96       	adiw	r26, 0x01	; 1
     158:	9c 91       	ld	r25, X
     15a:	89 23       	and	r24, r25
     15c:	81 83       	std	Z+1, r24	; 0x01
     15e:	08 c1       	rjmp	.+528    	; 0x370 <_fpadd_parts+0x286>
     160:	92 30       	cpi	r25, 0x02	; 2
     162:	09 f4       	brne	.+2      	; 0x166 <_fpadd_parts+0x7c>
     164:	07 c1       	rjmp	.+526    	; 0x374 <_fpadd_parts+0x28a>
     166:	12 96       	adiw	r26, 0x02	; 2
     168:	2d 90       	ld	r2, X+
     16a:	3c 90       	ld	r3, X
     16c:	13 97       	sbiw	r26, 0x03	; 3
     16e:	eb 01       	movw	r28, r22
     170:	8a 81       	ldd	r24, Y+2	; 0x02
     172:	9b 81       	ldd	r25, Y+3	; 0x03
     174:	14 96       	adiw	r26, 0x04	; 4
     176:	ad 90       	ld	r10, X+
     178:	bd 90       	ld	r11, X+
     17a:	cd 90       	ld	r12, X+
     17c:	dc 90       	ld	r13, X
     17e:	17 97       	sbiw	r26, 0x07	; 7
     180:	ec 80       	ldd	r14, Y+4	; 0x04
     182:	fd 80       	ldd	r15, Y+5	; 0x05
     184:	0e 81       	ldd	r16, Y+6	; 0x06
     186:	1f 81       	ldd	r17, Y+7	; 0x07
     188:	91 01       	movw	r18, r2
     18a:	28 1b       	sub	r18, r24
     18c:	39 0b       	sbc	r19, r25
     18e:	b9 01       	movw	r22, r18
     190:	37 ff       	sbrs	r19, 7
     192:	04 c0       	rjmp	.+8      	; 0x19c <_fpadd_parts+0xb2>
     194:	66 27       	eor	r22, r22
     196:	77 27       	eor	r23, r23
     198:	62 1b       	sub	r22, r18
     19a:	73 0b       	sbc	r23, r19
     19c:	60 32       	cpi	r22, 0x20	; 32
     19e:	71 05       	cpc	r23, r1
     1a0:	0c f0       	brlt	.+2      	; 0x1a4 <_fpadd_parts+0xba>
     1a2:	61 c0       	rjmp	.+194    	; 0x266 <_fpadd_parts+0x17c>
     1a4:	12 16       	cp	r1, r18
     1a6:	13 06       	cpc	r1, r19
     1a8:	6c f5       	brge	.+90     	; 0x204 <_fpadd_parts+0x11a>
     1aa:	37 01       	movw	r6, r14
     1ac:	48 01       	movw	r8, r16
     1ae:	06 2e       	mov	r0, r22
     1b0:	04 c0       	rjmp	.+8      	; 0x1ba <_fpadd_parts+0xd0>
     1b2:	96 94       	lsr	r9
     1b4:	87 94       	ror	r8
     1b6:	77 94       	ror	r7
     1b8:	67 94       	ror	r6
     1ba:	0a 94       	dec	r0
     1bc:	d2 f7       	brpl	.-12     	; 0x1b2 <_fpadd_parts+0xc8>
     1be:	21 e0       	ldi	r18, 0x01	; 1
     1c0:	30 e0       	ldi	r19, 0x00	; 0
     1c2:	40 e0       	ldi	r20, 0x00	; 0
     1c4:	50 e0       	ldi	r21, 0x00	; 0
     1c6:	04 c0       	rjmp	.+8      	; 0x1d0 <_fpadd_parts+0xe6>
     1c8:	22 0f       	add	r18, r18
     1ca:	33 1f       	adc	r19, r19
     1cc:	44 1f       	adc	r20, r20
     1ce:	55 1f       	adc	r21, r21
     1d0:	6a 95       	dec	r22
     1d2:	d2 f7       	brpl	.-12     	; 0x1c8 <_fpadd_parts+0xde>
     1d4:	21 50       	subi	r18, 0x01	; 1
     1d6:	30 40       	sbci	r19, 0x00	; 0
     1d8:	40 40       	sbci	r20, 0x00	; 0
     1da:	50 40       	sbci	r21, 0x00	; 0
     1dc:	2e 21       	and	r18, r14
     1de:	3f 21       	and	r19, r15
     1e0:	40 23       	and	r20, r16
     1e2:	51 23       	and	r21, r17
     1e4:	21 15       	cp	r18, r1
     1e6:	31 05       	cpc	r19, r1
     1e8:	41 05       	cpc	r20, r1
     1ea:	51 05       	cpc	r21, r1
     1ec:	21 f0       	breq	.+8      	; 0x1f6 <_fpadd_parts+0x10c>
     1ee:	21 e0       	ldi	r18, 0x01	; 1
     1f0:	30 e0       	ldi	r19, 0x00	; 0
     1f2:	40 e0       	ldi	r20, 0x00	; 0
     1f4:	50 e0       	ldi	r21, 0x00	; 0
     1f6:	79 01       	movw	r14, r18
     1f8:	8a 01       	movw	r16, r20
     1fa:	e6 28       	or	r14, r6
     1fc:	f7 28       	or	r15, r7
     1fe:	08 29       	or	r16, r8
     200:	19 29       	or	r17, r9
     202:	3c c0       	rjmp	.+120    	; 0x27c <_fpadd_parts+0x192>
     204:	23 2b       	or	r18, r19
     206:	d1 f1       	breq	.+116    	; 0x27c <_fpadd_parts+0x192>
     208:	26 0e       	add	r2, r22
     20a:	37 1e       	adc	r3, r23
     20c:	35 01       	movw	r6, r10
     20e:	46 01       	movw	r8, r12
     210:	06 2e       	mov	r0, r22
     212:	04 c0       	rjmp	.+8      	; 0x21c <_fpadd_parts+0x132>
     214:	96 94       	lsr	r9
     216:	87 94       	ror	r8
     218:	77 94       	ror	r7
     21a:	67 94       	ror	r6
     21c:	0a 94       	dec	r0
     21e:	d2 f7       	brpl	.-12     	; 0x214 <_fpadd_parts+0x12a>
     220:	21 e0       	ldi	r18, 0x01	; 1
     222:	30 e0       	ldi	r19, 0x00	; 0
     224:	40 e0       	ldi	r20, 0x00	; 0
     226:	50 e0       	ldi	r21, 0x00	; 0
     228:	04 c0       	rjmp	.+8      	; 0x232 <_fpadd_parts+0x148>
     22a:	22 0f       	add	r18, r18
     22c:	33 1f       	adc	r19, r19
     22e:	44 1f       	adc	r20, r20
     230:	55 1f       	adc	r21, r21
     232:	6a 95       	dec	r22
     234:	d2 f7       	brpl	.-12     	; 0x22a <_fpadd_parts+0x140>
     236:	21 50       	subi	r18, 0x01	; 1
     238:	30 40       	sbci	r19, 0x00	; 0
     23a:	40 40       	sbci	r20, 0x00	; 0
     23c:	50 40       	sbci	r21, 0x00	; 0
     23e:	2a 21       	and	r18, r10
     240:	3b 21       	and	r19, r11
     242:	4c 21       	and	r20, r12
     244:	5d 21       	and	r21, r13
     246:	21 15       	cp	r18, r1
     248:	31 05       	cpc	r19, r1
     24a:	41 05       	cpc	r20, r1
     24c:	51 05       	cpc	r21, r1
     24e:	21 f0       	breq	.+8      	; 0x258 <_fpadd_parts+0x16e>
     250:	21 e0       	ldi	r18, 0x01	; 1
     252:	30 e0       	ldi	r19, 0x00	; 0
     254:	40 e0       	ldi	r20, 0x00	; 0
     256:	50 e0       	ldi	r21, 0x00	; 0
     258:	59 01       	movw	r10, r18
     25a:	6a 01       	movw	r12, r20
     25c:	a6 28       	or	r10, r6
     25e:	b7 28       	or	r11, r7
     260:	c8 28       	or	r12, r8
     262:	d9 28       	or	r13, r9
     264:	0b c0       	rjmp	.+22     	; 0x27c <_fpadd_parts+0x192>
     266:	82 15       	cp	r24, r2
     268:	93 05       	cpc	r25, r3
     26a:	2c f0       	brlt	.+10     	; 0x276 <_fpadd_parts+0x18c>
     26c:	1c 01       	movw	r2, r24
     26e:	aa 24       	eor	r10, r10
     270:	bb 24       	eor	r11, r11
     272:	65 01       	movw	r12, r10
     274:	03 c0       	rjmp	.+6      	; 0x27c <_fpadd_parts+0x192>
     276:	ee 24       	eor	r14, r14
     278:	ff 24       	eor	r15, r15
     27a:	87 01       	movw	r16, r14
     27c:	11 96       	adiw	r26, 0x01	; 1
     27e:	9c 91       	ld	r25, X
     280:	d2 01       	movw	r26, r4
     282:	11 96       	adiw	r26, 0x01	; 1
     284:	8c 91       	ld	r24, X
     286:	98 17       	cp	r25, r24
     288:	09 f4       	brne	.+2      	; 0x28c <_fpadd_parts+0x1a2>
     28a:	45 c0       	rjmp	.+138    	; 0x316 <_fpadd_parts+0x22c>
     28c:	99 23       	and	r25, r25
     28e:	39 f0       	breq	.+14     	; 0x29e <_fpadd_parts+0x1b4>
     290:	a8 01       	movw	r20, r16
     292:	97 01       	movw	r18, r14
     294:	2a 19       	sub	r18, r10
     296:	3b 09       	sbc	r19, r11
     298:	4c 09       	sbc	r20, r12
     29a:	5d 09       	sbc	r21, r13
     29c:	06 c0       	rjmp	.+12     	; 0x2aa <_fpadd_parts+0x1c0>
     29e:	a6 01       	movw	r20, r12
     2a0:	95 01       	movw	r18, r10
     2a2:	2e 19       	sub	r18, r14
     2a4:	3f 09       	sbc	r19, r15
     2a6:	40 0b       	sbc	r20, r16
     2a8:	51 0b       	sbc	r21, r17
     2aa:	57 fd       	sbrc	r21, 7
     2ac:	08 c0       	rjmp	.+16     	; 0x2be <_fpadd_parts+0x1d4>
     2ae:	11 82       	std	Z+1, r1	; 0x01
     2b0:	33 82       	std	Z+3, r3	; 0x03
     2b2:	22 82       	std	Z+2, r2	; 0x02
     2b4:	24 83       	std	Z+4, r18	; 0x04
     2b6:	35 83       	std	Z+5, r19	; 0x05
     2b8:	46 83       	std	Z+6, r20	; 0x06
     2ba:	57 83       	std	Z+7, r21	; 0x07
     2bc:	1d c0       	rjmp	.+58     	; 0x2f8 <_fpadd_parts+0x20e>
     2be:	81 e0       	ldi	r24, 0x01	; 1
     2c0:	81 83       	std	Z+1, r24	; 0x01
     2c2:	33 82       	std	Z+3, r3	; 0x03
     2c4:	22 82       	std	Z+2, r2	; 0x02
     2c6:	88 27       	eor	r24, r24
     2c8:	99 27       	eor	r25, r25
     2ca:	dc 01       	movw	r26, r24
     2cc:	82 1b       	sub	r24, r18
     2ce:	93 0b       	sbc	r25, r19
     2d0:	a4 0b       	sbc	r26, r20
     2d2:	b5 0b       	sbc	r27, r21
     2d4:	84 83       	std	Z+4, r24	; 0x04
     2d6:	95 83       	std	Z+5, r25	; 0x05
     2d8:	a6 83       	std	Z+6, r26	; 0x06
     2da:	b7 83       	std	Z+7, r27	; 0x07
     2dc:	0d c0       	rjmp	.+26     	; 0x2f8 <_fpadd_parts+0x20e>
     2de:	22 0f       	add	r18, r18
     2e0:	33 1f       	adc	r19, r19
     2e2:	44 1f       	adc	r20, r20
     2e4:	55 1f       	adc	r21, r21
     2e6:	24 83       	std	Z+4, r18	; 0x04
     2e8:	35 83       	std	Z+5, r19	; 0x05
     2ea:	46 83       	std	Z+6, r20	; 0x06
     2ec:	57 83       	std	Z+7, r21	; 0x07
     2ee:	82 81       	ldd	r24, Z+2	; 0x02
     2f0:	93 81       	ldd	r25, Z+3	; 0x03
     2f2:	01 97       	sbiw	r24, 0x01	; 1
     2f4:	93 83       	std	Z+3, r25	; 0x03
     2f6:	82 83       	std	Z+2, r24	; 0x02
     2f8:	24 81       	ldd	r18, Z+4	; 0x04
     2fa:	35 81       	ldd	r19, Z+5	; 0x05
     2fc:	46 81       	ldd	r20, Z+6	; 0x06
     2fe:	57 81       	ldd	r21, Z+7	; 0x07
     300:	da 01       	movw	r26, r20
     302:	c9 01       	movw	r24, r18
     304:	01 97       	sbiw	r24, 0x01	; 1
     306:	a1 09       	sbc	r26, r1
     308:	b1 09       	sbc	r27, r1
     30a:	8f 5f       	subi	r24, 0xFF	; 255
     30c:	9f 4f       	sbci	r25, 0xFF	; 255
     30e:	af 4f       	sbci	r26, 0xFF	; 255
     310:	bf 43       	sbci	r27, 0x3F	; 63
     312:	28 f3       	brcs	.-54     	; 0x2de <_fpadd_parts+0x1f4>
     314:	0b c0       	rjmp	.+22     	; 0x32c <_fpadd_parts+0x242>
     316:	91 83       	std	Z+1, r25	; 0x01
     318:	33 82       	std	Z+3, r3	; 0x03
     31a:	22 82       	std	Z+2, r2	; 0x02
     31c:	ea 0c       	add	r14, r10
     31e:	fb 1c       	adc	r15, r11
     320:	0c 1d       	adc	r16, r12
     322:	1d 1d       	adc	r17, r13
     324:	e4 82       	std	Z+4, r14	; 0x04
     326:	f5 82       	std	Z+5, r15	; 0x05
     328:	06 83       	std	Z+6, r16	; 0x06
     32a:	17 83       	std	Z+7, r17	; 0x07
     32c:	83 e0       	ldi	r24, 0x03	; 3
     32e:	80 83       	st	Z, r24
     330:	24 81       	ldd	r18, Z+4	; 0x04
     332:	35 81       	ldd	r19, Z+5	; 0x05
     334:	46 81       	ldd	r20, Z+6	; 0x06
     336:	57 81       	ldd	r21, Z+7	; 0x07
     338:	57 ff       	sbrs	r21, 7
     33a:	1a c0       	rjmp	.+52     	; 0x370 <_fpadd_parts+0x286>
     33c:	c9 01       	movw	r24, r18
     33e:	aa 27       	eor	r26, r26
     340:	97 fd       	sbrc	r25, 7
     342:	a0 95       	com	r26
     344:	ba 2f       	mov	r27, r26
     346:	81 70       	andi	r24, 0x01	; 1
     348:	90 70       	andi	r25, 0x00	; 0
     34a:	a0 70       	andi	r26, 0x00	; 0
     34c:	b0 70       	andi	r27, 0x00	; 0
     34e:	56 95       	lsr	r21
     350:	47 95       	ror	r20
     352:	37 95       	ror	r19
     354:	27 95       	ror	r18
     356:	82 2b       	or	r24, r18
     358:	93 2b       	or	r25, r19
     35a:	a4 2b       	or	r26, r20
     35c:	b5 2b       	or	r27, r21
     35e:	84 83       	std	Z+4, r24	; 0x04
     360:	95 83       	std	Z+5, r25	; 0x05
     362:	a6 83       	std	Z+6, r26	; 0x06
     364:	b7 83       	std	Z+7, r27	; 0x07
     366:	82 81       	ldd	r24, Z+2	; 0x02
     368:	93 81       	ldd	r25, Z+3	; 0x03
     36a:	01 96       	adiw	r24, 0x01	; 1
     36c:	93 83       	std	Z+3, r25	; 0x03
     36e:	82 83       	std	Z+2, r24	; 0x02
     370:	df 01       	movw	r26, r30
     372:	01 c0       	rjmp	.+2      	; 0x376 <_fpadd_parts+0x28c>
     374:	d2 01       	movw	r26, r4
     376:	cd 01       	movw	r24, r26
     378:	cd b7       	in	r28, 0x3d	; 61
     37a:	de b7       	in	r29, 0x3e	; 62
     37c:	e2 e1       	ldi	r30, 0x12	; 18
     37e:	0c 94 a6 22 	jmp	0x454c	; 0x454c <__epilogue_restores__>

00000382 <__subsf3>:
     382:	a0 e2       	ldi	r26, 0x20	; 32
     384:	b0 e0       	ldi	r27, 0x00	; 0
     386:	e7 ec       	ldi	r30, 0xC7	; 199
     388:	f1 e0       	ldi	r31, 0x01	; 1
     38a:	0c 94 96 22 	jmp	0x452c	; 0x452c <__prologue_saves__+0x18>
     38e:	69 83       	std	Y+1, r22	; 0x01
     390:	7a 83       	std	Y+2, r23	; 0x02
     392:	8b 83       	std	Y+3, r24	; 0x03
     394:	9c 83       	std	Y+4, r25	; 0x04
     396:	2d 83       	std	Y+5, r18	; 0x05
     398:	3e 83       	std	Y+6, r19	; 0x06
     39a:	4f 83       	std	Y+7, r20	; 0x07
     39c:	58 87       	std	Y+8, r21	; 0x08
     39e:	e9 e0       	ldi	r30, 0x09	; 9
     3a0:	ee 2e       	mov	r14, r30
     3a2:	f1 2c       	mov	r15, r1
     3a4:	ec 0e       	add	r14, r28
     3a6:	fd 1e       	adc	r15, r29
     3a8:	ce 01       	movw	r24, r28
     3aa:	01 96       	adiw	r24, 0x01	; 1
     3ac:	b7 01       	movw	r22, r14
     3ae:	0e 94 d2 04 	call	0x9a4	; 0x9a4 <__unpack_f>
     3b2:	8e 01       	movw	r16, r28
     3b4:	0f 5e       	subi	r16, 0xEF	; 239
     3b6:	1f 4f       	sbci	r17, 0xFF	; 255
     3b8:	ce 01       	movw	r24, r28
     3ba:	05 96       	adiw	r24, 0x05	; 5
     3bc:	b8 01       	movw	r22, r16
     3be:	0e 94 d2 04 	call	0x9a4	; 0x9a4 <__unpack_f>
     3c2:	8a 89       	ldd	r24, Y+18	; 0x12
     3c4:	91 e0       	ldi	r25, 0x01	; 1
     3c6:	89 27       	eor	r24, r25
     3c8:	8a 8b       	std	Y+18, r24	; 0x12
     3ca:	c7 01       	movw	r24, r14
     3cc:	b8 01       	movw	r22, r16
     3ce:	ae 01       	movw	r20, r28
     3d0:	47 5e       	subi	r20, 0xE7	; 231
     3d2:	5f 4f       	sbci	r21, 0xFF	; 255
     3d4:	0e 94 75 00 	call	0xea	; 0xea <_fpadd_parts>
     3d8:	0e 94 fd 03 	call	0x7fa	; 0x7fa <__pack_f>
     3dc:	a0 96       	adiw	r28, 0x20	; 32
     3de:	e6 e0       	ldi	r30, 0x06	; 6
     3e0:	0c 94 b2 22 	jmp	0x4564	; 0x4564 <__epilogue_restores__+0x18>

000003e4 <__addsf3>:
     3e4:	a0 e2       	ldi	r26, 0x20	; 32
     3e6:	b0 e0       	ldi	r27, 0x00	; 0
     3e8:	e8 ef       	ldi	r30, 0xF8	; 248
     3ea:	f1 e0       	ldi	r31, 0x01	; 1
     3ec:	0c 94 96 22 	jmp	0x452c	; 0x452c <__prologue_saves__+0x18>
     3f0:	69 83       	std	Y+1, r22	; 0x01
     3f2:	7a 83       	std	Y+2, r23	; 0x02
     3f4:	8b 83       	std	Y+3, r24	; 0x03
     3f6:	9c 83       	std	Y+4, r25	; 0x04
     3f8:	2d 83       	std	Y+5, r18	; 0x05
     3fa:	3e 83       	std	Y+6, r19	; 0x06
     3fc:	4f 83       	std	Y+7, r20	; 0x07
     3fe:	58 87       	std	Y+8, r21	; 0x08
     400:	f9 e0       	ldi	r31, 0x09	; 9
     402:	ef 2e       	mov	r14, r31
     404:	f1 2c       	mov	r15, r1
     406:	ec 0e       	add	r14, r28
     408:	fd 1e       	adc	r15, r29
     40a:	ce 01       	movw	r24, r28
     40c:	01 96       	adiw	r24, 0x01	; 1
     40e:	b7 01       	movw	r22, r14
     410:	0e 94 d2 04 	call	0x9a4	; 0x9a4 <__unpack_f>
     414:	8e 01       	movw	r16, r28
     416:	0f 5e       	subi	r16, 0xEF	; 239
     418:	1f 4f       	sbci	r17, 0xFF	; 255
     41a:	ce 01       	movw	r24, r28
     41c:	05 96       	adiw	r24, 0x05	; 5
     41e:	b8 01       	movw	r22, r16
     420:	0e 94 d2 04 	call	0x9a4	; 0x9a4 <__unpack_f>
     424:	c7 01       	movw	r24, r14
     426:	b8 01       	movw	r22, r16
     428:	ae 01       	movw	r20, r28
     42a:	47 5e       	subi	r20, 0xE7	; 231
     42c:	5f 4f       	sbci	r21, 0xFF	; 255
     42e:	0e 94 75 00 	call	0xea	; 0xea <_fpadd_parts>
     432:	0e 94 fd 03 	call	0x7fa	; 0x7fa <__pack_f>
     436:	a0 96       	adiw	r28, 0x20	; 32
     438:	e6 e0       	ldi	r30, 0x06	; 6
     43a:	0c 94 b2 22 	jmp	0x4564	; 0x4564 <__epilogue_restores__+0x18>

0000043e <__mulsf3>:
     43e:	a0 e2       	ldi	r26, 0x20	; 32
     440:	b0 e0       	ldi	r27, 0x00	; 0
     442:	e5 e2       	ldi	r30, 0x25	; 37
     444:	f2 e0       	ldi	r31, 0x02	; 2
     446:	0c 94 8a 22 	jmp	0x4514	; 0x4514 <__prologue_saves__>
     44a:	69 83       	std	Y+1, r22	; 0x01
     44c:	7a 83       	std	Y+2, r23	; 0x02
     44e:	8b 83       	std	Y+3, r24	; 0x03
     450:	9c 83       	std	Y+4, r25	; 0x04
     452:	2d 83       	std	Y+5, r18	; 0x05
     454:	3e 83       	std	Y+6, r19	; 0x06
     456:	4f 83       	std	Y+7, r20	; 0x07
     458:	58 87       	std	Y+8, r21	; 0x08
     45a:	ce 01       	movw	r24, r28
     45c:	01 96       	adiw	r24, 0x01	; 1
     45e:	be 01       	movw	r22, r28
     460:	67 5f       	subi	r22, 0xF7	; 247
     462:	7f 4f       	sbci	r23, 0xFF	; 255
     464:	0e 94 d2 04 	call	0x9a4	; 0x9a4 <__unpack_f>
     468:	ce 01       	movw	r24, r28
     46a:	05 96       	adiw	r24, 0x05	; 5
     46c:	be 01       	movw	r22, r28
     46e:	6f 5e       	subi	r22, 0xEF	; 239
     470:	7f 4f       	sbci	r23, 0xFF	; 255
     472:	0e 94 d2 04 	call	0x9a4	; 0x9a4 <__unpack_f>
     476:	99 85       	ldd	r25, Y+9	; 0x09
     478:	92 30       	cpi	r25, 0x02	; 2
     47a:	88 f0       	brcs	.+34     	; 0x49e <__mulsf3+0x60>
     47c:	89 89       	ldd	r24, Y+17	; 0x11
     47e:	82 30       	cpi	r24, 0x02	; 2
     480:	c8 f0       	brcs	.+50     	; 0x4b4 <__mulsf3+0x76>
     482:	94 30       	cpi	r25, 0x04	; 4
     484:	19 f4       	brne	.+6      	; 0x48c <__mulsf3+0x4e>
     486:	82 30       	cpi	r24, 0x02	; 2
     488:	51 f4       	brne	.+20     	; 0x49e <__mulsf3+0x60>
     48a:	04 c0       	rjmp	.+8      	; 0x494 <__mulsf3+0x56>
     48c:	84 30       	cpi	r24, 0x04	; 4
     48e:	29 f4       	brne	.+10     	; 0x49a <__mulsf3+0x5c>
     490:	92 30       	cpi	r25, 0x02	; 2
     492:	81 f4       	brne	.+32     	; 0x4b4 <__mulsf3+0x76>
     494:	83 ee       	ldi	r24, 0xE3	; 227
     496:	90 e0       	ldi	r25, 0x00	; 0
     498:	c6 c0       	rjmp	.+396    	; 0x626 <__mulsf3+0x1e8>
     49a:	92 30       	cpi	r25, 0x02	; 2
     49c:	49 f4       	brne	.+18     	; 0x4b0 <__mulsf3+0x72>
     49e:	20 e0       	ldi	r18, 0x00	; 0
     4a0:	9a 85       	ldd	r25, Y+10	; 0x0a
     4a2:	8a 89       	ldd	r24, Y+18	; 0x12
     4a4:	98 13       	cpse	r25, r24
     4a6:	21 e0       	ldi	r18, 0x01	; 1
     4a8:	2a 87       	std	Y+10, r18	; 0x0a
     4aa:	ce 01       	movw	r24, r28
     4ac:	09 96       	adiw	r24, 0x09	; 9
     4ae:	bb c0       	rjmp	.+374    	; 0x626 <__mulsf3+0x1e8>
     4b0:	82 30       	cpi	r24, 0x02	; 2
     4b2:	49 f4       	brne	.+18     	; 0x4c6 <__mulsf3+0x88>
     4b4:	20 e0       	ldi	r18, 0x00	; 0
     4b6:	9a 85       	ldd	r25, Y+10	; 0x0a
     4b8:	8a 89       	ldd	r24, Y+18	; 0x12
     4ba:	98 13       	cpse	r25, r24
     4bc:	21 e0       	ldi	r18, 0x01	; 1
     4be:	2a 8b       	std	Y+18, r18	; 0x12
     4c0:	ce 01       	movw	r24, r28
     4c2:	41 96       	adiw	r24, 0x11	; 17
     4c4:	b0 c0       	rjmp	.+352    	; 0x626 <__mulsf3+0x1e8>
     4c6:	2d 84       	ldd	r2, Y+13	; 0x0d
     4c8:	3e 84       	ldd	r3, Y+14	; 0x0e
     4ca:	4f 84       	ldd	r4, Y+15	; 0x0f
     4cc:	58 88       	ldd	r5, Y+16	; 0x10
     4ce:	6d 88       	ldd	r6, Y+21	; 0x15
     4d0:	7e 88       	ldd	r7, Y+22	; 0x16
     4d2:	8f 88       	ldd	r8, Y+23	; 0x17
     4d4:	98 8c       	ldd	r9, Y+24	; 0x18
     4d6:	ee 24       	eor	r14, r14
     4d8:	ff 24       	eor	r15, r15
     4da:	87 01       	movw	r16, r14
     4dc:	aa 24       	eor	r10, r10
     4de:	bb 24       	eor	r11, r11
     4e0:	65 01       	movw	r12, r10
     4e2:	40 e0       	ldi	r20, 0x00	; 0
     4e4:	50 e0       	ldi	r21, 0x00	; 0
     4e6:	60 e0       	ldi	r22, 0x00	; 0
     4e8:	70 e0       	ldi	r23, 0x00	; 0
     4ea:	e0 e0       	ldi	r30, 0x00	; 0
     4ec:	f0 e0       	ldi	r31, 0x00	; 0
     4ee:	c1 01       	movw	r24, r2
     4f0:	81 70       	andi	r24, 0x01	; 1
     4f2:	90 70       	andi	r25, 0x00	; 0
     4f4:	89 2b       	or	r24, r25
     4f6:	e9 f0       	breq	.+58     	; 0x532 <__mulsf3+0xf4>
     4f8:	e6 0c       	add	r14, r6
     4fa:	f7 1c       	adc	r15, r7
     4fc:	08 1d       	adc	r16, r8
     4fe:	19 1d       	adc	r17, r9
     500:	9a 01       	movw	r18, r20
     502:	ab 01       	movw	r20, r22
     504:	2a 0d       	add	r18, r10
     506:	3b 1d       	adc	r19, r11
     508:	4c 1d       	adc	r20, r12
     50a:	5d 1d       	adc	r21, r13
     50c:	80 e0       	ldi	r24, 0x00	; 0
     50e:	90 e0       	ldi	r25, 0x00	; 0
     510:	a0 e0       	ldi	r26, 0x00	; 0
     512:	b0 e0       	ldi	r27, 0x00	; 0
     514:	e6 14       	cp	r14, r6
     516:	f7 04       	cpc	r15, r7
     518:	08 05       	cpc	r16, r8
     51a:	19 05       	cpc	r17, r9
     51c:	20 f4       	brcc	.+8      	; 0x526 <__mulsf3+0xe8>
     51e:	81 e0       	ldi	r24, 0x01	; 1
     520:	90 e0       	ldi	r25, 0x00	; 0
     522:	a0 e0       	ldi	r26, 0x00	; 0
     524:	b0 e0       	ldi	r27, 0x00	; 0
     526:	ba 01       	movw	r22, r20
     528:	a9 01       	movw	r20, r18
     52a:	48 0f       	add	r20, r24
     52c:	59 1f       	adc	r21, r25
     52e:	6a 1f       	adc	r22, r26
     530:	7b 1f       	adc	r23, r27
     532:	aa 0c       	add	r10, r10
     534:	bb 1c       	adc	r11, r11
     536:	cc 1c       	adc	r12, r12
     538:	dd 1c       	adc	r13, r13
     53a:	97 fe       	sbrs	r9, 7
     53c:	08 c0       	rjmp	.+16     	; 0x54e <__mulsf3+0x110>
     53e:	81 e0       	ldi	r24, 0x01	; 1
     540:	90 e0       	ldi	r25, 0x00	; 0
     542:	a0 e0       	ldi	r26, 0x00	; 0
     544:	b0 e0       	ldi	r27, 0x00	; 0
     546:	a8 2a       	or	r10, r24
     548:	b9 2a       	or	r11, r25
     54a:	ca 2a       	or	r12, r26
     54c:	db 2a       	or	r13, r27
     54e:	31 96       	adiw	r30, 0x01	; 1
     550:	e0 32       	cpi	r30, 0x20	; 32
     552:	f1 05       	cpc	r31, r1
     554:	49 f0       	breq	.+18     	; 0x568 <__mulsf3+0x12a>
     556:	66 0c       	add	r6, r6
     558:	77 1c       	adc	r7, r7
     55a:	88 1c       	adc	r8, r8
     55c:	99 1c       	adc	r9, r9
     55e:	56 94       	lsr	r5
     560:	47 94       	ror	r4
     562:	37 94       	ror	r3
     564:	27 94       	ror	r2
     566:	c3 cf       	rjmp	.-122    	; 0x4ee <__mulsf3+0xb0>
     568:	fa 85       	ldd	r31, Y+10	; 0x0a
     56a:	ea 89       	ldd	r30, Y+18	; 0x12
     56c:	2b 89       	ldd	r18, Y+19	; 0x13
     56e:	3c 89       	ldd	r19, Y+20	; 0x14
     570:	8b 85       	ldd	r24, Y+11	; 0x0b
     572:	9c 85       	ldd	r25, Y+12	; 0x0c
     574:	28 0f       	add	r18, r24
     576:	39 1f       	adc	r19, r25
     578:	2e 5f       	subi	r18, 0xFE	; 254
     57a:	3f 4f       	sbci	r19, 0xFF	; 255
     57c:	17 c0       	rjmp	.+46     	; 0x5ac <__mulsf3+0x16e>
     57e:	ca 01       	movw	r24, r20
     580:	81 70       	andi	r24, 0x01	; 1
     582:	90 70       	andi	r25, 0x00	; 0
     584:	89 2b       	or	r24, r25
     586:	61 f0       	breq	.+24     	; 0x5a0 <__mulsf3+0x162>
     588:	16 95       	lsr	r17
     58a:	07 95       	ror	r16
     58c:	f7 94       	ror	r15
     58e:	e7 94       	ror	r14
     590:	80 e0       	ldi	r24, 0x00	; 0
     592:	90 e0       	ldi	r25, 0x00	; 0
     594:	a0 e0       	ldi	r26, 0x00	; 0
     596:	b0 e8       	ldi	r27, 0x80	; 128
     598:	e8 2a       	or	r14, r24
     59a:	f9 2a       	or	r15, r25
     59c:	0a 2b       	or	r16, r26
     59e:	1b 2b       	or	r17, r27
     5a0:	76 95       	lsr	r23
     5a2:	67 95       	ror	r22
     5a4:	57 95       	ror	r21
     5a6:	47 95       	ror	r20
     5a8:	2f 5f       	subi	r18, 0xFF	; 255
     5aa:	3f 4f       	sbci	r19, 0xFF	; 255
     5ac:	77 fd       	sbrc	r23, 7
     5ae:	e7 cf       	rjmp	.-50     	; 0x57e <__mulsf3+0x140>
     5b0:	0c c0       	rjmp	.+24     	; 0x5ca <__mulsf3+0x18c>
     5b2:	44 0f       	add	r20, r20
     5b4:	55 1f       	adc	r21, r21
     5b6:	66 1f       	adc	r22, r22
     5b8:	77 1f       	adc	r23, r23
     5ba:	17 fd       	sbrc	r17, 7
     5bc:	41 60       	ori	r20, 0x01	; 1
     5be:	ee 0c       	add	r14, r14
     5c0:	ff 1c       	adc	r15, r15
     5c2:	00 1f       	adc	r16, r16
     5c4:	11 1f       	adc	r17, r17
     5c6:	21 50       	subi	r18, 0x01	; 1
     5c8:	30 40       	sbci	r19, 0x00	; 0
     5ca:	40 30       	cpi	r20, 0x00	; 0
     5cc:	90 e0       	ldi	r25, 0x00	; 0
     5ce:	59 07       	cpc	r21, r25
     5d0:	90 e0       	ldi	r25, 0x00	; 0
     5d2:	69 07       	cpc	r22, r25
     5d4:	90 e4       	ldi	r25, 0x40	; 64
     5d6:	79 07       	cpc	r23, r25
     5d8:	60 f3       	brcs	.-40     	; 0x5b2 <__mulsf3+0x174>
     5da:	2b 8f       	std	Y+27, r18	; 0x1b
     5dc:	3c 8f       	std	Y+28, r19	; 0x1c
     5de:	db 01       	movw	r26, r22
     5e0:	ca 01       	movw	r24, r20
     5e2:	8f 77       	andi	r24, 0x7F	; 127
     5e4:	90 70       	andi	r25, 0x00	; 0
     5e6:	a0 70       	andi	r26, 0x00	; 0
     5e8:	b0 70       	andi	r27, 0x00	; 0
     5ea:	80 34       	cpi	r24, 0x40	; 64
     5ec:	91 05       	cpc	r25, r1
     5ee:	a1 05       	cpc	r26, r1
     5f0:	b1 05       	cpc	r27, r1
     5f2:	61 f4       	brne	.+24     	; 0x60c <__mulsf3+0x1ce>
     5f4:	47 fd       	sbrc	r20, 7
     5f6:	0a c0       	rjmp	.+20     	; 0x60c <__mulsf3+0x1ce>
     5f8:	e1 14       	cp	r14, r1
     5fa:	f1 04       	cpc	r15, r1
     5fc:	01 05       	cpc	r16, r1
     5fe:	11 05       	cpc	r17, r1
     600:	29 f0       	breq	.+10     	; 0x60c <__mulsf3+0x1ce>
     602:	40 5c       	subi	r20, 0xC0	; 192
     604:	5f 4f       	sbci	r21, 0xFF	; 255
     606:	6f 4f       	sbci	r22, 0xFF	; 255
     608:	7f 4f       	sbci	r23, 0xFF	; 255
     60a:	40 78       	andi	r20, 0x80	; 128
     60c:	1a 8e       	std	Y+26, r1	; 0x1a
     60e:	fe 17       	cp	r31, r30
     610:	11 f0       	breq	.+4      	; 0x616 <__mulsf3+0x1d8>
     612:	81 e0       	ldi	r24, 0x01	; 1
     614:	8a 8f       	std	Y+26, r24	; 0x1a
     616:	4d 8f       	std	Y+29, r20	; 0x1d
     618:	5e 8f       	std	Y+30, r21	; 0x1e
     61a:	6f 8f       	std	Y+31, r22	; 0x1f
     61c:	78 a3       	std	Y+32, r23	; 0x20
     61e:	83 e0       	ldi	r24, 0x03	; 3
     620:	89 8f       	std	Y+25, r24	; 0x19
     622:	ce 01       	movw	r24, r28
     624:	49 96       	adiw	r24, 0x19	; 25
     626:	0e 94 fd 03 	call	0x7fa	; 0x7fa <__pack_f>
     62a:	a0 96       	adiw	r28, 0x20	; 32
     62c:	e2 e1       	ldi	r30, 0x12	; 18
     62e:	0c 94 a6 22 	jmp	0x454c	; 0x454c <__epilogue_restores__>

00000632 <__gtsf2>:
     632:	a8 e1       	ldi	r26, 0x18	; 24
     634:	b0 e0       	ldi	r27, 0x00	; 0
     636:	ef e1       	ldi	r30, 0x1F	; 31
     638:	f3 e0       	ldi	r31, 0x03	; 3
     63a:	0c 94 96 22 	jmp	0x452c	; 0x452c <__prologue_saves__+0x18>
     63e:	69 83       	std	Y+1, r22	; 0x01
     640:	7a 83       	std	Y+2, r23	; 0x02
     642:	8b 83       	std	Y+3, r24	; 0x03
     644:	9c 83       	std	Y+4, r25	; 0x04
     646:	2d 83       	std	Y+5, r18	; 0x05
     648:	3e 83       	std	Y+6, r19	; 0x06
     64a:	4f 83       	std	Y+7, r20	; 0x07
     64c:	58 87       	std	Y+8, r21	; 0x08
     64e:	89 e0       	ldi	r24, 0x09	; 9
     650:	e8 2e       	mov	r14, r24
     652:	f1 2c       	mov	r15, r1
     654:	ec 0e       	add	r14, r28
     656:	fd 1e       	adc	r15, r29
     658:	ce 01       	movw	r24, r28
     65a:	01 96       	adiw	r24, 0x01	; 1
     65c:	b7 01       	movw	r22, r14
     65e:	0e 94 d2 04 	call	0x9a4	; 0x9a4 <__unpack_f>
     662:	8e 01       	movw	r16, r28
     664:	0f 5e       	subi	r16, 0xEF	; 239
     666:	1f 4f       	sbci	r17, 0xFF	; 255
     668:	ce 01       	movw	r24, r28
     66a:	05 96       	adiw	r24, 0x05	; 5
     66c:	b8 01       	movw	r22, r16
     66e:	0e 94 d2 04 	call	0x9a4	; 0x9a4 <__unpack_f>
     672:	89 85       	ldd	r24, Y+9	; 0x09
     674:	82 30       	cpi	r24, 0x02	; 2
     676:	40 f0       	brcs	.+16     	; 0x688 <__gtsf2+0x56>
     678:	89 89       	ldd	r24, Y+17	; 0x11
     67a:	82 30       	cpi	r24, 0x02	; 2
     67c:	28 f0       	brcs	.+10     	; 0x688 <__gtsf2+0x56>
     67e:	c7 01       	movw	r24, r14
     680:	b8 01       	movw	r22, r16
     682:	0e 94 4a 05 	call	0xa94	; 0xa94 <__fpcmp_parts_f>
     686:	01 c0       	rjmp	.+2      	; 0x68a <__gtsf2+0x58>
     688:	8f ef       	ldi	r24, 0xFF	; 255
     68a:	68 96       	adiw	r28, 0x18	; 24
     68c:	e6 e0       	ldi	r30, 0x06	; 6
     68e:	0c 94 b2 22 	jmp	0x4564	; 0x4564 <__epilogue_restores__+0x18>

00000692 <__gesf2>:
     692:	a8 e1       	ldi	r26, 0x18	; 24
     694:	b0 e0       	ldi	r27, 0x00	; 0
     696:	ef e4       	ldi	r30, 0x4F	; 79
     698:	f3 e0       	ldi	r31, 0x03	; 3
     69a:	0c 94 96 22 	jmp	0x452c	; 0x452c <__prologue_saves__+0x18>
     69e:	69 83       	std	Y+1, r22	; 0x01
     6a0:	7a 83       	std	Y+2, r23	; 0x02
     6a2:	8b 83       	std	Y+3, r24	; 0x03
     6a4:	9c 83       	std	Y+4, r25	; 0x04
     6a6:	2d 83       	std	Y+5, r18	; 0x05
     6a8:	3e 83       	std	Y+6, r19	; 0x06
     6aa:	4f 83       	std	Y+7, r20	; 0x07
     6ac:	58 87       	std	Y+8, r21	; 0x08
     6ae:	89 e0       	ldi	r24, 0x09	; 9
     6b0:	e8 2e       	mov	r14, r24
     6b2:	f1 2c       	mov	r15, r1
     6b4:	ec 0e       	add	r14, r28
     6b6:	fd 1e       	adc	r15, r29
     6b8:	ce 01       	movw	r24, r28
     6ba:	01 96       	adiw	r24, 0x01	; 1
     6bc:	b7 01       	movw	r22, r14
     6be:	0e 94 d2 04 	call	0x9a4	; 0x9a4 <__unpack_f>
     6c2:	8e 01       	movw	r16, r28
     6c4:	0f 5e       	subi	r16, 0xEF	; 239
     6c6:	1f 4f       	sbci	r17, 0xFF	; 255
     6c8:	ce 01       	movw	r24, r28
     6ca:	05 96       	adiw	r24, 0x05	; 5
     6cc:	b8 01       	movw	r22, r16
     6ce:	0e 94 d2 04 	call	0x9a4	; 0x9a4 <__unpack_f>
     6d2:	89 85       	ldd	r24, Y+9	; 0x09
     6d4:	82 30       	cpi	r24, 0x02	; 2
     6d6:	40 f0       	brcs	.+16     	; 0x6e8 <__gesf2+0x56>
     6d8:	89 89       	ldd	r24, Y+17	; 0x11
     6da:	82 30       	cpi	r24, 0x02	; 2
     6dc:	28 f0       	brcs	.+10     	; 0x6e8 <__gesf2+0x56>
     6de:	c7 01       	movw	r24, r14
     6e0:	b8 01       	movw	r22, r16
     6e2:	0e 94 4a 05 	call	0xa94	; 0xa94 <__fpcmp_parts_f>
     6e6:	01 c0       	rjmp	.+2      	; 0x6ea <__gesf2+0x58>
     6e8:	8f ef       	ldi	r24, 0xFF	; 255
     6ea:	68 96       	adiw	r28, 0x18	; 24
     6ec:	e6 e0       	ldi	r30, 0x06	; 6
     6ee:	0c 94 b2 22 	jmp	0x4564	; 0x4564 <__epilogue_restores__+0x18>

000006f2 <__ltsf2>:
     6f2:	a8 e1       	ldi	r26, 0x18	; 24
     6f4:	b0 e0       	ldi	r27, 0x00	; 0
     6f6:	ef e7       	ldi	r30, 0x7F	; 127
     6f8:	f3 e0       	ldi	r31, 0x03	; 3
     6fa:	0c 94 96 22 	jmp	0x452c	; 0x452c <__prologue_saves__+0x18>
     6fe:	69 83       	std	Y+1, r22	; 0x01
     700:	7a 83       	std	Y+2, r23	; 0x02
     702:	8b 83       	std	Y+3, r24	; 0x03
     704:	9c 83       	std	Y+4, r25	; 0x04
     706:	2d 83       	std	Y+5, r18	; 0x05
     708:	3e 83       	std	Y+6, r19	; 0x06
     70a:	4f 83       	std	Y+7, r20	; 0x07
     70c:	58 87       	std	Y+8, r21	; 0x08
     70e:	89 e0       	ldi	r24, 0x09	; 9
     710:	e8 2e       	mov	r14, r24
     712:	f1 2c       	mov	r15, r1
     714:	ec 0e       	add	r14, r28
     716:	fd 1e       	adc	r15, r29
     718:	ce 01       	movw	r24, r28
     71a:	01 96       	adiw	r24, 0x01	; 1
     71c:	b7 01       	movw	r22, r14
     71e:	0e 94 d2 04 	call	0x9a4	; 0x9a4 <__unpack_f>
     722:	8e 01       	movw	r16, r28
     724:	0f 5e       	subi	r16, 0xEF	; 239
     726:	1f 4f       	sbci	r17, 0xFF	; 255
     728:	ce 01       	movw	r24, r28
     72a:	05 96       	adiw	r24, 0x05	; 5
     72c:	b8 01       	movw	r22, r16
     72e:	0e 94 d2 04 	call	0x9a4	; 0x9a4 <__unpack_f>
     732:	89 85       	ldd	r24, Y+9	; 0x09
     734:	82 30       	cpi	r24, 0x02	; 2
     736:	40 f0       	brcs	.+16     	; 0x748 <__ltsf2+0x56>
     738:	89 89       	ldd	r24, Y+17	; 0x11
     73a:	82 30       	cpi	r24, 0x02	; 2
     73c:	28 f0       	brcs	.+10     	; 0x748 <__ltsf2+0x56>
     73e:	c7 01       	movw	r24, r14
     740:	b8 01       	movw	r22, r16
     742:	0e 94 4a 05 	call	0xa94	; 0xa94 <__fpcmp_parts_f>
     746:	01 c0       	rjmp	.+2      	; 0x74a <__ltsf2+0x58>
     748:	81 e0       	ldi	r24, 0x01	; 1
     74a:	68 96       	adiw	r28, 0x18	; 24
     74c:	e6 e0       	ldi	r30, 0x06	; 6
     74e:	0c 94 b2 22 	jmp	0x4564	; 0x4564 <__epilogue_restores__+0x18>

00000752 <__fixsfsi>:
     752:	ac e0       	ldi	r26, 0x0C	; 12
     754:	b0 e0       	ldi	r27, 0x00	; 0
     756:	ef ea       	ldi	r30, 0xAF	; 175
     758:	f3 e0       	ldi	r31, 0x03	; 3
     75a:	0c 94 9a 22 	jmp	0x4534	; 0x4534 <__prologue_saves__+0x20>
     75e:	69 83       	std	Y+1, r22	; 0x01
     760:	7a 83       	std	Y+2, r23	; 0x02
     762:	8b 83       	std	Y+3, r24	; 0x03
     764:	9c 83       	std	Y+4, r25	; 0x04
     766:	ce 01       	movw	r24, r28
     768:	01 96       	adiw	r24, 0x01	; 1
     76a:	be 01       	movw	r22, r28
     76c:	6b 5f       	subi	r22, 0xFB	; 251
     76e:	7f 4f       	sbci	r23, 0xFF	; 255
     770:	0e 94 d2 04 	call	0x9a4	; 0x9a4 <__unpack_f>
     774:	8d 81       	ldd	r24, Y+5	; 0x05
     776:	82 30       	cpi	r24, 0x02	; 2
     778:	61 f1       	breq	.+88     	; 0x7d2 <__fixsfsi+0x80>
     77a:	82 30       	cpi	r24, 0x02	; 2
     77c:	50 f1       	brcs	.+84     	; 0x7d2 <__fixsfsi+0x80>
     77e:	84 30       	cpi	r24, 0x04	; 4
     780:	21 f4       	brne	.+8      	; 0x78a <__fixsfsi+0x38>
     782:	8e 81       	ldd	r24, Y+6	; 0x06
     784:	88 23       	and	r24, r24
     786:	51 f1       	breq	.+84     	; 0x7dc <__fixsfsi+0x8a>
     788:	2e c0       	rjmp	.+92     	; 0x7e6 <__fixsfsi+0x94>
     78a:	2f 81       	ldd	r18, Y+7	; 0x07
     78c:	38 85       	ldd	r19, Y+8	; 0x08
     78e:	37 fd       	sbrc	r19, 7
     790:	20 c0       	rjmp	.+64     	; 0x7d2 <__fixsfsi+0x80>
     792:	6e 81       	ldd	r22, Y+6	; 0x06
     794:	2f 31       	cpi	r18, 0x1F	; 31
     796:	31 05       	cpc	r19, r1
     798:	1c f0       	brlt	.+6      	; 0x7a0 <__fixsfsi+0x4e>
     79a:	66 23       	and	r22, r22
     79c:	f9 f0       	breq	.+62     	; 0x7dc <__fixsfsi+0x8a>
     79e:	23 c0       	rjmp	.+70     	; 0x7e6 <__fixsfsi+0x94>
     7a0:	8e e1       	ldi	r24, 0x1E	; 30
     7a2:	90 e0       	ldi	r25, 0x00	; 0
     7a4:	82 1b       	sub	r24, r18
     7a6:	93 0b       	sbc	r25, r19
     7a8:	29 85       	ldd	r18, Y+9	; 0x09
     7aa:	3a 85       	ldd	r19, Y+10	; 0x0a
     7ac:	4b 85       	ldd	r20, Y+11	; 0x0b
     7ae:	5c 85       	ldd	r21, Y+12	; 0x0c
     7b0:	04 c0       	rjmp	.+8      	; 0x7ba <__fixsfsi+0x68>
     7b2:	56 95       	lsr	r21
     7b4:	47 95       	ror	r20
     7b6:	37 95       	ror	r19
     7b8:	27 95       	ror	r18
     7ba:	8a 95       	dec	r24
     7bc:	d2 f7       	brpl	.-12     	; 0x7b2 <__fixsfsi+0x60>
     7be:	66 23       	and	r22, r22
     7c0:	b1 f0       	breq	.+44     	; 0x7ee <__fixsfsi+0x9c>
     7c2:	50 95       	com	r21
     7c4:	40 95       	com	r20
     7c6:	30 95       	com	r19
     7c8:	21 95       	neg	r18
     7ca:	3f 4f       	sbci	r19, 0xFF	; 255
     7cc:	4f 4f       	sbci	r20, 0xFF	; 255
     7ce:	5f 4f       	sbci	r21, 0xFF	; 255
     7d0:	0e c0       	rjmp	.+28     	; 0x7ee <__fixsfsi+0x9c>
     7d2:	20 e0       	ldi	r18, 0x00	; 0
     7d4:	30 e0       	ldi	r19, 0x00	; 0
     7d6:	40 e0       	ldi	r20, 0x00	; 0
     7d8:	50 e0       	ldi	r21, 0x00	; 0
     7da:	09 c0       	rjmp	.+18     	; 0x7ee <__fixsfsi+0x9c>
     7dc:	2f ef       	ldi	r18, 0xFF	; 255
     7de:	3f ef       	ldi	r19, 0xFF	; 255
     7e0:	4f ef       	ldi	r20, 0xFF	; 255
     7e2:	5f e7       	ldi	r21, 0x7F	; 127
     7e4:	04 c0       	rjmp	.+8      	; 0x7ee <__fixsfsi+0x9c>
     7e6:	20 e0       	ldi	r18, 0x00	; 0
     7e8:	30 e0       	ldi	r19, 0x00	; 0
     7ea:	40 e0       	ldi	r20, 0x00	; 0
     7ec:	50 e8       	ldi	r21, 0x80	; 128
     7ee:	b9 01       	movw	r22, r18
     7f0:	ca 01       	movw	r24, r20
     7f2:	2c 96       	adiw	r28, 0x0c	; 12
     7f4:	e2 e0       	ldi	r30, 0x02	; 2
     7f6:	0c 94 b6 22 	jmp	0x456c	; 0x456c <__epilogue_restores__+0x20>

000007fa <__pack_f>:
     7fa:	df 92       	push	r13
     7fc:	ef 92       	push	r14
     7fe:	ff 92       	push	r15
     800:	0f 93       	push	r16
     802:	1f 93       	push	r17
     804:	fc 01       	movw	r30, r24
     806:	e4 80       	ldd	r14, Z+4	; 0x04
     808:	f5 80       	ldd	r15, Z+5	; 0x05
     80a:	06 81       	ldd	r16, Z+6	; 0x06
     80c:	17 81       	ldd	r17, Z+7	; 0x07
     80e:	d1 80       	ldd	r13, Z+1	; 0x01
     810:	80 81       	ld	r24, Z
     812:	82 30       	cpi	r24, 0x02	; 2
     814:	48 f4       	brcc	.+18     	; 0x828 <__pack_f+0x2e>
     816:	80 e0       	ldi	r24, 0x00	; 0
     818:	90 e0       	ldi	r25, 0x00	; 0
     81a:	a0 e1       	ldi	r26, 0x10	; 16
     81c:	b0 e0       	ldi	r27, 0x00	; 0
     81e:	e8 2a       	or	r14, r24
     820:	f9 2a       	or	r15, r25
     822:	0a 2b       	or	r16, r26
     824:	1b 2b       	or	r17, r27
     826:	a5 c0       	rjmp	.+330    	; 0x972 <__stack+0x113>
     828:	84 30       	cpi	r24, 0x04	; 4
     82a:	09 f4       	brne	.+2      	; 0x82e <__pack_f+0x34>
     82c:	9f c0       	rjmp	.+318    	; 0x96c <__stack+0x10d>
     82e:	82 30       	cpi	r24, 0x02	; 2
     830:	21 f4       	brne	.+8      	; 0x83a <__pack_f+0x40>
     832:	ee 24       	eor	r14, r14
     834:	ff 24       	eor	r15, r15
     836:	87 01       	movw	r16, r14
     838:	05 c0       	rjmp	.+10     	; 0x844 <__pack_f+0x4a>
     83a:	e1 14       	cp	r14, r1
     83c:	f1 04       	cpc	r15, r1
     83e:	01 05       	cpc	r16, r1
     840:	11 05       	cpc	r17, r1
     842:	19 f4       	brne	.+6      	; 0x84a <__pack_f+0x50>
     844:	e0 e0       	ldi	r30, 0x00	; 0
     846:	f0 e0       	ldi	r31, 0x00	; 0
     848:	96 c0       	rjmp	.+300    	; 0x976 <__stack+0x117>
     84a:	62 81       	ldd	r22, Z+2	; 0x02
     84c:	73 81       	ldd	r23, Z+3	; 0x03
     84e:	9f ef       	ldi	r25, 0xFF	; 255
     850:	62 38       	cpi	r22, 0x82	; 130
     852:	79 07       	cpc	r23, r25
     854:	0c f0       	brlt	.+2      	; 0x858 <__pack_f+0x5e>
     856:	5b c0       	rjmp	.+182    	; 0x90e <__stack+0xaf>
     858:	22 e8       	ldi	r18, 0x82	; 130
     85a:	3f ef       	ldi	r19, 0xFF	; 255
     85c:	26 1b       	sub	r18, r22
     85e:	37 0b       	sbc	r19, r23
     860:	2a 31       	cpi	r18, 0x1A	; 26
     862:	31 05       	cpc	r19, r1
     864:	2c f0       	brlt	.+10     	; 0x870 <__stack+0x11>
     866:	20 e0       	ldi	r18, 0x00	; 0
     868:	30 e0       	ldi	r19, 0x00	; 0
     86a:	40 e0       	ldi	r20, 0x00	; 0
     86c:	50 e0       	ldi	r21, 0x00	; 0
     86e:	2a c0       	rjmp	.+84     	; 0x8c4 <__stack+0x65>
     870:	b8 01       	movw	r22, r16
     872:	a7 01       	movw	r20, r14
     874:	02 2e       	mov	r0, r18
     876:	04 c0       	rjmp	.+8      	; 0x880 <__stack+0x21>
     878:	76 95       	lsr	r23
     87a:	67 95       	ror	r22
     87c:	57 95       	ror	r21
     87e:	47 95       	ror	r20
     880:	0a 94       	dec	r0
     882:	d2 f7       	brpl	.-12     	; 0x878 <__stack+0x19>
     884:	81 e0       	ldi	r24, 0x01	; 1
     886:	90 e0       	ldi	r25, 0x00	; 0
     888:	a0 e0       	ldi	r26, 0x00	; 0
     88a:	b0 e0       	ldi	r27, 0x00	; 0
     88c:	04 c0       	rjmp	.+8      	; 0x896 <__stack+0x37>
     88e:	88 0f       	add	r24, r24
     890:	99 1f       	adc	r25, r25
     892:	aa 1f       	adc	r26, r26
     894:	bb 1f       	adc	r27, r27
     896:	2a 95       	dec	r18
     898:	d2 f7       	brpl	.-12     	; 0x88e <__stack+0x2f>
     89a:	01 97       	sbiw	r24, 0x01	; 1
     89c:	a1 09       	sbc	r26, r1
     89e:	b1 09       	sbc	r27, r1
     8a0:	8e 21       	and	r24, r14
     8a2:	9f 21       	and	r25, r15
     8a4:	a0 23       	and	r26, r16
     8a6:	b1 23       	and	r27, r17
     8a8:	00 97       	sbiw	r24, 0x00	; 0
     8aa:	a1 05       	cpc	r26, r1
     8ac:	b1 05       	cpc	r27, r1
     8ae:	21 f0       	breq	.+8      	; 0x8b8 <__stack+0x59>
     8b0:	81 e0       	ldi	r24, 0x01	; 1
     8b2:	90 e0       	ldi	r25, 0x00	; 0
     8b4:	a0 e0       	ldi	r26, 0x00	; 0
     8b6:	b0 e0       	ldi	r27, 0x00	; 0
     8b8:	9a 01       	movw	r18, r20
     8ba:	ab 01       	movw	r20, r22
     8bc:	28 2b       	or	r18, r24
     8be:	39 2b       	or	r19, r25
     8c0:	4a 2b       	or	r20, r26
     8c2:	5b 2b       	or	r21, r27
     8c4:	da 01       	movw	r26, r20
     8c6:	c9 01       	movw	r24, r18
     8c8:	8f 77       	andi	r24, 0x7F	; 127
     8ca:	90 70       	andi	r25, 0x00	; 0
     8cc:	a0 70       	andi	r26, 0x00	; 0
     8ce:	b0 70       	andi	r27, 0x00	; 0
     8d0:	80 34       	cpi	r24, 0x40	; 64
     8d2:	91 05       	cpc	r25, r1
     8d4:	a1 05       	cpc	r26, r1
     8d6:	b1 05       	cpc	r27, r1
     8d8:	39 f4       	brne	.+14     	; 0x8e8 <__stack+0x89>
     8da:	27 ff       	sbrs	r18, 7
     8dc:	09 c0       	rjmp	.+18     	; 0x8f0 <__stack+0x91>
     8de:	20 5c       	subi	r18, 0xC0	; 192
     8e0:	3f 4f       	sbci	r19, 0xFF	; 255
     8e2:	4f 4f       	sbci	r20, 0xFF	; 255
     8e4:	5f 4f       	sbci	r21, 0xFF	; 255
     8e6:	04 c0       	rjmp	.+8      	; 0x8f0 <__stack+0x91>
     8e8:	21 5c       	subi	r18, 0xC1	; 193
     8ea:	3f 4f       	sbci	r19, 0xFF	; 255
     8ec:	4f 4f       	sbci	r20, 0xFF	; 255
     8ee:	5f 4f       	sbci	r21, 0xFF	; 255
     8f0:	e0 e0       	ldi	r30, 0x00	; 0
     8f2:	f0 e0       	ldi	r31, 0x00	; 0
     8f4:	20 30       	cpi	r18, 0x00	; 0
     8f6:	a0 e0       	ldi	r26, 0x00	; 0
     8f8:	3a 07       	cpc	r19, r26
     8fa:	a0 e0       	ldi	r26, 0x00	; 0
     8fc:	4a 07       	cpc	r20, r26
     8fe:	a0 e4       	ldi	r26, 0x40	; 64
     900:	5a 07       	cpc	r21, r26
     902:	10 f0       	brcs	.+4      	; 0x908 <__stack+0xa9>
     904:	e1 e0       	ldi	r30, 0x01	; 1
     906:	f0 e0       	ldi	r31, 0x00	; 0
     908:	79 01       	movw	r14, r18
     90a:	8a 01       	movw	r16, r20
     90c:	27 c0       	rjmp	.+78     	; 0x95c <__stack+0xfd>
     90e:	60 38       	cpi	r22, 0x80	; 128
     910:	71 05       	cpc	r23, r1
     912:	64 f5       	brge	.+88     	; 0x96c <__stack+0x10d>
     914:	fb 01       	movw	r30, r22
     916:	e1 58       	subi	r30, 0x81	; 129
     918:	ff 4f       	sbci	r31, 0xFF	; 255
     91a:	d8 01       	movw	r26, r16
     91c:	c7 01       	movw	r24, r14
     91e:	8f 77       	andi	r24, 0x7F	; 127
     920:	90 70       	andi	r25, 0x00	; 0
     922:	a0 70       	andi	r26, 0x00	; 0
     924:	b0 70       	andi	r27, 0x00	; 0
     926:	80 34       	cpi	r24, 0x40	; 64
     928:	91 05       	cpc	r25, r1
     92a:	a1 05       	cpc	r26, r1
     92c:	b1 05       	cpc	r27, r1
     92e:	39 f4       	brne	.+14     	; 0x93e <__stack+0xdf>
     930:	e7 fe       	sbrs	r14, 7
     932:	0d c0       	rjmp	.+26     	; 0x94e <__stack+0xef>
     934:	80 e4       	ldi	r24, 0x40	; 64
     936:	90 e0       	ldi	r25, 0x00	; 0
     938:	a0 e0       	ldi	r26, 0x00	; 0
     93a:	b0 e0       	ldi	r27, 0x00	; 0
     93c:	04 c0       	rjmp	.+8      	; 0x946 <__stack+0xe7>
     93e:	8f e3       	ldi	r24, 0x3F	; 63
     940:	90 e0       	ldi	r25, 0x00	; 0
     942:	a0 e0       	ldi	r26, 0x00	; 0
     944:	b0 e0       	ldi	r27, 0x00	; 0
     946:	e8 0e       	add	r14, r24
     948:	f9 1e       	adc	r15, r25
     94a:	0a 1f       	adc	r16, r26
     94c:	1b 1f       	adc	r17, r27
     94e:	17 ff       	sbrs	r17, 7
     950:	05 c0       	rjmp	.+10     	; 0x95c <__stack+0xfd>
     952:	16 95       	lsr	r17
     954:	07 95       	ror	r16
     956:	f7 94       	ror	r15
     958:	e7 94       	ror	r14
     95a:	31 96       	adiw	r30, 0x01	; 1
     95c:	87 e0       	ldi	r24, 0x07	; 7
     95e:	16 95       	lsr	r17
     960:	07 95       	ror	r16
     962:	f7 94       	ror	r15
     964:	e7 94       	ror	r14
     966:	8a 95       	dec	r24
     968:	d1 f7       	brne	.-12     	; 0x95e <__stack+0xff>
     96a:	05 c0       	rjmp	.+10     	; 0x976 <__stack+0x117>
     96c:	ee 24       	eor	r14, r14
     96e:	ff 24       	eor	r15, r15
     970:	87 01       	movw	r16, r14
     972:	ef ef       	ldi	r30, 0xFF	; 255
     974:	f0 e0       	ldi	r31, 0x00	; 0
     976:	6e 2f       	mov	r22, r30
     978:	67 95       	ror	r22
     97a:	66 27       	eor	r22, r22
     97c:	67 95       	ror	r22
     97e:	90 2f       	mov	r25, r16
     980:	9f 77       	andi	r25, 0x7F	; 127
     982:	d7 94       	ror	r13
     984:	dd 24       	eor	r13, r13
     986:	d7 94       	ror	r13
     988:	8e 2f       	mov	r24, r30
     98a:	86 95       	lsr	r24
     98c:	49 2f       	mov	r20, r25
     98e:	46 2b       	or	r20, r22
     990:	58 2f       	mov	r21, r24
     992:	5d 29       	or	r21, r13
     994:	b7 01       	movw	r22, r14
     996:	ca 01       	movw	r24, r20
     998:	1f 91       	pop	r17
     99a:	0f 91       	pop	r16
     99c:	ff 90       	pop	r15
     99e:	ef 90       	pop	r14
     9a0:	df 90       	pop	r13
     9a2:	08 95       	ret

000009a4 <__unpack_f>:
     9a4:	fc 01       	movw	r30, r24
     9a6:	db 01       	movw	r26, r22
     9a8:	40 81       	ld	r20, Z
     9aa:	51 81       	ldd	r21, Z+1	; 0x01
     9ac:	22 81       	ldd	r18, Z+2	; 0x02
     9ae:	62 2f       	mov	r22, r18
     9b0:	6f 77       	andi	r22, 0x7F	; 127
     9b2:	70 e0       	ldi	r23, 0x00	; 0
     9b4:	22 1f       	adc	r18, r18
     9b6:	22 27       	eor	r18, r18
     9b8:	22 1f       	adc	r18, r18
     9ba:	93 81       	ldd	r25, Z+3	; 0x03
     9bc:	89 2f       	mov	r24, r25
     9be:	88 0f       	add	r24, r24
     9c0:	82 2b       	or	r24, r18
     9c2:	28 2f       	mov	r18, r24
     9c4:	30 e0       	ldi	r19, 0x00	; 0
     9c6:	99 1f       	adc	r25, r25
     9c8:	99 27       	eor	r25, r25
     9ca:	99 1f       	adc	r25, r25
     9cc:	11 96       	adiw	r26, 0x01	; 1
     9ce:	9c 93       	st	X, r25
     9d0:	11 97       	sbiw	r26, 0x01	; 1
     9d2:	21 15       	cp	r18, r1
     9d4:	31 05       	cpc	r19, r1
     9d6:	a9 f5       	brne	.+106    	; 0xa42 <__unpack_f+0x9e>
     9d8:	41 15       	cp	r20, r1
     9da:	51 05       	cpc	r21, r1
     9dc:	61 05       	cpc	r22, r1
     9de:	71 05       	cpc	r23, r1
     9e0:	11 f4       	brne	.+4      	; 0x9e6 <__unpack_f+0x42>
     9e2:	82 e0       	ldi	r24, 0x02	; 2
     9e4:	37 c0       	rjmp	.+110    	; 0xa54 <__unpack_f+0xb0>
     9e6:	82 e8       	ldi	r24, 0x82	; 130
     9e8:	9f ef       	ldi	r25, 0xFF	; 255
     9ea:	13 96       	adiw	r26, 0x03	; 3
     9ec:	9c 93       	st	X, r25
     9ee:	8e 93       	st	-X, r24
     9f0:	12 97       	sbiw	r26, 0x02	; 2
     9f2:	9a 01       	movw	r18, r20
     9f4:	ab 01       	movw	r20, r22
     9f6:	67 e0       	ldi	r22, 0x07	; 7
     9f8:	22 0f       	add	r18, r18
     9fa:	33 1f       	adc	r19, r19
     9fc:	44 1f       	adc	r20, r20
     9fe:	55 1f       	adc	r21, r21
     a00:	6a 95       	dec	r22
     a02:	d1 f7       	brne	.-12     	; 0x9f8 <__unpack_f+0x54>
     a04:	83 e0       	ldi	r24, 0x03	; 3
     a06:	8c 93       	st	X, r24
     a08:	0d c0       	rjmp	.+26     	; 0xa24 <__unpack_f+0x80>
     a0a:	22 0f       	add	r18, r18
     a0c:	33 1f       	adc	r19, r19
     a0e:	44 1f       	adc	r20, r20
     a10:	55 1f       	adc	r21, r21
     a12:	12 96       	adiw	r26, 0x02	; 2
     a14:	8d 91       	ld	r24, X+
     a16:	9c 91       	ld	r25, X
     a18:	13 97       	sbiw	r26, 0x03	; 3
     a1a:	01 97       	sbiw	r24, 0x01	; 1
     a1c:	13 96       	adiw	r26, 0x03	; 3
     a1e:	9c 93       	st	X, r25
     a20:	8e 93       	st	-X, r24
     a22:	12 97       	sbiw	r26, 0x02	; 2
     a24:	20 30       	cpi	r18, 0x00	; 0
     a26:	80 e0       	ldi	r24, 0x00	; 0
     a28:	38 07       	cpc	r19, r24
     a2a:	80 e0       	ldi	r24, 0x00	; 0
     a2c:	48 07       	cpc	r20, r24
     a2e:	80 e4       	ldi	r24, 0x40	; 64
     a30:	58 07       	cpc	r21, r24
     a32:	58 f3       	brcs	.-42     	; 0xa0a <__unpack_f+0x66>
     a34:	14 96       	adiw	r26, 0x04	; 4
     a36:	2d 93       	st	X+, r18
     a38:	3d 93       	st	X+, r19
     a3a:	4d 93       	st	X+, r20
     a3c:	5c 93       	st	X, r21
     a3e:	17 97       	sbiw	r26, 0x07	; 7
     a40:	08 95       	ret
     a42:	2f 3f       	cpi	r18, 0xFF	; 255
     a44:	31 05       	cpc	r19, r1
     a46:	79 f4       	brne	.+30     	; 0xa66 <__unpack_f+0xc2>
     a48:	41 15       	cp	r20, r1
     a4a:	51 05       	cpc	r21, r1
     a4c:	61 05       	cpc	r22, r1
     a4e:	71 05       	cpc	r23, r1
     a50:	19 f4       	brne	.+6      	; 0xa58 <__unpack_f+0xb4>
     a52:	84 e0       	ldi	r24, 0x04	; 4
     a54:	8c 93       	st	X, r24
     a56:	08 95       	ret
     a58:	64 ff       	sbrs	r22, 4
     a5a:	03 c0       	rjmp	.+6      	; 0xa62 <__unpack_f+0xbe>
     a5c:	81 e0       	ldi	r24, 0x01	; 1
     a5e:	8c 93       	st	X, r24
     a60:	12 c0       	rjmp	.+36     	; 0xa86 <__unpack_f+0xe2>
     a62:	1c 92       	st	X, r1
     a64:	10 c0       	rjmp	.+32     	; 0xa86 <__unpack_f+0xe2>
     a66:	2f 57       	subi	r18, 0x7F	; 127
     a68:	30 40       	sbci	r19, 0x00	; 0
     a6a:	13 96       	adiw	r26, 0x03	; 3
     a6c:	3c 93       	st	X, r19
     a6e:	2e 93       	st	-X, r18
     a70:	12 97       	sbiw	r26, 0x02	; 2
     a72:	83 e0       	ldi	r24, 0x03	; 3
     a74:	8c 93       	st	X, r24
     a76:	87 e0       	ldi	r24, 0x07	; 7
     a78:	44 0f       	add	r20, r20
     a7a:	55 1f       	adc	r21, r21
     a7c:	66 1f       	adc	r22, r22
     a7e:	77 1f       	adc	r23, r23
     a80:	8a 95       	dec	r24
     a82:	d1 f7       	brne	.-12     	; 0xa78 <__unpack_f+0xd4>
     a84:	70 64       	ori	r23, 0x40	; 64
     a86:	14 96       	adiw	r26, 0x04	; 4
     a88:	4d 93       	st	X+, r20
     a8a:	5d 93       	st	X+, r21
     a8c:	6d 93       	st	X+, r22
     a8e:	7c 93       	st	X, r23
     a90:	17 97       	sbiw	r26, 0x07	; 7
     a92:	08 95       	ret

00000a94 <__fpcmp_parts_f>:
     a94:	1f 93       	push	r17
     a96:	dc 01       	movw	r26, r24
     a98:	fb 01       	movw	r30, r22
     a9a:	9c 91       	ld	r25, X
     a9c:	92 30       	cpi	r25, 0x02	; 2
     a9e:	08 f4       	brcc	.+2      	; 0xaa2 <__fpcmp_parts_f+0xe>
     aa0:	47 c0       	rjmp	.+142    	; 0xb30 <__fpcmp_parts_f+0x9c>
     aa2:	80 81       	ld	r24, Z
     aa4:	82 30       	cpi	r24, 0x02	; 2
     aa6:	08 f4       	brcc	.+2      	; 0xaaa <__fpcmp_parts_f+0x16>
     aa8:	43 c0       	rjmp	.+134    	; 0xb30 <__fpcmp_parts_f+0x9c>
     aaa:	94 30       	cpi	r25, 0x04	; 4
     aac:	51 f4       	brne	.+20     	; 0xac2 <__fpcmp_parts_f+0x2e>
     aae:	11 96       	adiw	r26, 0x01	; 1
     ab0:	1c 91       	ld	r17, X
     ab2:	84 30       	cpi	r24, 0x04	; 4
     ab4:	99 f5       	brne	.+102    	; 0xb1c <__fpcmp_parts_f+0x88>
     ab6:	81 81       	ldd	r24, Z+1	; 0x01
     ab8:	68 2f       	mov	r22, r24
     aba:	70 e0       	ldi	r23, 0x00	; 0
     abc:	61 1b       	sub	r22, r17
     abe:	71 09       	sbc	r23, r1
     ac0:	3f c0       	rjmp	.+126    	; 0xb40 <__fpcmp_parts_f+0xac>
     ac2:	84 30       	cpi	r24, 0x04	; 4
     ac4:	21 f0       	breq	.+8      	; 0xace <__fpcmp_parts_f+0x3a>
     ac6:	92 30       	cpi	r25, 0x02	; 2
     ac8:	31 f4       	brne	.+12     	; 0xad6 <__fpcmp_parts_f+0x42>
     aca:	82 30       	cpi	r24, 0x02	; 2
     acc:	b9 f1       	breq	.+110    	; 0xb3c <__fpcmp_parts_f+0xa8>
     ace:	81 81       	ldd	r24, Z+1	; 0x01
     ad0:	88 23       	and	r24, r24
     ad2:	89 f1       	breq	.+98     	; 0xb36 <__fpcmp_parts_f+0xa2>
     ad4:	2d c0       	rjmp	.+90     	; 0xb30 <__fpcmp_parts_f+0x9c>
     ad6:	11 96       	adiw	r26, 0x01	; 1
     ad8:	1c 91       	ld	r17, X
     ada:	11 97       	sbiw	r26, 0x01	; 1
     adc:	82 30       	cpi	r24, 0x02	; 2
     ade:	f1 f0       	breq	.+60     	; 0xb1c <__fpcmp_parts_f+0x88>
     ae0:	81 81       	ldd	r24, Z+1	; 0x01
     ae2:	18 17       	cp	r17, r24
     ae4:	d9 f4       	brne	.+54     	; 0xb1c <__fpcmp_parts_f+0x88>
     ae6:	12 96       	adiw	r26, 0x02	; 2
     ae8:	2d 91       	ld	r18, X+
     aea:	3c 91       	ld	r19, X
     aec:	13 97       	sbiw	r26, 0x03	; 3
     aee:	82 81       	ldd	r24, Z+2	; 0x02
     af0:	93 81       	ldd	r25, Z+3	; 0x03
     af2:	82 17       	cp	r24, r18
     af4:	93 07       	cpc	r25, r19
     af6:	94 f0       	brlt	.+36     	; 0xb1c <__fpcmp_parts_f+0x88>
     af8:	28 17       	cp	r18, r24
     afa:	39 07       	cpc	r19, r25
     afc:	bc f0       	brlt	.+46     	; 0xb2c <__fpcmp_parts_f+0x98>
     afe:	14 96       	adiw	r26, 0x04	; 4
     b00:	8d 91       	ld	r24, X+
     b02:	9d 91       	ld	r25, X+
     b04:	0d 90       	ld	r0, X+
     b06:	bc 91       	ld	r27, X
     b08:	a0 2d       	mov	r26, r0
     b0a:	24 81       	ldd	r18, Z+4	; 0x04
     b0c:	35 81       	ldd	r19, Z+5	; 0x05
     b0e:	46 81       	ldd	r20, Z+6	; 0x06
     b10:	57 81       	ldd	r21, Z+7	; 0x07
     b12:	28 17       	cp	r18, r24
     b14:	39 07       	cpc	r19, r25
     b16:	4a 07       	cpc	r20, r26
     b18:	5b 07       	cpc	r21, r27
     b1a:	18 f4       	brcc	.+6      	; 0xb22 <__fpcmp_parts_f+0x8e>
     b1c:	11 23       	and	r17, r17
     b1e:	41 f0       	breq	.+16     	; 0xb30 <__fpcmp_parts_f+0x9c>
     b20:	0a c0       	rjmp	.+20     	; 0xb36 <__fpcmp_parts_f+0xa2>
     b22:	82 17       	cp	r24, r18
     b24:	93 07       	cpc	r25, r19
     b26:	a4 07       	cpc	r26, r20
     b28:	b5 07       	cpc	r27, r21
     b2a:	40 f4       	brcc	.+16     	; 0xb3c <__fpcmp_parts_f+0xa8>
     b2c:	11 23       	and	r17, r17
     b2e:	19 f0       	breq	.+6      	; 0xb36 <__fpcmp_parts_f+0xa2>
     b30:	61 e0       	ldi	r22, 0x01	; 1
     b32:	70 e0       	ldi	r23, 0x00	; 0
     b34:	05 c0       	rjmp	.+10     	; 0xb40 <__fpcmp_parts_f+0xac>
     b36:	6f ef       	ldi	r22, 0xFF	; 255
     b38:	7f ef       	ldi	r23, 0xFF	; 255
     b3a:	02 c0       	rjmp	.+4      	; 0xb40 <__fpcmp_parts_f+0xac>
     b3c:	60 e0       	ldi	r22, 0x00	; 0
     b3e:	70 e0       	ldi	r23, 0x00	; 0
     b40:	cb 01       	movw	r24, r22
     b42:	1f 91       	pop	r17
     b44:	08 95       	ret

00000b46 <MEEPROM_voidWrite>:
#include "../../LIB/BitMath.h"
#include "../../LIB/StdTypes.h"
#include "EEPROM.h"

void MEEPROM_voidWrite (u16 A_u16Address , u8 A_u8Data)
{
     b46:	df 93       	push	r29
     b48:	cf 93       	push	r28
     b4a:	00 d0       	rcall	.+0      	; 0xb4c <MEEPROM_voidWrite+0x6>
     b4c:	0f 92       	push	r0
     b4e:	cd b7       	in	r28, 0x3d	; 61
     b50:	de b7       	in	r29, 0x3e	; 62
     b52:	9a 83       	std	Y+2, r25	; 0x02
     b54:	89 83       	std	Y+1, r24	; 0x01
     b56:	6b 83       	std	Y+3, r22	; 0x03
	EEAR = A_u16Address ;
     b58:	ee e3       	ldi	r30, 0x3E	; 62
     b5a:	f0 e0       	ldi	r31, 0x00	; 0
     b5c:	89 81       	ldd	r24, Y+1	; 0x01
     b5e:	9a 81       	ldd	r25, Y+2	; 0x02
     b60:	91 83       	std	Z+1, r25	; 0x01
     b62:	80 83       	st	Z, r24
	EEDR = A_u8Data ;
     b64:	ed e3       	ldi	r30, 0x3D	; 61
     b66:	f0 e0       	ldi	r31, 0x00	; 0
     b68:	8b 81       	ldd	r24, Y+3	; 0x03
     b6a:	80 83       	st	Z, r24

	SET_BIT(EECR , 2) ;
     b6c:	ac e3       	ldi	r26, 0x3C	; 60
     b6e:	b0 e0       	ldi	r27, 0x00	; 0
     b70:	ec e3       	ldi	r30, 0x3C	; 60
     b72:	f0 e0       	ldi	r31, 0x00	; 0
     b74:	80 81       	ld	r24, Z
     b76:	84 60       	ori	r24, 0x04	; 4
     b78:	8c 93       	st	X, r24

	SET_BIT(EECR , 1) ;
     b7a:	ac e3       	ldi	r26, 0x3C	; 60
     b7c:	b0 e0       	ldi	r27, 0x00	; 0
     b7e:	ec e3       	ldi	r30, 0x3C	; 60
     b80:	f0 e0       	ldi	r31, 0x00	; 0
     b82:	80 81       	ld	r24, Z
     b84:	82 60       	ori	r24, 0x02	; 2
     b86:	8c 93       	st	X, r24

	while (READ_BIT(EECR , 1) == 1) ;
     b88:	ec e3       	ldi	r30, 0x3C	; 60
     b8a:	f0 e0       	ldi	r31, 0x00	; 0
     b8c:	80 81       	ld	r24, Z
     b8e:	88 2f       	mov	r24, r24
     b90:	90 e0       	ldi	r25, 0x00	; 0
     b92:	82 70       	andi	r24, 0x02	; 2
     b94:	90 70       	andi	r25, 0x00	; 0
     b96:	95 95       	asr	r25
     b98:	87 95       	ror	r24
     b9a:	81 30       	cpi	r24, 0x01	; 1
     b9c:	91 05       	cpc	r25, r1
     b9e:	a1 f3       	breq	.-24     	; 0xb88 <MEEPROM_voidWrite+0x42>
}
     ba0:	0f 90       	pop	r0
     ba2:	0f 90       	pop	r0
     ba4:	0f 90       	pop	r0
     ba6:	cf 91       	pop	r28
     ba8:	df 91       	pop	r29
     baa:	08 95       	ret

00000bac <MEEPROM_u8Read>:
u8   MEEPROM_u8Read    (u16 A_u16Address)
{
     bac:	df 93       	push	r29
     bae:	cf 93       	push	r28
     bb0:	00 d0       	rcall	.+0      	; 0xbb2 <MEEPROM_u8Read+0x6>
     bb2:	cd b7       	in	r28, 0x3d	; 61
     bb4:	de b7       	in	r29, 0x3e	; 62
     bb6:	9a 83       	std	Y+2, r25	; 0x02
     bb8:	89 83       	std	Y+1, r24	; 0x01
	EEAR = A_u16Address ;
     bba:	ee e3       	ldi	r30, 0x3E	; 62
     bbc:	f0 e0       	ldi	r31, 0x00	; 0
     bbe:	89 81       	ldd	r24, Y+1	; 0x01
     bc0:	9a 81       	ldd	r25, Y+2	; 0x02
     bc2:	91 83       	std	Z+1, r25	; 0x01
     bc4:	80 83       	st	Z, r24
	SET_BIT(EECR , 0) ;
     bc6:	ac e3       	ldi	r26, 0x3C	; 60
     bc8:	b0 e0       	ldi	r27, 0x00	; 0
     bca:	ec e3       	ldi	r30, 0x3C	; 60
     bcc:	f0 e0       	ldi	r31, 0x00	; 0
     bce:	80 81       	ld	r24, Z
     bd0:	81 60       	ori	r24, 0x01	; 1
     bd2:	8c 93       	st	X, r24
	return EEDR ;
     bd4:	ed e3       	ldi	r30, 0x3D	; 61
     bd6:	f0 e0       	ldi	r31, 0x00	; 0
     bd8:	80 81       	ld	r24, Z
}
     bda:	0f 90       	pop	r0
     bdc:	0f 90       	pop	r0
     bde:	cf 91       	pop	r28
     be0:	df 91       	pop	r29
     be2:	08 95       	ret

00000be4 <MDIO_voidInitPin>:
#include "../../LIB/StdTypes.h"
#include <util/delay.h>
#include "DIO.h"

void MDIO_voidInitPin     (u8 A_u8PortName , u8 A_u8PinNumber , u8 A_u8Mode )
{
     be4:	df 93       	push	r29
     be6:	cf 93       	push	r28
     be8:	00 d0       	rcall	.+0      	; 0xbea <MDIO_voidInitPin+0x6>
     bea:	00 d0       	rcall	.+0      	; 0xbec <MDIO_voidInitPin+0x8>
     bec:	0f 92       	push	r0
     bee:	cd b7       	in	r28, 0x3d	; 61
     bf0:	de b7       	in	r29, 0x3e	; 62
     bf2:	89 83       	std	Y+1, r24	; 0x01
     bf4:	6a 83       	std	Y+2, r22	; 0x02
     bf6:	4b 83       	std	Y+3, r20	; 0x03
	switch (A_u8PortName)
     bf8:	89 81       	ldd	r24, Y+1	; 0x01
     bfa:	28 2f       	mov	r18, r24
     bfc:	30 e0       	ldi	r19, 0x00	; 0
     bfe:	3d 83       	std	Y+5, r19	; 0x05
     c00:	2c 83       	std	Y+4, r18	; 0x04
     c02:	8c 81       	ldd	r24, Y+4	; 0x04
     c04:	9d 81       	ldd	r25, Y+5	; 0x05
     c06:	81 30       	cpi	r24, 0x01	; 1
     c08:	91 05       	cpc	r25, r1
     c0a:	09 f4       	brne	.+2      	; 0xc0e <MDIO_voidInitPin+0x2a>
     c0c:	47 c0       	rjmp	.+142    	; 0xc9c <MDIO_voidInitPin+0xb8>
     c0e:	2c 81       	ldd	r18, Y+4	; 0x04
     c10:	3d 81       	ldd	r19, Y+5	; 0x05
     c12:	22 30       	cpi	r18, 0x02	; 2
     c14:	31 05       	cpc	r19, r1
     c16:	2c f4       	brge	.+10     	; 0xc22 <MDIO_voidInitPin+0x3e>
     c18:	8c 81       	ldd	r24, Y+4	; 0x04
     c1a:	9d 81       	ldd	r25, Y+5	; 0x05
     c1c:	00 97       	sbiw	r24, 0x00	; 0
     c1e:	71 f0       	breq	.+28     	; 0xc3c <MDIO_voidInitPin+0x58>
     c20:	cb c0       	rjmp	.+406    	; 0xdb8 <MDIO_voidInitPin+0x1d4>
     c22:	2c 81       	ldd	r18, Y+4	; 0x04
     c24:	3d 81       	ldd	r19, Y+5	; 0x05
     c26:	22 30       	cpi	r18, 0x02	; 2
     c28:	31 05       	cpc	r19, r1
     c2a:	09 f4       	brne	.+2      	; 0xc2e <MDIO_voidInitPin+0x4a>
     c2c:	67 c0       	rjmp	.+206    	; 0xcfc <MDIO_voidInitPin+0x118>
     c2e:	8c 81       	ldd	r24, Y+4	; 0x04
     c30:	9d 81       	ldd	r25, Y+5	; 0x05
     c32:	83 30       	cpi	r24, 0x03	; 3
     c34:	91 05       	cpc	r25, r1
     c36:	09 f4       	brne	.+2      	; 0xc3a <MDIO_voidInitPin+0x56>
     c38:	91 c0       	rjmp	.+290    	; 0xd5c <MDIO_voidInitPin+0x178>
     c3a:	be c0       	rjmp	.+380    	; 0xdb8 <MDIO_voidInitPin+0x1d4>
	{
	case DIO_PORTA :
		if (A_u8Mode == DIO_INPUT)
     c3c:	8b 81       	ldd	r24, Y+3	; 0x03
     c3e:	88 23       	and	r24, r24
     c40:	a9 f4       	brne	.+42     	; 0xc6c <MDIO_voidInitPin+0x88>
		{
			CLR_BIT(DDRA , A_u8PinNumber ) ;
     c42:	aa e3       	ldi	r26, 0x3A	; 58
     c44:	b0 e0       	ldi	r27, 0x00	; 0
     c46:	ea e3       	ldi	r30, 0x3A	; 58
     c48:	f0 e0       	ldi	r31, 0x00	; 0
     c4a:	80 81       	ld	r24, Z
     c4c:	48 2f       	mov	r20, r24
     c4e:	8a 81       	ldd	r24, Y+2	; 0x02
     c50:	28 2f       	mov	r18, r24
     c52:	30 e0       	ldi	r19, 0x00	; 0
     c54:	81 e0       	ldi	r24, 0x01	; 1
     c56:	90 e0       	ldi	r25, 0x00	; 0
     c58:	02 2e       	mov	r0, r18
     c5a:	02 c0       	rjmp	.+4      	; 0xc60 <MDIO_voidInitPin+0x7c>
     c5c:	88 0f       	add	r24, r24
     c5e:	99 1f       	adc	r25, r25
     c60:	0a 94       	dec	r0
     c62:	e2 f7       	brpl	.-8      	; 0xc5c <MDIO_voidInitPin+0x78>
     c64:	80 95       	com	r24
     c66:	84 23       	and	r24, r20
     c68:	8c 93       	st	X, r24
     c6a:	a6 c0       	rjmp	.+332    	; 0xdb8 <MDIO_voidInitPin+0x1d4>
		}
		else if (A_u8Mode == DIO_OUTPUT)
     c6c:	8b 81       	ldd	r24, Y+3	; 0x03
     c6e:	81 30       	cpi	r24, 0x01	; 1
     c70:	09 f0       	breq	.+2      	; 0xc74 <MDIO_voidInitPin+0x90>
     c72:	a2 c0       	rjmp	.+324    	; 0xdb8 <MDIO_voidInitPin+0x1d4>
		{
			SET_BIT(DDRA , A_u8PinNumber ) ;
     c74:	aa e3       	ldi	r26, 0x3A	; 58
     c76:	b0 e0       	ldi	r27, 0x00	; 0
     c78:	ea e3       	ldi	r30, 0x3A	; 58
     c7a:	f0 e0       	ldi	r31, 0x00	; 0
     c7c:	80 81       	ld	r24, Z
     c7e:	48 2f       	mov	r20, r24
     c80:	8a 81       	ldd	r24, Y+2	; 0x02
     c82:	28 2f       	mov	r18, r24
     c84:	30 e0       	ldi	r19, 0x00	; 0
     c86:	81 e0       	ldi	r24, 0x01	; 1
     c88:	90 e0       	ldi	r25, 0x00	; 0
     c8a:	02 2e       	mov	r0, r18
     c8c:	02 c0       	rjmp	.+4      	; 0xc92 <MDIO_voidInitPin+0xae>
     c8e:	88 0f       	add	r24, r24
     c90:	99 1f       	adc	r25, r25
     c92:	0a 94       	dec	r0
     c94:	e2 f7       	brpl	.-8      	; 0xc8e <MDIO_voidInitPin+0xaa>
     c96:	84 2b       	or	r24, r20
     c98:	8c 93       	st	X, r24
     c9a:	8e c0       	rjmp	.+284    	; 0xdb8 <MDIO_voidInitPin+0x1d4>
		}
		break ;
	case DIO_PORTB :
		if (A_u8Mode == DIO_INPUT)
     c9c:	8b 81       	ldd	r24, Y+3	; 0x03
     c9e:	88 23       	and	r24, r24
     ca0:	a9 f4       	brne	.+42     	; 0xccc <MDIO_voidInitPin+0xe8>
		{
			CLR_BIT(DDRB , A_u8PinNumber ) ;
     ca2:	a7 e3       	ldi	r26, 0x37	; 55
     ca4:	b0 e0       	ldi	r27, 0x00	; 0
     ca6:	e7 e3       	ldi	r30, 0x37	; 55
     ca8:	f0 e0       	ldi	r31, 0x00	; 0
     caa:	80 81       	ld	r24, Z
     cac:	48 2f       	mov	r20, r24
     cae:	8a 81       	ldd	r24, Y+2	; 0x02
     cb0:	28 2f       	mov	r18, r24
     cb2:	30 e0       	ldi	r19, 0x00	; 0
     cb4:	81 e0       	ldi	r24, 0x01	; 1
     cb6:	90 e0       	ldi	r25, 0x00	; 0
     cb8:	02 2e       	mov	r0, r18
     cba:	02 c0       	rjmp	.+4      	; 0xcc0 <MDIO_voidInitPin+0xdc>
     cbc:	88 0f       	add	r24, r24
     cbe:	99 1f       	adc	r25, r25
     cc0:	0a 94       	dec	r0
     cc2:	e2 f7       	brpl	.-8      	; 0xcbc <MDIO_voidInitPin+0xd8>
     cc4:	80 95       	com	r24
     cc6:	84 23       	and	r24, r20
     cc8:	8c 93       	st	X, r24
     cca:	76 c0       	rjmp	.+236    	; 0xdb8 <MDIO_voidInitPin+0x1d4>
		}
		else if (A_u8Mode == DIO_OUTPUT)
     ccc:	8b 81       	ldd	r24, Y+3	; 0x03
     cce:	81 30       	cpi	r24, 0x01	; 1
     cd0:	09 f0       	breq	.+2      	; 0xcd4 <MDIO_voidInitPin+0xf0>
     cd2:	72 c0       	rjmp	.+228    	; 0xdb8 <MDIO_voidInitPin+0x1d4>
		{
			SET_BIT(DDRB , A_u8PinNumber ) ;
     cd4:	a7 e3       	ldi	r26, 0x37	; 55
     cd6:	b0 e0       	ldi	r27, 0x00	; 0
     cd8:	e7 e3       	ldi	r30, 0x37	; 55
     cda:	f0 e0       	ldi	r31, 0x00	; 0
     cdc:	80 81       	ld	r24, Z
     cde:	48 2f       	mov	r20, r24
     ce0:	8a 81       	ldd	r24, Y+2	; 0x02
     ce2:	28 2f       	mov	r18, r24
     ce4:	30 e0       	ldi	r19, 0x00	; 0
     ce6:	81 e0       	ldi	r24, 0x01	; 1
     ce8:	90 e0       	ldi	r25, 0x00	; 0
     cea:	02 2e       	mov	r0, r18
     cec:	02 c0       	rjmp	.+4      	; 0xcf2 <MDIO_voidInitPin+0x10e>
     cee:	88 0f       	add	r24, r24
     cf0:	99 1f       	adc	r25, r25
     cf2:	0a 94       	dec	r0
     cf4:	e2 f7       	brpl	.-8      	; 0xcee <MDIO_voidInitPin+0x10a>
     cf6:	84 2b       	or	r24, r20
     cf8:	8c 93       	st	X, r24
     cfa:	5e c0       	rjmp	.+188    	; 0xdb8 <MDIO_voidInitPin+0x1d4>
		}
		break ;
	case DIO_PORTC :
		if (A_u8Mode == DIO_INPUT)
     cfc:	8b 81       	ldd	r24, Y+3	; 0x03
     cfe:	88 23       	and	r24, r24
     d00:	a9 f4       	brne	.+42     	; 0xd2c <MDIO_voidInitPin+0x148>
		{
			CLR_BIT(DDRC , A_u8PinNumber ) ;
     d02:	a4 e3       	ldi	r26, 0x34	; 52
     d04:	b0 e0       	ldi	r27, 0x00	; 0
     d06:	e4 e3       	ldi	r30, 0x34	; 52
     d08:	f0 e0       	ldi	r31, 0x00	; 0
     d0a:	80 81       	ld	r24, Z
     d0c:	48 2f       	mov	r20, r24
     d0e:	8a 81       	ldd	r24, Y+2	; 0x02
     d10:	28 2f       	mov	r18, r24
     d12:	30 e0       	ldi	r19, 0x00	; 0
     d14:	81 e0       	ldi	r24, 0x01	; 1
     d16:	90 e0       	ldi	r25, 0x00	; 0
     d18:	02 2e       	mov	r0, r18
     d1a:	02 c0       	rjmp	.+4      	; 0xd20 <MDIO_voidInitPin+0x13c>
     d1c:	88 0f       	add	r24, r24
     d1e:	99 1f       	adc	r25, r25
     d20:	0a 94       	dec	r0
     d22:	e2 f7       	brpl	.-8      	; 0xd1c <MDIO_voidInitPin+0x138>
     d24:	80 95       	com	r24
     d26:	84 23       	and	r24, r20
     d28:	8c 93       	st	X, r24
     d2a:	46 c0       	rjmp	.+140    	; 0xdb8 <MDIO_voidInitPin+0x1d4>
		}
		else if (A_u8Mode == DIO_OUTPUT)
     d2c:	8b 81       	ldd	r24, Y+3	; 0x03
     d2e:	81 30       	cpi	r24, 0x01	; 1
     d30:	09 f0       	breq	.+2      	; 0xd34 <MDIO_voidInitPin+0x150>
     d32:	42 c0       	rjmp	.+132    	; 0xdb8 <MDIO_voidInitPin+0x1d4>
		{
			SET_BIT(DDRC , A_u8PinNumber ) ;
     d34:	a4 e3       	ldi	r26, 0x34	; 52
     d36:	b0 e0       	ldi	r27, 0x00	; 0
     d38:	e4 e3       	ldi	r30, 0x34	; 52
     d3a:	f0 e0       	ldi	r31, 0x00	; 0
     d3c:	80 81       	ld	r24, Z
     d3e:	48 2f       	mov	r20, r24
     d40:	8a 81       	ldd	r24, Y+2	; 0x02
     d42:	28 2f       	mov	r18, r24
     d44:	30 e0       	ldi	r19, 0x00	; 0
     d46:	81 e0       	ldi	r24, 0x01	; 1
     d48:	90 e0       	ldi	r25, 0x00	; 0
     d4a:	02 2e       	mov	r0, r18
     d4c:	02 c0       	rjmp	.+4      	; 0xd52 <MDIO_voidInitPin+0x16e>
     d4e:	88 0f       	add	r24, r24
     d50:	99 1f       	adc	r25, r25
     d52:	0a 94       	dec	r0
     d54:	e2 f7       	brpl	.-8      	; 0xd4e <MDIO_voidInitPin+0x16a>
     d56:	84 2b       	or	r24, r20
     d58:	8c 93       	st	X, r24
     d5a:	2e c0       	rjmp	.+92     	; 0xdb8 <MDIO_voidInitPin+0x1d4>
		}
		break ;
	case DIO_PORTD :
		if (A_u8Mode == DIO_INPUT)
     d5c:	8b 81       	ldd	r24, Y+3	; 0x03
     d5e:	88 23       	and	r24, r24
     d60:	a9 f4       	brne	.+42     	; 0xd8c <MDIO_voidInitPin+0x1a8>
		{
			CLR_BIT(DDRD , A_u8PinNumber ) ;
     d62:	a1 e3       	ldi	r26, 0x31	; 49
     d64:	b0 e0       	ldi	r27, 0x00	; 0
     d66:	e1 e3       	ldi	r30, 0x31	; 49
     d68:	f0 e0       	ldi	r31, 0x00	; 0
     d6a:	80 81       	ld	r24, Z
     d6c:	48 2f       	mov	r20, r24
     d6e:	8a 81       	ldd	r24, Y+2	; 0x02
     d70:	28 2f       	mov	r18, r24
     d72:	30 e0       	ldi	r19, 0x00	; 0
     d74:	81 e0       	ldi	r24, 0x01	; 1
     d76:	90 e0       	ldi	r25, 0x00	; 0
     d78:	02 2e       	mov	r0, r18
     d7a:	02 c0       	rjmp	.+4      	; 0xd80 <MDIO_voidInitPin+0x19c>
     d7c:	88 0f       	add	r24, r24
     d7e:	99 1f       	adc	r25, r25
     d80:	0a 94       	dec	r0
     d82:	e2 f7       	brpl	.-8      	; 0xd7c <MDIO_voidInitPin+0x198>
     d84:	80 95       	com	r24
     d86:	84 23       	and	r24, r20
     d88:	8c 93       	st	X, r24
     d8a:	16 c0       	rjmp	.+44     	; 0xdb8 <MDIO_voidInitPin+0x1d4>
		}
		else if (A_u8Mode == DIO_OUTPUT)
     d8c:	8b 81       	ldd	r24, Y+3	; 0x03
     d8e:	81 30       	cpi	r24, 0x01	; 1
     d90:	99 f4       	brne	.+38     	; 0xdb8 <MDIO_voidInitPin+0x1d4>
		{
			SET_BIT(DDRD , A_u8PinNumber ) ;
     d92:	a1 e3       	ldi	r26, 0x31	; 49
     d94:	b0 e0       	ldi	r27, 0x00	; 0
     d96:	e1 e3       	ldi	r30, 0x31	; 49
     d98:	f0 e0       	ldi	r31, 0x00	; 0
     d9a:	80 81       	ld	r24, Z
     d9c:	48 2f       	mov	r20, r24
     d9e:	8a 81       	ldd	r24, Y+2	; 0x02
     da0:	28 2f       	mov	r18, r24
     da2:	30 e0       	ldi	r19, 0x00	; 0
     da4:	81 e0       	ldi	r24, 0x01	; 1
     da6:	90 e0       	ldi	r25, 0x00	; 0
     da8:	02 2e       	mov	r0, r18
     daa:	02 c0       	rjmp	.+4      	; 0xdb0 <MDIO_voidInitPin+0x1cc>
     dac:	88 0f       	add	r24, r24
     dae:	99 1f       	adc	r25, r25
     db0:	0a 94       	dec	r0
     db2:	e2 f7       	brpl	.-8      	; 0xdac <MDIO_voidInitPin+0x1c8>
     db4:	84 2b       	or	r24, r20
     db6:	8c 93       	st	X, r24
		}
		break ;
	}
}
     db8:	0f 90       	pop	r0
     dba:	0f 90       	pop	r0
     dbc:	0f 90       	pop	r0
     dbe:	0f 90       	pop	r0
     dc0:	0f 90       	pop	r0
     dc2:	cf 91       	pop	r28
     dc4:	df 91       	pop	r29
     dc6:	08 95       	ret

00000dc8 <MDIO_voidSetPinValue>:
void MDIO_voidSetPinValue (u8 A_u8PortName , u8 A_u8PinNumber , u8 A_u8Value)
{
     dc8:	df 93       	push	r29
     dca:	cf 93       	push	r28
     dcc:	00 d0       	rcall	.+0      	; 0xdce <MDIO_voidSetPinValue+0x6>
     dce:	00 d0       	rcall	.+0      	; 0xdd0 <MDIO_voidSetPinValue+0x8>
     dd0:	0f 92       	push	r0
     dd2:	cd b7       	in	r28, 0x3d	; 61
     dd4:	de b7       	in	r29, 0x3e	; 62
     dd6:	89 83       	std	Y+1, r24	; 0x01
     dd8:	6a 83       	std	Y+2, r22	; 0x02
     dda:	4b 83       	std	Y+3, r20	; 0x03
	switch (A_u8PortName)
     ddc:	89 81       	ldd	r24, Y+1	; 0x01
     dde:	28 2f       	mov	r18, r24
     de0:	30 e0       	ldi	r19, 0x00	; 0
     de2:	3d 83       	std	Y+5, r19	; 0x05
     de4:	2c 83       	std	Y+4, r18	; 0x04
     de6:	8c 81       	ldd	r24, Y+4	; 0x04
     de8:	9d 81       	ldd	r25, Y+5	; 0x05
     dea:	81 30       	cpi	r24, 0x01	; 1
     dec:	91 05       	cpc	r25, r1
     dee:	09 f4       	brne	.+2      	; 0xdf2 <MDIO_voidSetPinValue+0x2a>
     df0:	47 c0       	rjmp	.+142    	; 0xe80 <MDIO_voidSetPinValue+0xb8>
     df2:	2c 81       	ldd	r18, Y+4	; 0x04
     df4:	3d 81       	ldd	r19, Y+5	; 0x05
     df6:	22 30       	cpi	r18, 0x02	; 2
     df8:	31 05       	cpc	r19, r1
     dfa:	2c f4       	brge	.+10     	; 0xe06 <MDIO_voidSetPinValue+0x3e>
     dfc:	8c 81       	ldd	r24, Y+4	; 0x04
     dfe:	9d 81       	ldd	r25, Y+5	; 0x05
     e00:	00 97       	sbiw	r24, 0x00	; 0
     e02:	71 f0       	breq	.+28     	; 0xe20 <MDIO_voidSetPinValue+0x58>
     e04:	cb c0       	rjmp	.+406    	; 0xf9c <MDIO_voidSetPinValue+0x1d4>
     e06:	2c 81       	ldd	r18, Y+4	; 0x04
     e08:	3d 81       	ldd	r19, Y+5	; 0x05
     e0a:	22 30       	cpi	r18, 0x02	; 2
     e0c:	31 05       	cpc	r19, r1
     e0e:	09 f4       	brne	.+2      	; 0xe12 <MDIO_voidSetPinValue+0x4a>
     e10:	67 c0       	rjmp	.+206    	; 0xee0 <MDIO_voidSetPinValue+0x118>
     e12:	8c 81       	ldd	r24, Y+4	; 0x04
     e14:	9d 81       	ldd	r25, Y+5	; 0x05
     e16:	83 30       	cpi	r24, 0x03	; 3
     e18:	91 05       	cpc	r25, r1
     e1a:	09 f4       	brne	.+2      	; 0xe1e <MDIO_voidSetPinValue+0x56>
     e1c:	91 c0       	rjmp	.+290    	; 0xf40 <MDIO_voidSetPinValue+0x178>
     e1e:	be c0       	rjmp	.+380    	; 0xf9c <MDIO_voidSetPinValue+0x1d4>
	{
	case DIO_PORTA :
		if (A_u8Value == DIO_LOW)
     e20:	8b 81       	ldd	r24, Y+3	; 0x03
     e22:	88 23       	and	r24, r24
     e24:	a9 f4       	brne	.+42     	; 0xe50 <MDIO_voidSetPinValue+0x88>
		{
			CLR_BIT(PORTA , A_u8PinNumber ) ;
     e26:	ab e3       	ldi	r26, 0x3B	; 59
     e28:	b0 e0       	ldi	r27, 0x00	; 0
     e2a:	eb e3       	ldi	r30, 0x3B	; 59
     e2c:	f0 e0       	ldi	r31, 0x00	; 0
     e2e:	80 81       	ld	r24, Z
     e30:	48 2f       	mov	r20, r24
     e32:	8a 81       	ldd	r24, Y+2	; 0x02
     e34:	28 2f       	mov	r18, r24
     e36:	30 e0       	ldi	r19, 0x00	; 0
     e38:	81 e0       	ldi	r24, 0x01	; 1
     e3a:	90 e0       	ldi	r25, 0x00	; 0
     e3c:	02 2e       	mov	r0, r18
     e3e:	02 c0       	rjmp	.+4      	; 0xe44 <MDIO_voidSetPinValue+0x7c>
     e40:	88 0f       	add	r24, r24
     e42:	99 1f       	adc	r25, r25
     e44:	0a 94       	dec	r0
     e46:	e2 f7       	brpl	.-8      	; 0xe40 <MDIO_voidSetPinValue+0x78>
     e48:	80 95       	com	r24
     e4a:	84 23       	and	r24, r20
     e4c:	8c 93       	st	X, r24
     e4e:	a6 c0       	rjmp	.+332    	; 0xf9c <MDIO_voidSetPinValue+0x1d4>
		}
		else if (A_u8Value == DIO_HIGH)
     e50:	8b 81       	ldd	r24, Y+3	; 0x03
     e52:	81 30       	cpi	r24, 0x01	; 1
     e54:	09 f0       	breq	.+2      	; 0xe58 <MDIO_voidSetPinValue+0x90>
     e56:	a2 c0       	rjmp	.+324    	; 0xf9c <MDIO_voidSetPinValue+0x1d4>
		{
			SET_BIT(PORTA , A_u8PinNumber ) ;
     e58:	ab e3       	ldi	r26, 0x3B	; 59
     e5a:	b0 e0       	ldi	r27, 0x00	; 0
     e5c:	eb e3       	ldi	r30, 0x3B	; 59
     e5e:	f0 e0       	ldi	r31, 0x00	; 0
     e60:	80 81       	ld	r24, Z
     e62:	48 2f       	mov	r20, r24
     e64:	8a 81       	ldd	r24, Y+2	; 0x02
     e66:	28 2f       	mov	r18, r24
     e68:	30 e0       	ldi	r19, 0x00	; 0
     e6a:	81 e0       	ldi	r24, 0x01	; 1
     e6c:	90 e0       	ldi	r25, 0x00	; 0
     e6e:	02 2e       	mov	r0, r18
     e70:	02 c0       	rjmp	.+4      	; 0xe76 <MDIO_voidSetPinValue+0xae>
     e72:	88 0f       	add	r24, r24
     e74:	99 1f       	adc	r25, r25
     e76:	0a 94       	dec	r0
     e78:	e2 f7       	brpl	.-8      	; 0xe72 <MDIO_voidSetPinValue+0xaa>
     e7a:	84 2b       	or	r24, r20
     e7c:	8c 93       	st	X, r24
     e7e:	8e c0       	rjmp	.+284    	; 0xf9c <MDIO_voidSetPinValue+0x1d4>
		}
		break ;
	case DIO_PORTB :
		if (A_u8Value == DIO_LOW)
     e80:	8b 81       	ldd	r24, Y+3	; 0x03
     e82:	88 23       	and	r24, r24
     e84:	a9 f4       	brne	.+42     	; 0xeb0 <MDIO_voidSetPinValue+0xe8>
		{
			CLR_BIT(PORTB , A_u8PinNumber ) ;
     e86:	a8 e3       	ldi	r26, 0x38	; 56
     e88:	b0 e0       	ldi	r27, 0x00	; 0
     e8a:	e8 e3       	ldi	r30, 0x38	; 56
     e8c:	f0 e0       	ldi	r31, 0x00	; 0
     e8e:	80 81       	ld	r24, Z
     e90:	48 2f       	mov	r20, r24
     e92:	8a 81       	ldd	r24, Y+2	; 0x02
     e94:	28 2f       	mov	r18, r24
     e96:	30 e0       	ldi	r19, 0x00	; 0
     e98:	81 e0       	ldi	r24, 0x01	; 1
     e9a:	90 e0       	ldi	r25, 0x00	; 0
     e9c:	02 2e       	mov	r0, r18
     e9e:	02 c0       	rjmp	.+4      	; 0xea4 <MDIO_voidSetPinValue+0xdc>
     ea0:	88 0f       	add	r24, r24
     ea2:	99 1f       	adc	r25, r25
     ea4:	0a 94       	dec	r0
     ea6:	e2 f7       	brpl	.-8      	; 0xea0 <MDIO_voidSetPinValue+0xd8>
     ea8:	80 95       	com	r24
     eaa:	84 23       	and	r24, r20
     eac:	8c 93       	st	X, r24
     eae:	76 c0       	rjmp	.+236    	; 0xf9c <MDIO_voidSetPinValue+0x1d4>
		}
		else if (A_u8Value == DIO_HIGH)
     eb0:	8b 81       	ldd	r24, Y+3	; 0x03
     eb2:	81 30       	cpi	r24, 0x01	; 1
     eb4:	09 f0       	breq	.+2      	; 0xeb8 <MDIO_voidSetPinValue+0xf0>
     eb6:	72 c0       	rjmp	.+228    	; 0xf9c <MDIO_voidSetPinValue+0x1d4>
		{
			SET_BIT(PORTB , A_u8PinNumber ) ;
     eb8:	a8 e3       	ldi	r26, 0x38	; 56
     eba:	b0 e0       	ldi	r27, 0x00	; 0
     ebc:	e8 e3       	ldi	r30, 0x38	; 56
     ebe:	f0 e0       	ldi	r31, 0x00	; 0
     ec0:	80 81       	ld	r24, Z
     ec2:	48 2f       	mov	r20, r24
     ec4:	8a 81       	ldd	r24, Y+2	; 0x02
     ec6:	28 2f       	mov	r18, r24
     ec8:	30 e0       	ldi	r19, 0x00	; 0
     eca:	81 e0       	ldi	r24, 0x01	; 1
     ecc:	90 e0       	ldi	r25, 0x00	; 0
     ece:	02 2e       	mov	r0, r18
     ed0:	02 c0       	rjmp	.+4      	; 0xed6 <MDIO_voidSetPinValue+0x10e>
     ed2:	88 0f       	add	r24, r24
     ed4:	99 1f       	adc	r25, r25
     ed6:	0a 94       	dec	r0
     ed8:	e2 f7       	brpl	.-8      	; 0xed2 <MDIO_voidSetPinValue+0x10a>
     eda:	84 2b       	or	r24, r20
     edc:	8c 93       	st	X, r24
     ede:	5e c0       	rjmp	.+188    	; 0xf9c <MDIO_voidSetPinValue+0x1d4>
		}
		break ;
	case DIO_PORTC :
		if (A_u8Value == DIO_LOW)
     ee0:	8b 81       	ldd	r24, Y+3	; 0x03
     ee2:	88 23       	and	r24, r24
     ee4:	a9 f4       	brne	.+42     	; 0xf10 <MDIO_voidSetPinValue+0x148>
		{
			CLR_BIT(PORTC , A_u8PinNumber ) ;
     ee6:	a5 e3       	ldi	r26, 0x35	; 53
     ee8:	b0 e0       	ldi	r27, 0x00	; 0
     eea:	e5 e3       	ldi	r30, 0x35	; 53
     eec:	f0 e0       	ldi	r31, 0x00	; 0
     eee:	80 81       	ld	r24, Z
     ef0:	48 2f       	mov	r20, r24
     ef2:	8a 81       	ldd	r24, Y+2	; 0x02
     ef4:	28 2f       	mov	r18, r24
     ef6:	30 e0       	ldi	r19, 0x00	; 0
     ef8:	81 e0       	ldi	r24, 0x01	; 1
     efa:	90 e0       	ldi	r25, 0x00	; 0
     efc:	02 2e       	mov	r0, r18
     efe:	02 c0       	rjmp	.+4      	; 0xf04 <MDIO_voidSetPinValue+0x13c>
     f00:	88 0f       	add	r24, r24
     f02:	99 1f       	adc	r25, r25
     f04:	0a 94       	dec	r0
     f06:	e2 f7       	brpl	.-8      	; 0xf00 <MDIO_voidSetPinValue+0x138>
     f08:	80 95       	com	r24
     f0a:	84 23       	and	r24, r20
     f0c:	8c 93       	st	X, r24
     f0e:	46 c0       	rjmp	.+140    	; 0xf9c <MDIO_voidSetPinValue+0x1d4>
		}
		else if (A_u8Value == DIO_HIGH)
     f10:	8b 81       	ldd	r24, Y+3	; 0x03
     f12:	81 30       	cpi	r24, 0x01	; 1
     f14:	09 f0       	breq	.+2      	; 0xf18 <MDIO_voidSetPinValue+0x150>
     f16:	42 c0       	rjmp	.+132    	; 0xf9c <MDIO_voidSetPinValue+0x1d4>
		{
			SET_BIT(PORTC , A_u8PinNumber ) ;
     f18:	a5 e3       	ldi	r26, 0x35	; 53
     f1a:	b0 e0       	ldi	r27, 0x00	; 0
     f1c:	e5 e3       	ldi	r30, 0x35	; 53
     f1e:	f0 e0       	ldi	r31, 0x00	; 0
     f20:	80 81       	ld	r24, Z
     f22:	48 2f       	mov	r20, r24
     f24:	8a 81       	ldd	r24, Y+2	; 0x02
     f26:	28 2f       	mov	r18, r24
     f28:	30 e0       	ldi	r19, 0x00	; 0
     f2a:	81 e0       	ldi	r24, 0x01	; 1
     f2c:	90 e0       	ldi	r25, 0x00	; 0
     f2e:	02 2e       	mov	r0, r18
     f30:	02 c0       	rjmp	.+4      	; 0xf36 <MDIO_voidSetPinValue+0x16e>
     f32:	88 0f       	add	r24, r24
     f34:	99 1f       	adc	r25, r25
     f36:	0a 94       	dec	r0
     f38:	e2 f7       	brpl	.-8      	; 0xf32 <MDIO_voidSetPinValue+0x16a>
     f3a:	84 2b       	or	r24, r20
     f3c:	8c 93       	st	X, r24
     f3e:	2e c0       	rjmp	.+92     	; 0xf9c <MDIO_voidSetPinValue+0x1d4>
		}
		break ;
	case DIO_PORTD :
		if (A_u8Value == DIO_LOW)
     f40:	8b 81       	ldd	r24, Y+3	; 0x03
     f42:	88 23       	and	r24, r24
     f44:	a9 f4       	brne	.+42     	; 0xf70 <MDIO_voidSetPinValue+0x1a8>
		{
			CLR_BIT(PORTD , A_u8PinNumber ) ;
     f46:	a2 e3       	ldi	r26, 0x32	; 50
     f48:	b0 e0       	ldi	r27, 0x00	; 0
     f4a:	e2 e3       	ldi	r30, 0x32	; 50
     f4c:	f0 e0       	ldi	r31, 0x00	; 0
     f4e:	80 81       	ld	r24, Z
     f50:	48 2f       	mov	r20, r24
     f52:	8a 81       	ldd	r24, Y+2	; 0x02
     f54:	28 2f       	mov	r18, r24
     f56:	30 e0       	ldi	r19, 0x00	; 0
     f58:	81 e0       	ldi	r24, 0x01	; 1
     f5a:	90 e0       	ldi	r25, 0x00	; 0
     f5c:	02 2e       	mov	r0, r18
     f5e:	02 c0       	rjmp	.+4      	; 0xf64 <MDIO_voidSetPinValue+0x19c>
     f60:	88 0f       	add	r24, r24
     f62:	99 1f       	adc	r25, r25
     f64:	0a 94       	dec	r0
     f66:	e2 f7       	brpl	.-8      	; 0xf60 <MDIO_voidSetPinValue+0x198>
     f68:	80 95       	com	r24
     f6a:	84 23       	and	r24, r20
     f6c:	8c 93       	st	X, r24
     f6e:	16 c0       	rjmp	.+44     	; 0xf9c <MDIO_voidSetPinValue+0x1d4>
		}
		else if (A_u8Value == DIO_HIGH)
     f70:	8b 81       	ldd	r24, Y+3	; 0x03
     f72:	81 30       	cpi	r24, 0x01	; 1
     f74:	99 f4       	brne	.+38     	; 0xf9c <MDIO_voidSetPinValue+0x1d4>
		{
			SET_BIT(PORTD , A_u8PinNumber ) ;
     f76:	a2 e3       	ldi	r26, 0x32	; 50
     f78:	b0 e0       	ldi	r27, 0x00	; 0
     f7a:	e2 e3       	ldi	r30, 0x32	; 50
     f7c:	f0 e0       	ldi	r31, 0x00	; 0
     f7e:	80 81       	ld	r24, Z
     f80:	48 2f       	mov	r20, r24
     f82:	8a 81       	ldd	r24, Y+2	; 0x02
     f84:	28 2f       	mov	r18, r24
     f86:	30 e0       	ldi	r19, 0x00	; 0
     f88:	81 e0       	ldi	r24, 0x01	; 1
     f8a:	90 e0       	ldi	r25, 0x00	; 0
     f8c:	02 2e       	mov	r0, r18
     f8e:	02 c0       	rjmp	.+4      	; 0xf94 <MDIO_voidSetPinValue+0x1cc>
     f90:	88 0f       	add	r24, r24
     f92:	99 1f       	adc	r25, r25
     f94:	0a 94       	dec	r0
     f96:	e2 f7       	brpl	.-8      	; 0xf90 <MDIO_voidSetPinValue+0x1c8>
     f98:	84 2b       	or	r24, r20
     f9a:	8c 93       	st	X, r24
		}
		break ;
	}
}
     f9c:	0f 90       	pop	r0
     f9e:	0f 90       	pop	r0
     fa0:	0f 90       	pop	r0
     fa2:	0f 90       	pop	r0
     fa4:	0f 90       	pop	r0
     fa6:	cf 91       	pop	r28
     fa8:	df 91       	pop	r29
     faa:	08 95       	ret

00000fac <MDIO_voidTogPinValue>:
void MDIO_voidTogPinValue (u8 A_u8PortName , u8 A_u8PinNumber               )
{
     fac:	df 93       	push	r29
     fae:	cf 93       	push	r28
     fb0:	00 d0       	rcall	.+0      	; 0xfb2 <MDIO_voidTogPinValue+0x6>
     fb2:	00 d0       	rcall	.+0      	; 0xfb4 <MDIO_voidTogPinValue+0x8>
     fb4:	cd b7       	in	r28, 0x3d	; 61
     fb6:	de b7       	in	r29, 0x3e	; 62
     fb8:	89 83       	std	Y+1, r24	; 0x01
     fba:	6a 83       	std	Y+2, r22	; 0x02
	switch (A_u8PortName)
     fbc:	89 81       	ldd	r24, Y+1	; 0x01
     fbe:	28 2f       	mov	r18, r24
     fc0:	30 e0       	ldi	r19, 0x00	; 0
     fc2:	3c 83       	std	Y+4, r19	; 0x04
     fc4:	2b 83       	std	Y+3, r18	; 0x03
     fc6:	8b 81       	ldd	r24, Y+3	; 0x03
     fc8:	9c 81       	ldd	r25, Y+4	; 0x04
     fca:	81 30       	cpi	r24, 0x01	; 1
     fcc:	91 05       	cpc	r25, r1
     fce:	49 f1       	breq	.+82     	; 0x1022 <MDIO_voidTogPinValue+0x76>
     fd0:	2b 81       	ldd	r18, Y+3	; 0x03
     fd2:	3c 81       	ldd	r19, Y+4	; 0x04
     fd4:	22 30       	cpi	r18, 0x02	; 2
     fd6:	31 05       	cpc	r19, r1
     fd8:	2c f4       	brge	.+10     	; 0xfe4 <MDIO_voidTogPinValue+0x38>
     fda:	8b 81       	ldd	r24, Y+3	; 0x03
     fdc:	9c 81       	ldd	r25, Y+4	; 0x04
     fde:	00 97       	sbiw	r24, 0x00	; 0
     fe0:	61 f0       	breq	.+24     	; 0xffa <MDIO_voidTogPinValue+0x4e>
     fe2:	5a c0       	rjmp	.+180    	; 0x1098 <MDIO_voidTogPinValue+0xec>
     fe4:	2b 81       	ldd	r18, Y+3	; 0x03
     fe6:	3c 81       	ldd	r19, Y+4	; 0x04
     fe8:	22 30       	cpi	r18, 0x02	; 2
     fea:	31 05       	cpc	r19, r1
     fec:	71 f1       	breq	.+92     	; 0x104a <MDIO_voidTogPinValue+0x9e>
     fee:	8b 81       	ldd	r24, Y+3	; 0x03
     ff0:	9c 81       	ldd	r25, Y+4	; 0x04
     ff2:	83 30       	cpi	r24, 0x03	; 3
     ff4:	91 05       	cpc	r25, r1
     ff6:	e9 f1       	breq	.+122    	; 0x1072 <MDIO_voidTogPinValue+0xc6>
     ff8:	4f c0       	rjmp	.+158    	; 0x1098 <MDIO_voidTogPinValue+0xec>
	{
	case DIO_PORTA :
		TOG_BIT(PORTA , A_u8PinNumber) ;
     ffa:	ab e3       	ldi	r26, 0x3B	; 59
     ffc:	b0 e0       	ldi	r27, 0x00	; 0
     ffe:	eb e3       	ldi	r30, 0x3B	; 59
    1000:	f0 e0       	ldi	r31, 0x00	; 0
    1002:	80 81       	ld	r24, Z
    1004:	48 2f       	mov	r20, r24
    1006:	8a 81       	ldd	r24, Y+2	; 0x02
    1008:	28 2f       	mov	r18, r24
    100a:	30 e0       	ldi	r19, 0x00	; 0
    100c:	81 e0       	ldi	r24, 0x01	; 1
    100e:	90 e0       	ldi	r25, 0x00	; 0
    1010:	02 2e       	mov	r0, r18
    1012:	02 c0       	rjmp	.+4      	; 0x1018 <MDIO_voidTogPinValue+0x6c>
    1014:	88 0f       	add	r24, r24
    1016:	99 1f       	adc	r25, r25
    1018:	0a 94       	dec	r0
    101a:	e2 f7       	brpl	.-8      	; 0x1014 <MDIO_voidTogPinValue+0x68>
    101c:	84 27       	eor	r24, r20
    101e:	8c 93       	st	X, r24
    1020:	3b c0       	rjmp	.+118    	; 0x1098 <MDIO_voidTogPinValue+0xec>
		break ;
	case DIO_PORTB :
		TOG_BIT(PORTB , A_u8PinNumber) ;
    1022:	a8 e3       	ldi	r26, 0x38	; 56
    1024:	b0 e0       	ldi	r27, 0x00	; 0
    1026:	e8 e3       	ldi	r30, 0x38	; 56
    1028:	f0 e0       	ldi	r31, 0x00	; 0
    102a:	80 81       	ld	r24, Z
    102c:	48 2f       	mov	r20, r24
    102e:	8a 81       	ldd	r24, Y+2	; 0x02
    1030:	28 2f       	mov	r18, r24
    1032:	30 e0       	ldi	r19, 0x00	; 0
    1034:	81 e0       	ldi	r24, 0x01	; 1
    1036:	90 e0       	ldi	r25, 0x00	; 0
    1038:	02 2e       	mov	r0, r18
    103a:	02 c0       	rjmp	.+4      	; 0x1040 <MDIO_voidTogPinValue+0x94>
    103c:	88 0f       	add	r24, r24
    103e:	99 1f       	adc	r25, r25
    1040:	0a 94       	dec	r0
    1042:	e2 f7       	brpl	.-8      	; 0x103c <MDIO_voidTogPinValue+0x90>
    1044:	84 27       	eor	r24, r20
    1046:	8c 93       	st	X, r24
    1048:	27 c0       	rjmp	.+78     	; 0x1098 <MDIO_voidTogPinValue+0xec>
		break ;
	case DIO_PORTC :
		TOG_BIT(PORTC , A_u8PinNumber) ;
    104a:	a5 e3       	ldi	r26, 0x35	; 53
    104c:	b0 e0       	ldi	r27, 0x00	; 0
    104e:	e5 e3       	ldi	r30, 0x35	; 53
    1050:	f0 e0       	ldi	r31, 0x00	; 0
    1052:	80 81       	ld	r24, Z
    1054:	48 2f       	mov	r20, r24
    1056:	8a 81       	ldd	r24, Y+2	; 0x02
    1058:	28 2f       	mov	r18, r24
    105a:	30 e0       	ldi	r19, 0x00	; 0
    105c:	81 e0       	ldi	r24, 0x01	; 1
    105e:	90 e0       	ldi	r25, 0x00	; 0
    1060:	02 2e       	mov	r0, r18
    1062:	02 c0       	rjmp	.+4      	; 0x1068 <MDIO_voidTogPinValue+0xbc>
    1064:	88 0f       	add	r24, r24
    1066:	99 1f       	adc	r25, r25
    1068:	0a 94       	dec	r0
    106a:	e2 f7       	brpl	.-8      	; 0x1064 <MDIO_voidTogPinValue+0xb8>
    106c:	84 27       	eor	r24, r20
    106e:	8c 93       	st	X, r24
    1070:	13 c0       	rjmp	.+38     	; 0x1098 <MDIO_voidTogPinValue+0xec>
		break ;
	case DIO_PORTD :
		TOG_BIT(PORTD , A_u8PinNumber) ;
    1072:	a2 e3       	ldi	r26, 0x32	; 50
    1074:	b0 e0       	ldi	r27, 0x00	; 0
    1076:	e2 e3       	ldi	r30, 0x32	; 50
    1078:	f0 e0       	ldi	r31, 0x00	; 0
    107a:	80 81       	ld	r24, Z
    107c:	48 2f       	mov	r20, r24
    107e:	8a 81       	ldd	r24, Y+2	; 0x02
    1080:	28 2f       	mov	r18, r24
    1082:	30 e0       	ldi	r19, 0x00	; 0
    1084:	81 e0       	ldi	r24, 0x01	; 1
    1086:	90 e0       	ldi	r25, 0x00	; 0
    1088:	02 2e       	mov	r0, r18
    108a:	02 c0       	rjmp	.+4      	; 0x1090 <MDIO_voidTogPinValue+0xe4>
    108c:	88 0f       	add	r24, r24
    108e:	99 1f       	adc	r25, r25
    1090:	0a 94       	dec	r0
    1092:	e2 f7       	brpl	.-8      	; 0x108c <MDIO_voidTogPinValue+0xe0>
    1094:	84 27       	eor	r24, r20
    1096:	8c 93       	st	X, r24
		break ;
	}
}
    1098:	0f 90       	pop	r0
    109a:	0f 90       	pop	r0
    109c:	0f 90       	pop	r0
    109e:	0f 90       	pop	r0
    10a0:	cf 91       	pop	r28
    10a2:	df 91       	pop	r29
    10a4:	08 95       	ret

000010a6 <MDIO_u8GetPinValue>:
u8   MDIO_u8GetPinValue   (u8 A_u8PortName , u8 A_u8PinNumber               )
{
    10a6:	df 93       	push	r29
    10a8:	cf 93       	push	r28
    10aa:	00 d0       	rcall	.+0      	; 0x10ac <MDIO_u8GetPinValue+0x6>
    10ac:	00 d0       	rcall	.+0      	; 0x10ae <MDIO_u8GetPinValue+0x8>
    10ae:	0f 92       	push	r0
    10b0:	cd b7       	in	r28, 0x3d	; 61
    10b2:	de b7       	in	r29, 0x3e	; 62
    10b4:	8a 83       	std	Y+2, r24	; 0x02
    10b6:	6b 83       	std	Y+3, r22	; 0x03
	u8 L_u8PinValue ;
	switch (A_u8PortName)
    10b8:	8a 81       	ldd	r24, Y+2	; 0x02
    10ba:	28 2f       	mov	r18, r24
    10bc:	30 e0       	ldi	r19, 0x00	; 0
    10be:	3d 83       	std	Y+5, r19	; 0x05
    10c0:	2c 83       	std	Y+4, r18	; 0x04
    10c2:	4c 81       	ldd	r20, Y+4	; 0x04
    10c4:	5d 81       	ldd	r21, Y+5	; 0x05
    10c6:	41 30       	cpi	r20, 0x01	; 1
    10c8:	51 05       	cpc	r21, r1
    10ca:	b1 f1       	breq	.+108    	; 0x1138 <MDIO_u8GetPinValue+0x92>
    10cc:	8c 81       	ldd	r24, Y+4	; 0x04
    10ce:	9d 81       	ldd	r25, Y+5	; 0x05
    10d0:	82 30       	cpi	r24, 0x02	; 2
    10d2:	91 05       	cpc	r25, r1
    10d4:	34 f4       	brge	.+12     	; 0x10e2 <MDIO_u8GetPinValue+0x3c>
    10d6:	2c 81       	ldd	r18, Y+4	; 0x04
    10d8:	3d 81       	ldd	r19, Y+5	; 0x05
    10da:	21 15       	cp	r18, r1
    10dc:	31 05       	cpc	r19, r1
    10de:	71 f0       	breq	.+28     	; 0x10fc <MDIO_u8GetPinValue+0x56>
    10e0:	84 c0       	rjmp	.+264    	; 0x11ea <MDIO_u8GetPinValue+0x144>
    10e2:	4c 81       	ldd	r20, Y+4	; 0x04
    10e4:	5d 81       	ldd	r21, Y+5	; 0x05
    10e6:	42 30       	cpi	r20, 0x02	; 2
    10e8:	51 05       	cpc	r21, r1
    10ea:	09 f4       	brne	.+2      	; 0x10ee <MDIO_u8GetPinValue+0x48>
    10ec:	43 c0       	rjmp	.+134    	; 0x1174 <MDIO_u8GetPinValue+0xce>
    10ee:	8c 81       	ldd	r24, Y+4	; 0x04
    10f0:	9d 81       	ldd	r25, Y+5	; 0x05
    10f2:	83 30       	cpi	r24, 0x03	; 3
    10f4:	91 05       	cpc	r25, r1
    10f6:	09 f4       	brne	.+2      	; 0x10fa <MDIO_u8GetPinValue+0x54>
    10f8:	5b c0       	rjmp	.+182    	; 0x11b0 <MDIO_u8GetPinValue+0x10a>
    10fa:	77 c0       	rjmp	.+238    	; 0x11ea <MDIO_u8GetPinValue+0x144>
	{
	case DIO_PORTA :
		L_u8PinValue = READ_BIT(PINA , A_u8PinNumber) ;
    10fc:	e9 e3       	ldi	r30, 0x39	; 57
    10fe:	f0 e0       	ldi	r31, 0x00	; 0
    1100:	80 81       	ld	r24, Z
    1102:	48 2f       	mov	r20, r24
    1104:	50 e0       	ldi	r21, 0x00	; 0
    1106:	8b 81       	ldd	r24, Y+3	; 0x03
    1108:	28 2f       	mov	r18, r24
    110a:	30 e0       	ldi	r19, 0x00	; 0
    110c:	81 e0       	ldi	r24, 0x01	; 1
    110e:	90 e0       	ldi	r25, 0x00	; 0
    1110:	02 c0       	rjmp	.+4      	; 0x1116 <MDIO_u8GetPinValue+0x70>
    1112:	88 0f       	add	r24, r24
    1114:	99 1f       	adc	r25, r25
    1116:	2a 95       	dec	r18
    1118:	e2 f7       	brpl	.-8      	; 0x1112 <MDIO_u8GetPinValue+0x6c>
    111a:	9a 01       	movw	r18, r20
    111c:	28 23       	and	r18, r24
    111e:	39 23       	and	r19, r25
    1120:	8b 81       	ldd	r24, Y+3	; 0x03
    1122:	88 2f       	mov	r24, r24
    1124:	90 e0       	ldi	r25, 0x00	; 0
    1126:	a9 01       	movw	r20, r18
    1128:	02 c0       	rjmp	.+4      	; 0x112e <MDIO_u8GetPinValue+0x88>
    112a:	55 95       	asr	r21
    112c:	47 95       	ror	r20
    112e:	8a 95       	dec	r24
    1130:	e2 f7       	brpl	.-8      	; 0x112a <MDIO_u8GetPinValue+0x84>
    1132:	ca 01       	movw	r24, r20
    1134:	89 83       	std	Y+1, r24	; 0x01
    1136:	59 c0       	rjmp	.+178    	; 0x11ea <MDIO_u8GetPinValue+0x144>
		break ;
	case DIO_PORTB :
		L_u8PinValue = READ_BIT(PINB , A_u8PinNumber) ;
    1138:	e6 e3       	ldi	r30, 0x36	; 54
    113a:	f0 e0       	ldi	r31, 0x00	; 0
    113c:	80 81       	ld	r24, Z
    113e:	48 2f       	mov	r20, r24
    1140:	50 e0       	ldi	r21, 0x00	; 0
    1142:	8b 81       	ldd	r24, Y+3	; 0x03
    1144:	28 2f       	mov	r18, r24
    1146:	30 e0       	ldi	r19, 0x00	; 0
    1148:	81 e0       	ldi	r24, 0x01	; 1
    114a:	90 e0       	ldi	r25, 0x00	; 0
    114c:	02 c0       	rjmp	.+4      	; 0x1152 <MDIO_u8GetPinValue+0xac>
    114e:	88 0f       	add	r24, r24
    1150:	99 1f       	adc	r25, r25
    1152:	2a 95       	dec	r18
    1154:	e2 f7       	brpl	.-8      	; 0x114e <MDIO_u8GetPinValue+0xa8>
    1156:	9a 01       	movw	r18, r20
    1158:	28 23       	and	r18, r24
    115a:	39 23       	and	r19, r25
    115c:	8b 81       	ldd	r24, Y+3	; 0x03
    115e:	88 2f       	mov	r24, r24
    1160:	90 e0       	ldi	r25, 0x00	; 0
    1162:	a9 01       	movw	r20, r18
    1164:	02 c0       	rjmp	.+4      	; 0x116a <MDIO_u8GetPinValue+0xc4>
    1166:	55 95       	asr	r21
    1168:	47 95       	ror	r20
    116a:	8a 95       	dec	r24
    116c:	e2 f7       	brpl	.-8      	; 0x1166 <MDIO_u8GetPinValue+0xc0>
    116e:	ca 01       	movw	r24, r20
    1170:	89 83       	std	Y+1, r24	; 0x01
    1172:	3b c0       	rjmp	.+118    	; 0x11ea <MDIO_u8GetPinValue+0x144>
		break ;
	case DIO_PORTC :
		L_u8PinValue = READ_BIT(PINC , A_u8PinNumber) ;
    1174:	e3 e3       	ldi	r30, 0x33	; 51
    1176:	f0 e0       	ldi	r31, 0x00	; 0
    1178:	80 81       	ld	r24, Z
    117a:	48 2f       	mov	r20, r24
    117c:	50 e0       	ldi	r21, 0x00	; 0
    117e:	8b 81       	ldd	r24, Y+3	; 0x03
    1180:	28 2f       	mov	r18, r24
    1182:	30 e0       	ldi	r19, 0x00	; 0
    1184:	81 e0       	ldi	r24, 0x01	; 1
    1186:	90 e0       	ldi	r25, 0x00	; 0
    1188:	02 c0       	rjmp	.+4      	; 0x118e <MDIO_u8GetPinValue+0xe8>
    118a:	88 0f       	add	r24, r24
    118c:	99 1f       	adc	r25, r25
    118e:	2a 95       	dec	r18
    1190:	e2 f7       	brpl	.-8      	; 0x118a <MDIO_u8GetPinValue+0xe4>
    1192:	9a 01       	movw	r18, r20
    1194:	28 23       	and	r18, r24
    1196:	39 23       	and	r19, r25
    1198:	8b 81       	ldd	r24, Y+3	; 0x03
    119a:	88 2f       	mov	r24, r24
    119c:	90 e0       	ldi	r25, 0x00	; 0
    119e:	a9 01       	movw	r20, r18
    11a0:	02 c0       	rjmp	.+4      	; 0x11a6 <MDIO_u8GetPinValue+0x100>
    11a2:	55 95       	asr	r21
    11a4:	47 95       	ror	r20
    11a6:	8a 95       	dec	r24
    11a8:	e2 f7       	brpl	.-8      	; 0x11a2 <MDIO_u8GetPinValue+0xfc>
    11aa:	ca 01       	movw	r24, r20
    11ac:	89 83       	std	Y+1, r24	; 0x01
    11ae:	1d c0       	rjmp	.+58     	; 0x11ea <MDIO_u8GetPinValue+0x144>
		break ;
	case DIO_PORTD :
		L_u8PinValue = READ_BIT(PIND , A_u8PinNumber) ;
    11b0:	e0 e3       	ldi	r30, 0x30	; 48
    11b2:	f0 e0       	ldi	r31, 0x00	; 0
    11b4:	80 81       	ld	r24, Z
    11b6:	48 2f       	mov	r20, r24
    11b8:	50 e0       	ldi	r21, 0x00	; 0
    11ba:	8b 81       	ldd	r24, Y+3	; 0x03
    11bc:	28 2f       	mov	r18, r24
    11be:	30 e0       	ldi	r19, 0x00	; 0
    11c0:	81 e0       	ldi	r24, 0x01	; 1
    11c2:	90 e0       	ldi	r25, 0x00	; 0
    11c4:	02 c0       	rjmp	.+4      	; 0x11ca <MDIO_u8GetPinValue+0x124>
    11c6:	88 0f       	add	r24, r24
    11c8:	99 1f       	adc	r25, r25
    11ca:	2a 95       	dec	r18
    11cc:	e2 f7       	brpl	.-8      	; 0x11c6 <MDIO_u8GetPinValue+0x120>
    11ce:	9a 01       	movw	r18, r20
    11d0:	28 23       	and	r18, r24
    11d2:	39 23       	and	r19, r25
    11d4:	8b 81       	ldd	r24, Y+3	; 0x03
    11d6:	88 2f       	mov	r24, r24
    11d8:	90 e0       	ldi	r25, 0x00	; 0
    11da:	a9 01       	movw	r20, r18
    11dc:	02 c0       	rjmp	.+4      	; 0x11e2 <MDIO_u8GetPinValue+0x13c>
    11de:	55 95       	asr	r21
    11e0:	47 95       	ror	r20
    11e2:	8a 95       	dec	r24
    11e4:	e2 f7       	brpl	.-8      	; 0x11de <MDIO_u8GetPinValue+0x138>
    11e6:	ca 01       	movw	r24, r20
    11e8:	89 83       	std	Y+1, r24	; 0x01
		break ;
	}
	return L_u8PinValue ;
    11ea:	89 81       	ldd	r24, Y+1	; 0x01
}
    11ec:	0f 90       	pop	r0
    11ee:	0f 90       	pop	r0
    11f0:	0f 90       	pop	r0
    11f2:	0f 90       	pop	r0
    11f4:	0f 90       	pop	r0
    11f6:	cf 91       	pop	r28
    11f8:	df 91       	pop	r29
    11fa:	08 95       	ret

000011fc <MDIO_voidInitPort>:
void MDIO_voidInitPort    (u8 A_u8PortName , u8 A_u8Mode                    )
{
    11fc:	df 93       	push	r29
    11fe:	cf 93       	push	r28
    1200:	00 d0       	rcall	.+0      	; 0x1202 <MDIO_voidInitPort+0x6>
    1202:	00 d0       	rcall	.+0      	; 0x1204 <MDIO_voidInitPort+0x8>
    1204:	cd b7       	in	r28, 0x3d	; 61
    1206:	de b7       	in	r29, 0x3e	; 62
    1208:	89 83       	std	Y+1, r24	; 0x01
    120a:	6a 83       	std	Y+2, r22	; 0x02
	switch (A_u8PortName)
    120c:	89 81       	ldd	r24, Y+1	; 0x01
    120e:	28 2f       	mov	r18, r24
    1210:	30 e0       	ldi	r19, 0x00	; 0
    1212:	3c 83       	std	Y+4, r19	; 0x04
    1214:	2b 83       	std	Y+3, r18	; 0x03
    1216:	8b 81       	ldd	r24, Y+3	; 0x03
    1218:	9c 81       	ldd	r25, Y+4	; 0x04
    121a:	81 30       	cpi	r24, 0x01	; 1
    121c:	91 05       	cpc	r25, r1
    121e:	d1 f0       	breq	.+52     	; 0x1254 <MDIO_voidInitPort+0x58>
    1220:	2b 81       	ldd	r18, Y+3	; 0x03
    1222:	3c 81       	ldd	r19, Y+4	; 0x04
    1224:	22 30       	cpi	r18, 0x02	; 2
    1226:	31 05       	cpc	r19, r1
    1228:	2c f4       	brge	.+10     	; 0x1234 <MDIO_voidInitPort+0x38>
    122a:	8b 81       	ldd	r24, Y+3	; 0x03
    122c:	9c 81       	ldd	r25, Y+4	; 0x04
    122e:	00 97       	sbiw	r24, 0x00	; 0
    1230:	61 f0       	breq	.+24     	; 0x124a <MDIO_voidInitPort+0x4e>
    1232:	1e c0       	rjmp	.+60     	; 0x1270 <MDIO_voidInitPort+0x74>
    1234:	2b 81       	ldd	r18, Y+3	; 0x03
    1236:	3c 81       	ldd	r19, Y+4	; 0x04
    1238:	22 30       	cpi	r18, 0x02	; 2
    123a:	31 05       	cpc	r19, r1
    123c:	81 f0       	breq	.+32     	; 0x125e <MDIO_voidInitPort+0x62>
    123e:	8b 81       	ldd	r24, Y+3	; 0x03
    1240:	9c 81       	ldd	r25, Y+4	; 0x04
    1242:	83 30       	cpi	r24, 0x03	; 3
    1244:	91 05       	cpc	r25, r1
    1246:	81 f0       	breq	.+32     	; 0x1268 <MDIO_voidInitPort+0x6c>
    1248:	13 c0       	rjmp	.+38     	; 0x1270 <MDIO_voidInitPort+0x74>
	{
	case DIO_PORTA :
		DDRA = A_u8Mode ;
    124a:	ea e3       	ldi	r30, 0x3A	; 58
    124c:	f0 e0       	ldi	r31, 0x00	; 0
    124e:	8a 81       	ldd	r24, Y+2	; 0x02
    1250:	80 83       	st	Z, r24
    1252:	0e c0       	rjmp	.+28     	; 0x1270 <MDIO_voidInitPort+0x74>
		break ;
	case DIO_PORTB :
		DDRB = A_u8Mode ;
    1254:	e7 e3       	ldi	r30, 0x37	; 55
    1256:	f0 e0       	ldi	r31, 0x00	; 0
    1258:	8a 81       	ldd	r24, Y+2	; 0x02
    125a:	80 83       	st	Z, r24
    125c:	09 c0       	rjmp	.+18     	; 0x1270 <MDIO_voidInitPort+0x74>
		break ;
	case DIO_PORTC :
		DDRC = A_u8Mode ;
    125e:	e4 e3       	ldi	r30, 0x34	; 52
    1260:	f0 e0       	ldi	r31, 0x00	; 0
    1262:	8a 81       	ldd	r24, Y+2	; 0x02
    1264:	80 83       	st	Z, r24
    1266:	04 c0       	rjmp	.+8      	; 0x1270 <MDIO_voidInitPort+0x74>
		break ;
	case DIO_PORTD :
		DDRD = A_u8Mode ;
    1268:	e1 e3       	ldi	r30, 0x31	; 49
    126a:	f0 e0       	ldi	r31, 0x00	; 0
    126c:	8a 81       	ldd	r24, Y+2	; 0x02
    126e:	80 83       	st	Z, r24
		break ;
	}
}
    1270:	0f 90       	pop	r0
    1272:	0f 90       	pop	r0
    1274:	0f 90       	pop	r0
    1276:	0f 90       	pop	r0
    1278:	cf 91       	pop	r28
    127a:	df 91       	pop	r29
    127c:	08 95       	ret

0000127e <MDIO_voidSetPortValue>:
void MDIO_voidSetPortValue(u8 A_u8PortName , u8 A_u8Value                   )
{
    127e:	df 93       	push	r29
    1280:	cf 93       	push	r28
    1282:	00 d0       	rcall	.+0      	; 0x1284 <MDIO_voidSetPortValue+0x6>
    1284:	00 d0       	rcall	.+0      	; 0x1286 <MDIO_voidSetPortValue+0x8>
    1286:	cd b7       	in	r28, 0x3d	; 61
    1288:	de b7       	in	r29, 0x3e	; 62
    128a:	89 83       	std	Y+1, r24	; 0x01
    128c:	6a 83       	std	Y+2, r22	; 0x02
	switch (A_u8PortName)
    128e:	89 81       	ldd	r24, Y+1	; 0x01
    1290:	28 2f       	mov	r18, r24
    1292:	30 e0       	ldi	r19, 0x00	; 0
    1294:	3c 83       	std	Y+4, r19	; 0x04
    1296:	2b 83       	std	Y+3, r18	; 0x03
    1298:	8b 81       	ldd	r24, Y+3	; 0x03
    129a:	9c 81       	ldd	r25, Y+4	; 0x04
    129c:	81 30       	cpi	r24, 0x01	; 1
    129e:	91 05       	cpc	r25, r1
    12a0:	d1 f0       	breq	.+52     	; 0x12d6 <MDIO_voidSetPortValue+0x58>
    12a2:	2b 81       	ldd	r18, Y+3	; 0x03
    12a4:	3c 81       	ldd	r19, Y+4	; 0x04
    12a6:	22 30       	cpi	r18, 0x02	; 2
    12a8:	31 05       	cpc	r19, r1
    12aa:	2c f4       	brge	.+10     	; 0x12b6 <MDIO_voidSetPortValue+0x38>
    12ac:	8b 81       	ldd	r24, Y+3	; 0x03
    12ae:	9c 81       	ldd	r25, Y+4	; 0x04
    12b0:	00 97       	sbiw	r24, 0x00	; 0
    12b2:	61 f0       	breq	.+24     	; 0x12cc <MDIO_voidSetPortValue+0x4e>
    12b4:	1e c0       	rjmp	.+60     	; 0x12f2 <MDIO_voidSetPortValue+0x74>
    12b6:	2b 81       	ldd	r18, Y+3	; 0x03
    12b8:	3c 81       	ldd	r19, Y+4	; 0x04
    12ba:	22 30       	cpi	r18, 0x02	; 2
    12bc:	31 05       	cpc	r19, r1
    12be:	81 f0       	breq	.+32     	; 0x12e0 <MDIO_voidSetPortValue+0x62>
    12c0:	8b 81       	ldd	r24, Y+3	; 0x03
    12c2:	9c 81       	ldd	r25, Y+4	; 0x04
    12c4:	83 30       	cpi	r24, 0x03	; 3
    12c6:	91 05       	cpc	r25, r1
    12c8:	81 f0       	breq	.+32     	; 0x12ea <MDIO_voidSetPortValue+0x6c>
    12ca:	13 c0       	rjmp	.+38     	; 0x12f2 <MDIO_voidSetPortValue+0x74>
	{
	case DIO_PORTA :
		PORTA = A_u8Value ;
    12cc:	eb e3       	ldi	r30, 0x3B	; 59
    12ce:	f0 e0       	ldi	r31, 0x00	; 0
    12d0:	8a 81       	ldd	r24, Y+2	; 0x02
    12d2:	80 83       	st	Z, r24
    12d4:	0e c0       	rjmp	.+28     	; 0x12f2 <MDIO_voidSetPortValue+0x74>
		break ;
	case DIO_PORTB :
		PORTB = A_u8Value ;
    12d6:	e8 e3       	ldi	r30, 0x38	; 56
    12d8:	f0 e0       	ldi	r31, 0x00	; 0
    12da:	8a 81       	ldd	r24, Y+2	; 0x02
    12dc:	80 83       	st	Z, r24
    12de:	09 c0       	rjmp	.+18     	; 0x12f2 <MDIO_voidSetPortValue+0x74>
		break ;
	case DIO_PORTC :
		PORTC = A_u8Value ;
    12e0:	e5 e3       	ldi	r30, 0x35	; 53
    12e2:	f0 e0       	ldi	r31, 0x00	; 0
    12e4:	8a 81       	ldd	r24, Y+2	; 0x02
    12e6:	80 83       	st	Z, r24
    12e8:	04 c0       	rjmp	.+8      	; 0x12f2 <MDIO_voidSetPortValue+0x74>
		break ;
	case DIO_PORTD :
		PORTD = A_u8Value ;
    12ea:	e2 e3       	ldi	r30, 0x32	; 50
    12ec:	f0 e0       	ldi	r31, 0x00	; 0
    12ee:	8a 81       	ldd	r24, Y+2	; 0x02
    12f0:	80 83       	st	Z, r24
		break ;
	}
}
    12f2:	0f 90       	pop	r0
    12f4:	0f 90       	pop	r0
    12f6:	0f 90       	pop	r0
    12f8:	0f 90       	pop	r0
    12fa:	cf 91       	pop	r28
    12fc:	df 91       	pop	r29
    12fe:	08 95       	ret

00001300 <MDIO_voidTogPortValue>:
void MDIO_voidTogPortValue(u8 A_u8PortName                                  )
{
    1300:	df 93       	push	r29
    1302:	cf 93       	push	r28
    1304:	00 d0       	rcall	.+0      	; 0x1306 <MDIO_voidTogPortValue+0x6>
    1306:	0f 92       	push	r0
    1308:	cd b7       	in	r28, 0x3d	; 61
    130a:	de b7       	in	r29, 0x3e	; 62
    130c:	89 83       	std	Y+1, r24	; 0x01
	switch (A_u8PortName)
    130e:	89 81       	ldd	r24, Y+1	; 0x01
    1310:	28 2f       	mov	r18, r24
    1312:	30 e0       	ldi	r19, 0x00	; 0
    1314:	3b 83       	std	Y+3, r19	; 0x03
    1316:	2a 83       	std	Y+2, r18	; 0x02
    1318:	8a 81       	ldd	r24, Y+2	; 0x02
    131a:	9b 81       	ldd	r25, Y+3	; 0x03
    131c:	81 30       	cpi	r24, 0x01	; 1
    131e:	91 05       	cpc	r25, r1
    1320:	e9 f0       	breq	.+58     	; 0x135c <MDIO_voidTogPortValue+0x5c>
    1322:	2a 81       	ldd	r18, Y+2	; 0x02
    1324:	3b 81       	ldd	r19, Y+3	; 0x03
    1326:	22 30       	cpi	r18, 0x02	; 2
    1328:	31 05       	cpc	r19, r1
    132a:	2c f4       	brge	.+10     	; 0x1336 <MDIO_voidTogPortValue+0x36>
    132c:	8a 81       	ldd	r24, Y+2	; 0x02
    132e:	9b 81       	ldd	r25, Y+3	; 0x03
    1330:	00 97       	sbiw	r24, 0x00	; 0
    1332:	61 f0       	breq	.+24     	; 0x134c <MDIO_voidTogPortValue+0x4c>
    1334:	2a c0       	rjmp	.+84     	; 0x138a <MDIO_voidTogPortValue+0x8a>
    1336:	2a 81       	ldd	r18, Y+2	; 0x02
    1338:	3b 81       	ldd	r19, Y+3	; 0x03
    133a:	22 30       	cpi	r18, 0x02	; 2
    133c:	31 05       	cpc	r19, r1
    133e:	b1 f0       	breq	.+44     	; 0x136c <MDIO_voidTogPortValue+0x6c>
    1340:	8a 81       	ldd	r24, Y+2	; 0x02
    1342:	9b 81       	ldd	r25, Y+3	; 0x03
    1344:	83 30       	cpi	r24, 0x03	; 3
    1346:	91 05       	cpc	r25, r1
    1348:	c9 f0       	breq	.+50     	; 0x137c <MDIO_voidTogPortValue+0x7c>
    134a:	1f c0       	rjmp	.+62     	; 0x138a <MDIO_voidTogPortValue+0x8a>
	{
	case DIO_PORTA :
		PORTA = ~PORTA ;
    134c:	ab e3       	ldi	r26, 0x3B	; 59
    134e:	b0 e0       	ldi	r27, 0x00	; 0
    1350:	eb e3       	ldi	r30, 0x3B	; 59
    1352:	f0 e0       	ldi	r31, 0x00	; 0
    1354:	80 81       	ld	r24, Z
    1356:	80 95       	com	r24
    1358:	8c 93       	st	X, r24
    135a:	17 c0       	rjmp	.+46     	; 0x138a <MDIO_voidTogPortValue+0x8a>
		break ;
	case DIO_PORTB :
		PORTB = ~PORTB ;
    135c:	a8 e3       	ldi	r26, 0x38	; 56
    135e:	b0 e0       	ldi	r27, 0x00	; 0
    1360:	e8 e3       	ldi	r30, 0x38	; 56
    1362:	f0 e0       	ldi	r31, 0x00	; 0
    1364:	80 81       	ld	r24, Z
    1366:	80 95       	com	r24
    1368:	8c 93       	st	X, r24
    136a:	0f c0       	rjmp	.+30     	; 0x138a <MDIO_voidTogPortValue+0x8a>
		break ;
	case DIO_PORTC :
		PORTC = ~PORTC ;
    136c:	a5 e3       	ldi	r26, 0x35	; 53
    136e:	b0 e0       	ldi	r27, 0x00	; 0
    1370:	e5 e3       	ldi	r30, 0x35	; 53
    1372:	f0 e0       	ldi	r31, 0x00	; 0
    1374:	80 81       	ld	r24, Z
    1376:	80 95       	com	r24
    1378:	8c 93       	st	X, r24
    137a:	07 c0       	rjmp	.+14     	; 0x138a <MDIO_voidTogPortValue+0x8a>
		break ;
	case DIO_PORTD :
		PORTD = ~PORTD ;
    137c:	a2 e3       	ldi	r26, 0x32	; 50
    137e:	b0 e0       	ldi	r27, 0x00	; 0
    1380:	e2 e3       	ldi	r30, 0x32	; 50
    1382:	f0 e0       	ldi	r31, 0x00	; 0
    1384:	80 81       	ld	r24, Z
    1386:	80 95       	com	r24
    1388:	8c 93       	st	X, r24
		break ;
	}
}
    138a:	0f 90       	pop	r0
    138c:	0f 90       	pop	r0
    138e:	0f 90       	pop	r0
    1390:	cf 91       	pop	r28
    1392:	df 91       	pop	r29
    1394:	08 95       	ret

00001396 <MDIO_u8GetPortValue>:
u8   MDIO_u8GetPortValue  (u8 A_u8PortName                                  )
{
    1396:	df 93       	push	r29
    1398:	cf 93       	push	r28
    139a:	00 d0       	rcall	.+0      	; 0x139c <MDIO_u8GetPortValue+0x6>
    139c:	00 d0       	rcall	.+0      	; 0x139e <MDIO_u8GetPortValue+0x8>
    139e:	cd b7       	in	r28, 0x3d	; 61
    13a0:	de b7       	in	r29, 0x3e	; 62
    13a2:	8a 83       	std	Y+2, r24	; 0x02
	u8 L_u8PortValue ;
	switch (A_u8PortName)
    13a4:	8a 81       	ldd	r24, Y+2	; 0x02
    13a6:	28 2f       	mov	r18, r24
    13a8:	30 e0       	ldi	r19, 0x00	; 0
    13aa:	3c 83       	std	Y+4, r19	; 0x04
    13ac:	2b 83       	std	Y+3, r18	; 0x03
    13ae:	8b 81       	ldd	r24, Y+3	; 0x03
    13b0:	9c 81       	ldd	r25, Y+4	; 0x04
    13b2:	81 30       	cpi	r24, 0x01	; 1
    13b4:	91 05       	cpc	r25, r1
    13b6:	d1 f0       	breq	.+52     	; 0x13ec <MDIO_u8GetPortValue+0x56>
    13b8:	2b 81       	ldd	r18, Y+3	; 0x03
    13ba:	3c 81       	ldd	r19, Y+4	; 0x04
    13bc:	22 30       	cpi	r18, 0x02	; 2
    13be:	31 05       	cpc	r19, r1
    13c0:	2c f4       	brge	.+10     	; 0x13cc <MDIO_u8GetPortValue+0x36>
    13c2:	8b 81       	ldd	r24, Y+3	; 0x03
    13c4:	9c 81       	ldd	r25, Y+4	; 0x04
    13c6:	00 97       	sbiw	r24, 0x00	; 0
    13c8:	61 f0       	breq	.+24     	; 0x13e2 <MDIO_u8GetPortValue+0x4c>
    13ca:	1e c0       	rjmp	.+60     	; 0x1408 <MDIO_u8GetPortValue+0x72>
    13cc:	2b 81       	ldd	r18, Y+3	; 0x03
    13ce:	3c 81       	ldd	r19, Y+4	; 0x04
    13d0:	22 30       	cpi	r18, 0x02	; 2
    13d2:	31 05       	cpc	r19, r1
    13d4:	81 f0       	breq	.+32     	; 0x13f6 <MDIO_u8GetPortValue+0x60>
    13d6:	8b 81       	ldd	r24, Y+3	; 0x03
    13d8:	9c 81       	ldd	r25, Y+4	; 0x04
    13da:	83 30       	cpi	r24, 0x03	; 3
    13dc:	91 05       	cpc	r25, r1
    13de:	81 f0       	breq	.+32     	; 0x1400 <MDIO_u8GetPortValue+0x6a>
    13e0:	13 c0       	rjmp	.+38     	; 0x1408 <MDIO_u8GetPortValue+0x72>
	{
	case DIO_PORTA :
		L_u8PortValue = PINA ;
    13e2:	e9 e3       	ldi	r30, 0x39	; 57
    13e4:	f0 e0       	ldi	r31, 0x00	; 0
    13e6:	80 81       	ld	r24, Z
    13e8:	89 83       	std	Y+1, r24	; 0x01
    13ea:	0e c0       	rjmp	.+28     	; 0x1408 <MDIO_u8GetPortValue+0x72>
		break ;
	case DIO_PORTB :
		L_u8PortValue = PINB ;
    13ec:	e6 e3       	ldi	r30, 0x36	; 54
    13ee:	f0 e0       	ldi	r31, 0x00	; 0
    13f0:	80 81       	ld	r24, Z
    13f2:	89 83       	std	Y+1, r24	; 0x01
    13f4:	09 c0       	rjmp	.+18     	; 0x1408 <MDIO_u8GetPortValue+0x72>
		break ;
	case DIO_PORTC :
		L_u8PortValue = PINC ;
    13f6:	e3 e3       	ldi	r30, 0x33	; 51
    13f8:	f0 e0       	ldi	r31, 0x00	; 0
    13fa:	80 81       	ld	r24, Z
    13fc:	89 83       	std	Y+1, r24	; 0x01
    13fe:	04 c0       	rjmp	.+8      	; 0x1408 <MDIO_u8GetPortValue+0x72>
		break ;
	case DIO_PORTD :
		L_u8PortValue = PIND ;
    1400:	e0 e3       	ldi	r30, 0x30	; 48
    1402:	f0 e0       	ldi	r31, 0x00	; 0
    1404:	80 81       	ld	r24, Z
    1406:	89 83       	std	Y+1, r24	; 0x01
		break ;
	}
	return L_u8PortValue ;
    1408:	89 81       	ldd	r24, Y+1	; 0x01
}
    140a:	0f 90       	pop	r0
    140c:	0f 90       	pop	r0
    140e:	0f 90       	pop	r0
    1410:	0f 90       	pop	r0
    1412:	cf 91       	pop	r28
    1414:	df 91       	pop	r29
    1416:	08 95       	ret

00001418 <MADC_voidInit>:

#include "ADC.h"

void (*ADCPtr)(void) ;
void MADC_voidInit                  (u8 A_u8Prescaller , u8 A_u8Ref)
{
    1418:	df 93       	push	r29
    141a:	cf 93       	push	r28
    141c:	00 d0       	rcall	.+0      	; 0x141e <MADC_voidInit+0x6>
    141e:	00 d0       	rcall	.+0      	; 0x1420 <MADC_voidInit+0x8>
    1420:	00 d0       	rcall	.+0      	; 0x1422 <MADC_voidInit+0xa>
    1422:	cd b7       	in	r28, 0x3d	; 61
    1424:	de b7       	in	r29, 0x3e	; 62
    1426:	89 83       	std	Y+1, r24	; 0x01
    1428:	6a 83       	std	Y+2, r22	; 0x02
	switch (A_u8Ref)
    142a:	8a 81       	ldd	r24, Y+2	; 0x02
    142c:	28 2f       	mov	r18, r24
    142e:	30 e0       	ldi	r19, 0x00	; 0
    1430:	3e 83       	std	Y+6, r19	; 0x06
    1432:	2d 83       	std	Y+5, r18	; 0x05
    1434:	8d 81       	ldd	r24, Y+5	; 0x05
    1436:	9e 81       	ldd	r25, Y+6	; 0x06
    1438:	81 30       	cpi	r24, 0x01	; 1
    143a:	91 05       	cpc	r25, r1
    143c:	c1 f0       	breq	.+48     	; 0x146e <MADC_voidInit+0x56>
    143e:	2d 81       	ldd	r18, Y+5	; 0x05
    1440:	3e 81       	ldd	r19, Y+6	; 0x06
    1442:	22 30       	cpi	r18, 0x02	; 2
    1444:	31 05       	cpc	r19, r1
    1446:	11 f1       	breq	.+68     	; 0x148c <MADC_voidInit+0x74>
    1448:	8d 81       	ldd	r24, Y+5	; 0x05
    144a:	9e 81       	ldd	r25, Y+6	; 0x06
    144c:	00 97       	sbiw	r24, 0x00	; 0
    144e:	61 f5       	brne	.+88     	; 0x14a8 <MADC_voidInit+0x90>
	{
	case REF_AREF     :
		CLR_BIT(ADMUX , 6) ;
    1450:	a7 e2       	ldi	r26, 0x27	; 39
    1452:	b0 e0       	ldi	r27, 0x00	; 0
    1454:	e7 e2       	ldi	r30, 0x27	; 39
    1456:	f0 e0       	ldi	r31, 0x00	; 0
    1458:	80 81       	ld	r24, Z
    145a:	8f 7b       	andi	r24, 0xBF	; 191
    145c:	8c 93       	st	X, r24
		CLR_BIT(ADMUX , 7) ;
    145e:	a7 e2       	ldi	r26, 0x27	; 39
    1460:	b0 e0       	ldi	r27, 0x00	; 0
    1462:	e7 e2       	ldi	r30, 0x27	; 39
    1464:	f0 e0       	ldi	r31, 0x00	; 0
    1466:	80 81       	ld	r24, Z
    1468:	8f 77       	andi	r24, 0x7F	; 127
    146a:	8c 93       	st	X, r24
    146c:	1d c0       	rjmp	.+58     	; 0x14a8 <MADC_voidInit+0x90>
		break ;
	case REF_AVCC     :
		SET_BIT(ADMUX , 6) ;
    146e:	a7 e2       	ldi	r26, 0x27	; 39
    1470:	b0 e0       	ldi	r27, 0x00	; 0
    1472:	e7 e2       	ldi	r30, 0x27	; 39
    1474:	f0 e0       	ldi	r31, 0x00	; 0
    1476:	80 81       	ld	r24, Z
    1478:	80 64       	ori	r24, 0x40	; 64
    147a:	8c 93       	st	X, r24
		CLR_BIT(ADMUX , 7) ;
    147c:	a7 e2       	ldi	r26, 0x27	; 39
    147e:	b0 e0       	ldi	r27, 0x00	; 0
    1480:	e7 e2       	ldi	r30, 0x27	; 39
    1482:	f0 e0       	ldi	r31, 0x00	; 0
    1484:	80 81       	ld	r24, Z
    1486:	8f 77       	andi	r24, 0x7F	; 127
    1488:	8c 93       	st	X, r24
    148a:	0e c0       	rjmp	.+28     	; 0x14a8 <MADC_voidInit+0x90>
		break ;
	case REF_INTERNAL :
		SET_BIT(ADMUX , 6) ;
    148c:	a7 e2       	ldi	r26, 0x27	; 39
    148e:	b0 e0       	ldi	r27, 0x00	; 0
    1490:	e7 e2       	ldi	r30, 0x27	; 39
    1492:	f0 e0       	ldi	r31, 0x00	; 0
    1494:	80 81       	ld	r24, Z
    1496:	80 64       	ori	r24, 0x40	; 64
    1498:	8c 93       	st	X, r24
		SET_BIT(ADMUX , 7) ;
    149a:	a7 e2       	ldi	r26, 0x27	; 39
    149c:	b0 e0       	ldi	r27, 0x00	; 0
    149e:	e7 e2       	ldi	r30, 0x27	; 39
    14a0:	f0 e0       	ldi	r31, 0x00	; 0
    14a2:	80 81       	ld	r24, Z
    14a4:	80 68       	ori	r24, 0x80	; 128
    14a6:	8c 93       	st	X, r24
		break ;
	}
	SET_BIT(ADCSRA , 7) ;
    14a8:	a6 e2       	ldi	r26, 0x26	; 38
    14aa:	b0 e0       	ldi	r27, 0x00	; 0
    14ac:	e6 e2       	ldi	r30, 0x26	; 38
    14ae:	f0 e0       	ldi	r31, 0x00	; 0
    14b0:	80 81       	ld	r24, Z
    14b2:	80 68       	ori	r24, 0x80	; 128
    14b4:	8c 93       	st	X, r24
#if ADC_INTERRUPT_ENABLE == 1
	SET_BIT(ADCSRA , 3) ;
    14b6:	a6 e2       	ldi	r26, 0x26	; 38
    14b8:	b0 e0       	ldi	r27, 0x00	; 0
    14ba:	e6 e2       	ldi	r30, 0x26	; 38
    14bc:	f0 e0       	ldi	r31, 0x00	; 0
    14be:	80 81       	ld	r24, Z
    14c0:	88 60       	ori	r24, 0x08	; 8
    14c2:	8c 93       	st	X, r24
	SET_BIT(SREG , 7) ;
    14c4:	af e5       	ldi	r26, 0x5F	; 95
    14c6:	b0 e0       	ldi	r27, 0x00	; 0
    14c8:	ef e5       	ldi	r30, 0x5F	; 95
    14ca:	f0 e0       	ldi	r31, 0x00	; 0
    14cc:	80 81       	ld	r24, Z
    14ce:	80 68       	ori	r24, 0x80	; 128
    14d0:	8c 93       	st	X, r24
#endif

	switch (A_u8Prescaller)
    14d2:	89 81       	ldd	r24, Y+1	; 0x01
    14d4:	28 2f       	mov	r18, r24
    14d6:	30 e0       	ldi	r19, 0x00	; 0
    14d8:	3c 83       	std	Y+4, r19	; 0x04
    14da:	2b 83       	std	Y+3, r18	; 0x03
    14dc:	8b 81       	ldd	r24, Y+3	; 0x03
    14de:	9c 81       	ldd	r25, Y+4	; 0x04
    14e0:	83 30       	cpi	r24, 0x03	; 3
    14e2:	91 05       	cpc	r25, r1
    14e4:	09 f4       	brne	.+2      	; 0x14e8 <MADC_voidInit+0xd0>
    14e6:	6a c0       	rjmp	.+212    	; 0x15bc <MADC_voidInit+0x1a4>
    14e8:	2b 81       	ldd	r18, Y+3	; 0x03
    14ea:	3c 81       	ldd	r19, Y+4	; 0x04
    14ec:	24 30       	cpi	r18, 0x04	; 4
    14ee:	31 05       	cpc	r19, r1
    14f0:	84 f4       	brge	.+32     	; 0x1512 <MADC_voidInit+0xfa>
    14f2:	8b 81       	ldd	r24, Y+3	; 0x03
    14f4:	9c 81       	ldd	r25, Y+4	; 0x04
    14f6:	81 30       	cpi	r24, 0x01	; 1
    14f8:	91 05       	cpc	r25, r1
    14fa:	a1 f1       	breq	.+104    	; 0x1564 <MADC_voidInit+0x14c>
    14fc:	2b 81       	ldd	r18, Y+3	; 0x03
    14fe:	3c 81       	ldd	r19, Y+4	; 0x04
    1500:	22 30       	cpi	r18, 0x02	; 2
    1502:	31 05       	cpc	r19, r1
    1504:	0c f0       	brlt	.+2      	; 0x1508 <MADC_voidInit+0xf0>
    1506:	44 c0       	rjmp	.+136    	; 0x1590 <MADC_voidInit+0x178>
    1508:	8b 81       	ldd	r24, Y+3	; 0x03
    150a:	9c 81       	ldd	r25, Y+4	; 0x04
    150c:	00 97       	sbiw	r24, 0x00	; 0
    150e:	a1 f0       	breq	.+40     	; 0x1538 <MADC_voidInit+0x120>
    1510:	ac c0       	rjmp	.+344    	; 0x166a <MADC_voidInit+0x252>
    1512:	2b 81       	ldd	r18, Y+3	; 0x03
    1514:	3c 81       	ldd	r19, Y+4	; 0x04
    1516:	25 30       	cpi	r18, 0x05	; 5
    1518:	31 05       	cpc	r19, r1
    151a:	09 f4       	brne	.+2      	; 0x151e <MADC_voidInit+0x106>
    151c:	7b c0       	rjmp	.+246    	; 0x1614 <MADC_voidInit+0x1fc>
    151e:	8b 81       	ldd	r24, Y+3	; 0x03
    1520:	9c 81       	ldd	r25, Y+4	; 0x04
    1522:	85 30       	cpi	r24, 0x05	; 5
    1524:	91 05       	cpc	r25, r1
    1526:	0c f4       	brge	.+2      	; 0x152a <MADC_voidInit+0x112>
    1528:	5f c0       	rjmp	.+190    	; 0x15e8 <MADC_voidInit+0x1d0>
    152a:	2b 81       	ldd	r18, Y+3	; 0x03
    152c:	3c 81       	ldd	r19, Y+4	; 0x04
    152e:	26 30       	cpi	r18, 0x06	; 6
    1530:	31 05       	cpc	r19, r1
    1532:	09 f4       	brne	.+2      	; 0x1536 <MADC_voidInit+0x11e>
    1534:	85 c0       	rjmp	.+266    	; 0x1640 <MADC_voidInit+0x228>
    1536:	99 c0       	rjmp	.+306    	; 0x166a <MADC_voidInit+0x252>
	{
	case ADC_PRESCALLER_2   :
		CLR_BIT(ADCSRA , 0) ;
    1538:	a6 e2       	ldi	r26, 0x26	; 38
    153a:	b0 e0       	ldi	r27, 0x00	; 0
    153c:	e6 e2       	ldi	r30, 0x26	; 38
    153e:	f0 e0       	ldi	r31, 0x00	; 0
    1540:	80 81       	ld	r24, Z
    1542:	8e 7f       	andi	r24, 0xFE	; 254
    1544:	8c 93       	st	X, r24
		CLR_BIT(ADCSRA , 1) ;
    1546:	a6 e2       	ldi	r26, 0x26	; 38
    1548:	b0 e0       	ldi	r27, 0x00	; 0
    154a:	e6 e2       	ldi	r30, 0x26	; 38
    154c:	f0 e0       	ldi	r31, 0x00	; 0
    154e:	80 81       	ld	r24, Z
    1550:	8d 7f       	andi	r24, 0xFD	; 253
    1552:	8c 93       	st	X, r24
		CLR_BIT(ADCSRA , 2) ;
    1554:	a6 e2       	ldi	r26, 0x26	; 38
    1556:	b0 e0       	ldi	r27, 0x00	; 0
    1558:	e6 e2       	ldi	r30, 0x26	; 38
    155a:	f0 e0       	ldi	r31, 0x00	; 0
    155c:	80 81       	ld	r24, Z
    155e:	8b 7f       	andi	r24, 0xFB	; 251
    1560:	8c 93       	st	X, r24
    1562:	83 c0       	rjmp	.+262    	; 0x166a <MADC_voidInit+0x252>
		break ;
	case ADC_PRESCALLER_4   :
		CLR_BIT(ADCSRA , 0) ;
    1564:	a6 e2       	ldi	r26, 0x26	; 38
    1566:	b0 e0       	ldi	r27, 0x00	; 0
    1568:	e6 e2       	ldi	r30, 0x26	; 38
    156a:	f0 e0       	ldi	r31, 0x00	; 0
    156c:	80 81       	ld	r24, Z
    156e:	8e 7f       	andi	r24, 0xFE	; 254
    1570:	8c 93       	st	X, r24
		SET_BIT(ADCSRA , 1) ;
    1572:	a6 e2       	ldi	r26, 0x26	; 38
    1574:	b0 e0       	ldi	r27, 0x00	; 0
    1576:	e6 e2       	ldi	r30, 0x26	; 38
    1578:	f0 e0       	ldi	r31, 0x00	; 0
    157a:	80 81       	ld	r24, Z
    157c:	82 60       	ori	r24, 0x02	; 2
    157e:	8c 93       	st	X, r24
		CLR_BIT(ADCSRA , 2) ;
    1580:	a6 e2       	ldi	r26, 0x26	; 38
    1582:	b0 e0       	ldi	r27, 0x00	; 0
    1584:	e6 e2       	ldi	r30, 0x26	; 38
    1586:	f0 e0       	ldi	r31, 0x00	; 0
    1588:	80 81       	ld	r24, Z
    158a:	8b 7f       	andi	r24, 0xFB	; 251
    158c:	8c 93       	st	X, r24
    158e:	6d c0       	rjmp	.+218    	; 0x166a <MADC_voidInit+0x252>
		break ;
	case ADC_PRESCALLER_8   :
		SET_BIT(ADCSRA , 0) ;
    1590:	a6 e2       	ldi	r26, 0x26	; 38
    1592:	b0 e0       	ldi	r27, 0x00	; 0
    1594:	e6 e2       	ldi	r30, 0x26	; 38
    1596:	f0 e0       	ldi	r31, 0x00	; 0
    1598:	80 81       	ld	r24, Z
    159a:	81 60       	ori	r24, 0x01	; 1
    159c:	8c 93       	st	X, r24
		SET_BIT(ADCSRA , 1) ;
    159e:	a6 e2       	ldi	r26, 0x26	; 38
    15a0:	b0 e0       	ldi	r27, 0x00	; 0
    15a2:	e6 e2       	ldi	r30, 0x26	; 38
    15a4:	f0 e0       	ldi	r31, 0x00	; 0
    15a6:	80 81       	ld	r24, Z
    15a8:	82 60       	ori	r24, 0x02	; 2
    15aa:	8c 93       	st	X, r24
		CLR_BIT(ADCSRA , 2) ;
    15ac:	a6 e2       	ldi	r26, 0x26	; 38
    15ae:	b0 e0       	ldi	r27, 0x00	; 0
    15b0:	e6 e2       	ldi	r30, 0x26	; 38
    15b2:	f0 e0       	ldi	r31, 0x00	; 0
    15b4:	80 81       	ld	r24, Z
    15b6:	8b 7f       	andi	r24, 0xFB	; 251
    15b8:	8c 93       	st	X, r24
    15ba:	57 c0       	rjmp	.+174    	; 0x166a <MADC_voidInit+0x252>
		break ;
	case ADC_PRESCALLER_16  :
		CLR_BIT(ADCSRA , 0) ;
    15bc:	a6 e2       	ldi	r26, 0x26	; 38
    15be:	b0 e0       	ldi	r27, 0x00	; 0
    15c0:	e6 e2       	ldi	r30, 0x26	; 38
    15c2:	f0 e0       	ldi	r31, 0x00	; 0
    15c4:	80 81       	ld	r24, Z
    15c6:	8e 7f       	andi	r24, 0xFE	; 254
    15c8:	8c 93       	st	X, r24
		CLR_BIT(ADCSRA , 1) ;
    15ca:	a6 e2       	ldi	r26, 0x26	; 38
    15cc:	b0 e0       	ldi	r27, 0x00	; 0
    15ce:	e6 e2       	ldi	r30, 0x26	; 38
    15d0:	f0 e0       	ldi	r31, 0x00	; 0
    15d2:	80 81       	ld	r24, Z
    15d4:	8d 7f       	andi	r24, 0xFD	; 253
    15d6:	8c 93       	st	X, r24
		SET_BIT(ADCSRA , 2) ;
    15d8:	a6 e2       	ldi	r26, 0x26	; 38
    15da:	b0 e0       	ldi	r27, 0x00	; 0
    15dc:	e6 e2       	ldi	r30, 0x26	; 38
    15de:	f0 e0       	ldi	r31, 0x00	; 0
    15e0:	80 81       	ld	r24, Z
    15e2:	84 60       	ori	r24, 0x04	; 4
    15e4:	8c 93       	st	X, r24
    15e6:	41 c0       	rjmp	.+130    	; 0x166a <MADC_voidInit+0x252>
		break ;
	case ADC_PRESCALLER_32  :
		SET_BIT(ADCSRA , 0) ;
    15e8:	a6 e2       	ldi	r26, 0x26	; 38
    15ea:	b0 e0       	ldi	r27, 0x00	; 0
    15ec:	e6 e2       	ldi	r30, 0x26	; 38
    15ee:	f0 e0       	ldi	r31, 0x00	; 0
    15f0:	80 81       	ld	r24, Z
    15f2:	81 60       	ori	r24, 0x01	; 1
    15f4:	8c 93       	st	X, r24
		CLR_BIT(ADCSRA , 1) ;
    15f6:	a6 e2       	ldi	r26, 0x26	; 38
    15f8:	b0 e0       	ldi	r27, 0x00	; 0
    15fa:	e6 e2       	ldi	r30, 0x26	; 38
    15fc:	f0 e0       	ldi	r31, 0x00	; 0
    15fe:	80 81       	ld	r24, Z
    1600:	8d 7f       	andi	r24, 0xFD	; 253
    1602:	8c 93       	st	X, r24
		SET_BIT(ADCSRA , 2) ;
    1604:	a6 e2       	ldi	r26, 0x26	; 38
    1606:	b0 e0       	ldi	r27, 0x00	; 0
    1608:	e6 e2       	ldi	r30, 0x26	; 38
    160a:	f0 e0       	ldi	r31, 0x00	; 0
    160c:	80 81       	ld	r24, Z
    160e:	84 60       	ori	r24, 0x04	; 4
    1610:	8c 93       	st	X, r24
    1612:	2b c0       	rjmp	.+86     	; 0x166a <MADC_voidInit+0x252>
		break ;
	case ADC_PRESCALLER_64  :
		CLR_BIT(ADCSRA , 0) ;
    1614:	a6 e2       	ldi	r26, 0x26	; 38
    1616:	b0 e0       	ldi	r27, 0x00	; 0
    1618:	e6 e2       	ldi	r30, 0x26	; 38
    161a:	f0 e0       	ldi	r31, 0x00	; 0
    161c:	80 81       	ld	r24, Z
    161e:	8e 7f       	andi	r24, 0xFE	; 254
    1620:	8c 93       	st	X, r24
		SET_BIT(ADCSRA , 1) ;
    1622:	a6 e2       	ldi	r26, 0x26	; 38
    1624:	b0 e0       	ldi	r27, 0x00	; 0
    1626:	e6 e2       	ldi	r30, 0x26	; 38
    1628:	f0 e0       	ldi	r31, 0x00	; 0
    162a:	80 81       	ld	r24, Z
    162c:	82 60       	ori	r24, 0x02	; 2
    162e:	8c 93       	st	X, r24
		SET_BIT(ADCSRA , 2) ;
    1630:	a6 e2       	ldi	r26, 0x26	; 38
    1632:	b0 e0       	ldi	r27, 0x00	; 0
    1634:	e6 e2       	ldi	r30, 0x26	; 38
    1636:	f0 e0       	ldi	r31, 0x00	; 0
    1638:	80 81       	ld	r24, Z
    163a:	84 60       	ori	r24, 0x04	; 4
    163c:	8c 93       	st	X, r24
    163e:	15 c0       	rjmp	.+42     	; 0x166a <MADC_voidInit+0x252>
		break ;
	case ADC_PRESCALLER_128 :
		SET_BIT(ADCSRA , 0) ;
    1640:	a6 e2       	ldi	r26, 0x26	; 38
    1642:	b0 e0       	ldi	r27, 0x00	; 0
    1644:	e6 e2       	ldi	r30, 0x26	; 38
    1646:	f0 e0       	ldi	r31, 0x00	; 0
    1648:	80 81       	ld	r24, Z
    164a:	81 60       	ori	r24, 0x01	; 1
    164c:	8c 93       	st	X, r24
		SET_BIT(ADCSRA , 1) ;
    164e:	a6 e2       	ldi	r26, 0x26	; 38
    1650:	b0 e0       	ldi	r27, 0x00	; 0
    1652:	e6 e2       	ldi	r30, 0x26	; 38
    1654:	f0 e0       	ldi	r31, 0x00	; 0
    1656:	80 81       	ld	r24, Z
    1658:	82 60       	ori	r24, 0x02	; 2
    165a:	8c 93       	st	X, r24
		SET_BIT(ADCSRA , 2) ;
    165c:	a6 e2       	ldi	r26, 0x26	; 38
    165e:	b0 e0       	ldi	r27, 0x00	; 0
    1660:	e6 e2       	ldi	r30, 0x26	; 38
    1662:	f0 e0       	ldi	r31, 0x00	; 0
    1664:	80 81       	ld	r24, Z
    1666:	84 60       	ori	r24, 0x04	; 4
    1668:	8c 93       	st	X, r24
		break ;

	}
}
    166a:	26 96       	adiw	r28, 0x06	; 6
    166c:	0f b6       	in	r0, 0x3f	; 63
    166e:	f8 94       	cli
    1670:	de bf       	out	0x3e, r29	; 62
    1672:	0f be       	out	0x3f, r0	; 63
    1674:	cd bf       	out	0x3d, r28	; 61
    1676:	cf 91       	pop	r28
    1678:	df 91       	pop	r29
    167a:	08 95       	ret

0000167c <MADC_voidStartConversion>:
void MADC_voidStartConversion       (u8 A_u8ChannelNum)
{
    167c:	df 93       	push	r29
    167e:	cf 93       	push	r28
    1680:	00 d0       	rcall	.+0      	; 0x1682 <MADC_voidStartConversion+0x6>
    1682:	0f 92       	push	r0
    1684:	cd b7       	in	r28, 0x3d	; 61
    1686:	de b7       	in	r29, 0x3e	; 62
    1688:	89 83       	std	Y+1, r24	; 0x01
	switch (A_u8ChannelNum)
    168a:	89 81       	ldd	r24, Y+1	; 0x01
    168c:	28 2f       	mov	r18, r24
    168e:	30 e0       	ldi	r19, 0x00	; 0
    1690:	3b 83       	std	Y+3, r19	; 0x03
    1692:	2a 83       	std	Y+2, r18	; 0x02
    1694:	8a 81       	ldd	r24, Y+2	; 0x02
    1696:	9b 81       	ldd	r25, Y+3	; 0x03
    1698:	83 30       	cpi	r24, 0x03	; 3
    169a:	91 05       	cpc	r25, r1
    169c:	09 f4       	brne	.+2      	; 0x16a0 <MADC_voidStartConversion+0x24>
    169e:	70 c0       	rjmp	.+224    	; 0x1780 <MADC_voidStartConversion+0x104>
    16a0:	2a 81       	ldd	r18, Y+2	; 0x02
    16a2:	3b 81       	ldd	r19, Y+3	; 0x03
    16a4:	24 30       	cpi	r18, 0x04	; 4
    16a6:	31 05       	cpc	r19, r1
    16a8:	84 f4       	brge	.+32     	; 0x16ca <MADC_voidStartConversion+0x4e>
    16aa:	8a 81       	ldd	r24, Y+2	; 0x02
    16ac:	9b 81       	ldd	r25, Y+3	; 0x03
    16ae:	81 30       	cpi	r24, 0x01	; 1
    16b0:	91 05       	cpc	r25, r1
    16b2:	d1 f1       	breq	.+116    	; 0x1728 <MADC_voidStartConversion+0xac>
    16b4:	2a 81       	ldd	r18, Y+2	; 0x02
    16b6:	3b 81       	ldd	r19, Y+3	; 0x03
    16b8:	22 30       	cpi	r18, 0x02	; 2
    16ba:	31 05       	cpc	r19, r1
    16bc:	0c f0       	brlt	.+2      	; 0x16c0 <MADC_voidStartConversion+0x44>
    16be:	4a c0       	rjmp	.+148    	; 0x1754 <MADC_voidStartConversion+0xd8>
    16c0:	8a 81       	ldd	r24, Y+2	; 0x02
    16c2:	9b 81       	ldd	r25, Y+3	; 0x03
    16c4:	00 97       	sbiw	r24, 0x00	; 0
    16c6:	d1 f0       	breq	.+52     	; 0x16fc <MADC_voidStartConversion+0x80>
    16c8:	c8 c0       	rjmp	.+400    	; 0x185a <MADC_voidStartConversion+0x1de>
    16ca:	2a 81       	ldd	r18, Y+2	; 0x02
    16cc:	3b 81       	ldd	r19, Y+3	; 0x03
    16ce:	25 30       	cpi	r18, 0x05	; 5
    16d0:	31 05       	cpc	r19, r1
    16d2:	09 f4       	brne	.+2      	; 0x16d6 <MADC_voidStartConversion+0x5a>
    16d4:	81 c0       	rjmp	.+258    	; 0x17d8 <MADC_voidStartConversion+0x15c>
    16d6:	8a 81       	ldd	r24, Y+2	; 0x02
    16d8:	9b 81       	ldd	r25, Y+3	; 0x03
    16da:	85 30       	cpi	r24, 0x05	; 5
    16dc:	91 05       	cpc	r25, r1
    16de:	0c f4       	brge	.+2      	; 0x16e2 <MADC_voidStartConversion+0x66>
    16e0:	65 c0       	rjmp	.+202    	; 0x17ac <MADC_voidStartConversion+0x130>
    16e2:	2a 81       	ldd	r18, Y+2	; 0x02
    16e4:	3b 81       	ldd	r19, Y+3	; 0x03
    16e6:	26 30       	cpi	r18, 0x06	; 6
    16e8:	31 05       	cpc	r19, r1
    16ea:	09 f4       	brne	.+2      	; 0x16ee <MADC_voidStartConversion+0x72>
    16ec:	8b c0       	rjmp	.+278    	; 0x1804 <MADC_voidStartConversion+0x188>
    16ee:	8a 81       	ldd	r24, Y+2	; 0x02
    16f0:	9b 81       	ldd	r25, Y+3	; 0x03
    16f2:	87 30       	cpi	r24, 0x07	; 7
    16f4:	91 05       	cpc	r25, r1
    16f6:	09 f4       	brne	.+2      	; 0x16fa <MADC_voidStartConversion+0x7e>
    16f8:	9b c0       	rjmp	.+310    	; 0x1830 <MADC_voidStartConversion+0x1b4>
    16fa:	af c0       	rjmp	.+350    	; 0x185a <MADC_voidStartConversion+0x1de>
	{
	case ADC_CHANNEL0 :
		CLR_BIT(ADMUX , 0) ;
    16fc:	a7 e2       	ldi	r26, 0x27	; 39
    16fe:	b0 e0       	ldi	r27, 0x00	; 0
    1700:	e7 e2       	ldi	r30, 0x27	; 39
    1702:	f0 e0       	ldi	r31, 0x00	; 0
    1704:	80 81       	ld	r24, Z
    1706:	8e 7f       	andi	r24, 0xFE	; 254
    1708:	8c 93       	st	X, r24
		CLR_BIT(ADMUX , 1) ;
    170a:	a7 e2       	ldi	r26, 0x27	; 39
    170c:	b0 e0       	ldi	r27, 0x00	; 0
    170e:	e7 e2       	ldi	r30, 0x27	; 39
    1710:	f0 e0       	ldi	r31, 0x00	; 0
    1712:	80 81       	ld	r24, Z
    1714:	8d 7f       	andi	r24, 0xFD	; 253
    1716:	8c 93       	st	X, r24
		CLR_BIT(ADMUX , 2) ;
    1718:	a7 e2       	ldi	r26, 0x27	; 39
    171a:	b0 e0       	ldi	r27, 0x00	; 0
    171c:	e7 e2       	ldi	r30, 0x27	; 39
    171e:	f0 e0       	ldi	r31, 0x00	; 0
    1720:	80 81       	ld	r24, Z
    1722:	8b 7f       	andi	r24, 0xFB	; 251
    1724:	8c 93       	st	X, r24
    1726:	99 c0       	rjmp	.+306    	; 0x185a <MADC_voidStartConversion+0x1de>
		break ;
	case ADC_CHANNEL1 :
		SET_BIT(ADMUX , 0) ;
    1728:	a7 e2       	ldi	r26, 0x27	; 39
    172a:	b0 e0       	ldi	r27, 0x00	; 0
    172c:	e7 e2       	ldi	r30, 0x27	; 39
    172e:	f0 e0       	ldi	r31, 0x00	; 0
    1730:	80 81       	ld	r24, Z
    1732:	81 60       	ori	r24, 0x01	; 1
    1734:	8c 93       	st	X, r24
		CLR_BIT(ADMUX , 1) ;
    1736:	a7 e2       	ldi	r26, 0x27	; 39
    1738:	b0 e0       	ldi	r27, 0x00	; 0
    173a:	e7 e2       	ldi	r30, 0x27	; 39
    173c:	f0 e0       	ldi	r31, 0x00	; 0
    173e:	80 81       	ld	r24, Z
    1740:	8d 7f       	andi	r24, 0xFD	; 253
    1742:	8c 93       	st	X, r24
		CLR_BIT(ADMUX , 2) ;
    1744:	a7 e2       	ldi	r26, 0x27	; 39
    1746:	b0 e0       	ldi	r27, 0x00	; 0
    1748:	e7 e2       	ldi	r30, 0x27	; 39
    174a:	f0 e0       	ldi	r31, 0x00	; 0
    174c:	80 81       	ld	r24, Z
    174e:	8b 7f       	andi	r24, 0xFB	; 251
    1750:	8c 93       	st	X, r24
    1752:	83 c0       	rjmp	.+262    	; 0x185a <MADC_voidStartConversion+0x1de>
		break ;
	case ADC_CHANNEL2 :
		CLR_BIT(ADMUX , 0) ;
    1754:	a7 e2       	ldi	r26, 0x27	; 39
    1756:	b0 e0       	ldi	r27, 0x00	; 0
    1758:	e7 e2       	ldi	r30, 0x27	; 39
    175a:	f0 e0       	ldi	r31, 0x00	; 0
    175c:	80 81       	ld	r24, Z
    175e:	8e 7f       	andi	r24, 0xFE	; 254
    1760:	8c 93       	st	X, r24
		SET_BIT(ADMUX , 1) ;
    1762:	a7 e2       	ldi	r26, 0x27	; 39
    1764:	b0 e0       	ldi	r27, 0x00	; 0
    1766:	e7 e2       	ldi	r30, 0x27	; 39
    1768:	f0 e0       	ldi	r31, 0x00	; 0
    176a:	80 81       	ld	r24, Z
    176c:	82 60       	ori	r24, 0x02	; 2
    176e:	8c 93       	st	X, r24
		CLR_BIT(ADMUX , 2) ;
    1770:	a7 e2       	ldi	r26, 0x27	; 39
    1772:	b0 e0       	ldi	r27, 0x00	; 0
    1774:	e7 e2       	ldi	r30, 0x27	; 39
    1776:	f0 e0       	ldi	r31, 0x00	; 0
    1778:	80 81       	ld	r24, Z
    177a:	8b 7f       	andi	r24, 0xFB	; 251
    177c:	8c 93       	st	X, r24
    177e:	6d c0       	rjmp	.+218    	; 0x185a <MADC_voidStartConversion+0x1de>
		break ;
	case ADC_CHANNEL3 :
		SET_BIT(ADMUX , 0) ;
    1780:	a7 e2       	ldi	r26, 0x27	; 39
    1782:	b0 e0       	ldi	r27, 0x00	; 0
    1784:	e7 e2       	ldi	r30, 0x27	; 39
    1786:	f0 e0       	ldi	r31, 0x00	; 0
    1788:	80 81       	ld	r24, Z
    178a:	81 60       	ori	r24, 0x01	; 1
    178c:	8c 93       	st	X, r24
		SET_BIT(ADMUX , 1) ;
    178e:	a7 e2       	ldi	r26, 0x27	; 39
    1790:	b0 e0       	ldi	r27, 0x00	; 0
    1792:	e7 e2       	ldi	r30, 0x27	; 39
    1794:	f0 e0       	ldi	r31, 0x00	; 0
    1796:	80 81       	ld	r24, Z
    1798:	82 60       	ori	r24, 0x02	; 2
    179a:	8c 93       	st	X, r24
		CLR_BIT(ADMUX , 2) ;
    179c:	a7 e2       	ldi	r26, 0x27	; 39
    179e:	b0 e0       	ldi	r27, 0x00	; 0
    17a0:	e7 e2       	ldi	r30, 0x27	; 39
    17a2:	f0 e0       	ldi	r31, 0x00	; 0
    17a4:	80 81       	ld	r24, Z
    17a6:	8b 7f       	andi	r24, 0xFB	; 251
    17a8:	8c 93       	st	X, r24
    17aa:	57 c0       	rjmp	.+174    	; 0x185a <MADC_voidStartConversion+0x1de>
		break ;
	case ADC_CHANNEL4 :
		CLR_BIT(ADMUX , 0) ;
    17ac:	a7 e2       	ldi	r26, 0x27	; 39
    17ae:	b0 e0       	ldi	r27, 0x00	; 0
    17b0:	e7 e2       	ldi	r30, 0x27	; 39
    17b2:	f0 e0       	ldi	r31, 0x00	; 0
    17b4:	80 81       	ld	r24, Z
    17b6:	8e 7f       	andi	r24, 0xFE	; 254
    17b8:	8c 93       	st	X, r24
		CLR_BIT(ADMUX , 1) ;
    17ba:	a7 e2       	ldi	r26, 0x27	; 39
    17bc:	b0 e0       	ldi	r27, 0x00	; 0
    17be:	e7 e2       	ldi	r30, 0x27	; 39
    17c0:	f0 e0       	ldi	r31, 0x00	; 0
    17c2:	80 81       	ld	r24, Z
    17c4:	8d 7f       	andi	r24, 0xFD	; 253
    17c6:	8c 93       	st	X, r24
		SET_BIT(ADMUX , 2) ;
    17c8:	a7 e2       	ldi	r26, 0x27	; 39
    17ca:	b0 e0       	ldi	r27, 0x00	; 0
    17cc:	e7 e2       	ldi	r30, 0x27	; 39
    17ce:	f0 e0       	ldi	r31, 0x00	; 0
    17d0:	80 81       	ld	r24, Z
    17d2:	84 60       	ori	r24, 0x04	; 4
    17d4:	8c 93       	st	X, r24
    17d6:	41 c0       	rjmp	.+130    	; 0x185a <MADC_voidStartConversion+0x1de>
		break ;
	case ADC_CHANNEL5 :
		SET_BIT(ADMUX , 0) ;
    17d8:	a7 e2       	ldi	r26, 0x27	; 39
    17da:	b0 e0       	ldi	r27, 0x00	; 0
    17dc:	e7 e2       	ldi	r30, 0x27	; 39
    17de:	f0 e0       	ldi	r31, 0x00	; 0
    17e0:	80 81       	ld	r24, Z
    17e2:	81 60       	ori	r24, 0x01	; 1
    17e4:	8c 93       	st	X, r24
		CLR_BIT(ADMUX , 1) ;
    17e6:	a7 e2       	ldi	r26, 0x27	; 39
    17e8:	b0 e0       	ldi	r27, 0x00	; 0
    17ea:	e7 e2       	ldi	r30, 0x27	; 39
    17ec:	f0 e0       	ldi	r31, 0x00	; 0
    17ee:	80 81       	ld	r24, Z
    17f0:	8d 7f       	andi	r24, 0xFD	; 253
    17f2:	8c 93       	st	X, r24
		SET_BIT(ADMUX , 2) ;
    17f4:	a7 e2       	ldi	r26, 0x27	; 39
    17f6:	b0 e0       	ldi	r27, 0x00	; 0
    17f8:	e7 e2       	ldi	r30, 0x27	; 39
    17fa:	f0 e0       	ldi	r31, 0x00	; 0
    17fc:	80 81       	ld	r24, Z
    17fe:	84 60       	ori	r24, 0x04	; 4
    1800:	8c 93       	st	X, r24
    1802:	2b c0       	rjmp	.+86     	; 0x185a <MADC_voidStartConversion+0x1de>
		break ;
	case ADC_CHANNEL6 :
		CLR_BIT(ADMUX , 0) ;
    1804:	a7 e2       	ldi	r26, 0x27	; 39
    1806:	b0 e0       	ldi	r27, 0x00	; 0
    1808:	e7 e2       	ldi	r30, 0x27	; 39
    180a:	f0 e0       	ldi	r31, 0x00	; 0
    180c:	80 81       	ld	r24, Z
    180e:	8e 7f       	andi	r24, 0xFE	; 254
    1810:	8c 93       	st	X, r24
		SET_BIT(ADMUX , 1) ;
    1812:	a7 e2       	ldi	r26, 0x27	; 39
    1814:	b0 e0       	ldi	r27, 0x00	; 0
    1816:	e7 e2       	ldi	r30, 0x27	; 39
    1818:	f0 e0       	ldi	r31, 0x00	; 0
    181a:	80 81       	ld	r24, Z
    181c:	82 60       	ori	r24, 0x02	; 2
    181e:	8c 93       	st	X, r24
		SET_BIT(ADMUX , 2) ;
    1820:	a7 e2       	ldi	r26, 0x27	; 39
    1822:	b0 e0       	ldi	r27, 0x00	; 0
    1824:	e7 e2       	ldi	r30, 0x27	; 39
    1826:	f0 e0       	ldi	r31, 0x00	; 0
    1828:	80 81       	ld	r24, Z
    182a:	84 60       	ori	r24, 0x04	; 4
    182c:	8c 93       	st	X, r24
    182e:	15 c0       	rjmp	.+42     	; 0x185a <MADC_voidStartConversion+0x1de>
		break ;
	case ADC_CHANNEL7 :
		SET_BIT(ADMUX , 0) ;
    1830:	a7 e2       	ldi	r26, 0x27	; 39
    1832:	b0 e0       	ldi	r27, 0x00	; 0
    1834:	e7 e2       	ldi	r30, 0x27	; 39
    1836:	f0 e0       	ldi	r31, 0x00	; 0
    1838:	80 81       	ld	r24, Z
    183a:	81 60       	ori	r24, 0x01	; 1
    183c:	8c 93       	st	X, r24
		SET_BIT(ADMUX , 1) ;
    183e:	a7 e2       	ldi	r26, 0x27	; 39
    1840:	b0 e0       	ldi	r27, 0x00	; 0
    1842:	e7 e2       	ldi	r30, 0x27	; 39
    1844:	f0 e0       	ldi	r31, 0x00	; 0
    1846:	80 81       	ld	r24, Z
    1848:	82 60       	ori	r24, 0x02	; 2
    184a:	8c 93       	st	X, r24
		SET_BIT(ADMUX , 2) ;
    184c:	a7 e2       	ldi	r26, 0x27	; 39
    184e:	b0 e0       	ldi	r27, 0x00	; 0
    1850:	e7 e2       	ldi	r30, 0x27	; 39
    1852:	f0 e0       	ldi	r31, 0x00	; 0
    1854:	80 81       	ld	r24, Z
    1856:	84 60       	ori	r24, 0x04	; 4
    1858:	8c 93       	st	X, r24
		break ;
	}
	SET_BIT(ADCSRA , 6) ;
    185a:	a6 e2       	ldi	r26, 0x26	; 38
    185c:	b0 e0       	ldi	r27, 0x00	; 0
    185e:	e6 e2       	ldi	r30, 0x26	; 38
    1860:	f0 e0       	ldi	r31, 0x00	; 0
    1862:	80 81       	ld	r24, Z
    1864:	80 64       	ori	r24, 0x40	; 64
    1866:	8c 93       	st	X, r24
}
    1868:	0f 90       	pop	r0
    186a:	0f 90       	pop	r0
    186c:	0f 90       	pop	r0
    186e:	cf 91       	pop	r28
    1870:	df 91       	pop	r29
    1872:	08 95       	ret

00001874 <MADC_u16ReadDataUsingInterrupt>:
u16  MADC_u16ReadDataUsingInterrupt (void             )
{
    1874:	df 93       	push	r29
    1876:	cf 93       	push	r28
    1878:	cd b7       	in	r28, 0x3d	; 61
    187a:	de b7       	in	r29, 0x3e	; 62
	return ADC ;
    187c:	e4 e2       	ldi	r30, 0x24	; 36
    187e:	f0 e0       	ldi	r31, 0x00	; 0
    1880:	80 81       	ld	r24, Z
    1882:	91 81       	ldd	r25, Z+1	; 0x01
}
    1884:	cf 91       	pop	r28
    1886:	df 91       	pop	r29
    1888:	08 95       	ret

0000188a <MADC_u16ReadDataUsingPolling>:
u16  MADC_u16ReadDataUsingPolling   (void             )
{
    188a:	df 93       	push	r29
    188c:	cf 93       	push	r28
    188e:	cd b7       	in	r28, 0x3d	; 61
    1890:	de b7       	in	r29, 0x3e	; 62
	while (READ_BIT(ADCSRA , 4) == 0) ;
    1892:	e6 e2       	ldi	r30, 0x26	; 38
    1894:	f0 e0       	ldi	r31, 0x00	; 0
    1896:	80 81       	ld	r24, Z
    1898:	88 2f       	mov	r24, r24
    189a:	90 e0       	ldi	r25, 0x00	; 0
    189c:	80 71       	andi	r24, 0x10	; 16
    189e:	90 70       	andi	r25, 0x00	; 0
    18a0:	95 95       	asr	r25
    18a2:	87 95       	ror	r24
    18a4:	95 95       	asr	r25
    18a6:	87 95       	ror	r24
    18a8:	95 95       	asr	r25
    18aa:	87 95       	ror	r24
    18ac:	95 95       	asr	r25
    18ae:	87 95       	ror	r24
    18b0:	00 97       	sbiw	r24, 0x00	; 0
    18b2:	79 f3       	breq	.-34     	; 0x1892 <MADC_u16ReadDataUsingPolling+0x8>
	SET_BIT(ADCSRA , 4) ;
    18b4:	a6 e2       	ldi	r26, 0x26	; 38
    18b6:	b0 e0       	ldi	r27, 0x00	; 0
    18b8:	e6 e2       	ldi	r30, 0x26	; 38
    18ba:	f0 e0       	ldi	r31, 0x00	; 0
    18bc:	80 81       	ld	r24, Z
    18be:	80 61       	ori	r24, 0x10	; 16
    18c0:	8c 93       	st	X, r24
	return ADC ;
    18c2:	e4 e2       	ldi	r30, 0x24	; 36
    18c4:	f0 e0       	ldi	r31, 0x00	; 0
    18c6:	80 81       	ld	r24, Z
    18c8:	91 81       	ldd	r25, Z+1	; 0x01
}
    18ca:	cf 91       	pop	r28
    18cc:	df 91       	pop	r29
    18ce:	08 95       	ret

000018d0 <MADC_voidCallBack>:
void MADC_voidCallBack              (void (*fptr)(void)            )
{
    18d0:	df 93       	push	r29
    18d2:	cf 93       	push	r28
    18d4:	00 d0       	rcall	.+0      	; 0x18d6 <MADC_voidCallBack+0x6>
    18d6:	cd b7       	in	r28, 0x3d	; 61
    18d8:	de b7       	in	r29, 0x3e	; 62
    18da:	9a 83       	std	Y+2, r25	; 0x02
    18dc:	89 83       	std	Y+1, r24	; 0x01
	ADCPtr = fptr ;
    18de:	89 81       	ldd	r24, Y+1	; 0x01
    18e0:	9a 81       	ldd	r25, Y+2	; 0x02
    18e2:	90 93 fd 00 	sts	0x00FD, r25
    18e6:	80 93 fc 00 	sts	0x00FC, r24
}
    18ea:	0f 90       	pop	r0
    18ec:	0f 90       	pop	r0
    18ee:	cf 91       	pop	r28
    18f0:	df 91       	pop	r29
    18f2:	08 95       	ret

000018f4 <__vector_16>:


void __vector_16 (void)__attribute__((signal)) ;
void __vector_16 (void)
{
    18f4:	1f 92       	push	r1
    18f6:	0f 92       	push	r0
    18f8:	0f b6       	in	r0, 0x3f	; 63
    18fa:	0f 92       	push	r0
    18fc:	11 24       	eor	r1, r1
    18fe:	2f 93       	push	r18
    1900:	3f 93       	push	r19
    1902:	4f 93       	push	r20
    1904:	5f 93       	push	r21
    1906:	6f 93       	push	r22
    1908:	7f 93       	push	r23
    190a:	8f 93       	push	r24
    190c:	9f 93       	push	r25
    190e:	af 93       	push	r26
    1910:	bf 93       	push	r27
    1912:	ef 93       	push	r30
    1914:	ff 93       	push	r31
    1916:	df 93       	push	r29
    1918:	cf 93       	push	r28
    191a:	cd b7       	in	r28, 0x3d	; 61
    191c:	de b7       	in	r29, 0x3e	; 62
	ADCPtr () ;
    191e:	e0 91 fc 00 	lds	r30, 0x00FC
    1922:	f0 91 fd 00 	lds	r31, 0x00FD
    1926:	09 95       	icall
}
    1928:	cf 91       	pop	r28
    192a:	df 91       	pop	r29
    192c:	ff 91       	pop	r31
    192e:	ef 91       	pop	r30
    1930:	bf 91       	pop	r27
    1932:	af 91       	pop	r26
    1934:	9f 91       	pop	r25
    1936:	8f 91       	pop	r24
    1938:	7f 91       	pop	r23
    193a:	6f 91       	pop	r22
    193c:	5f 91       	pop	r21
    193e:	4f 91       	pop	r20
    1940:	3f 91       	pop	r19
    1942:	2f 91       	pop	r18
    1944:	0f 90       	pop	r0
    1946:	0f be       	out	0x3f, r0	; 63
    1948:	0f 90       	pop	r0
    194a:	1f 90       	pop	r1
    194c:	18 95       	reti

0000194e <HPB_voidInit>:
#include "../../MCAL/MDIO/DIO.h"
#include "PB.h"
#include <util/delay.h>

void HPB_voidInit       (u8 A_u8PortName , u8 A_u8PinNumber)
{
    194e:	df 93       	push	r29
    1950:	cf 93       	push	r28
    1952:	00 d0       	rcall	.+0      	; 0x1954 <HPB_voidInit+0x6>
    1954:	cd b7       	in	r28, 0x3d	; 61
    1956:	de b7       	in	r29, 0x3e	; 62
    1958:	89 83       	std	Y+1, r24	; 0x01
    195a:	6a 83       	std	Y+2, r22	; 0x02
	MDIO_voidInitPin(A_u8PortName, A_u8PinNumber, DIO_INPUT) ;
    195c:	89 81       	ldd	r24, Y+1	; 0x01
    195e:	6a 81       	ldd	r22, Y+2	; 0x02
    1960:	40 e0       	ldi	r20, 0x00	; 0
    1962:	0e 94 f2 05 	call	0xbe4	; 0xbe4 <MDIO_voidInitPin>
	MDIO_voidSetPinValue(A_u8PortName, A_u8PinNumber, DIO_HIGH) ;
    1966:	89 81       	ldd	r24, Y+1	; 0x01
    1968:	6a 81       	ldd	r22, Y+2	; 0x02
    196a:	41 e0       	ldi	r20, 0x01	; 1
    196c:	0e 94 e4 06 	call	0xdc8	; 0xdc8 <MDIO_voidSetPinValue>
}
    1970:	0f 90       	pop	r0
    1972:	0f 90       	pop	r0
    1974:	cf 91       	pop	r28
    1976:	df 91       	pop	r29
    1978:	08 95       	ret

0000197a <HPB_u8GetPbStatues>:
u8   HPB_u8GetPbStatues (u8 A_u8PortName , u8 A_u8PinNumber)
{
    197a:	df 93       	push	r29
    197c:	cf 93       	push	r28
    197e:	cd b7       	in	r28, 0x3d	; 61
    1980:	de b7       	in	r29, 0x3e	; 62
    1982:	6f 97       	sbiw	r28, 0x1f	; 31
    1984:	0f b6       	in	r0, 0x3f	; 63
    1986:	f8 94       	cli
    1988:	de bf       	out	0x3e, r29	; 62
    198a:	0f be       	out	0x3f, r0	; 63
    198c:	cd bf       	out	0x3d, r28	; 61
    198e:	8d 8f       	std	Y+29, r24	; 0x1d
    1990:	6e 8f       	std	Y+30, r22	; 0x1e
	if (MDIO_u8GetPinValue(A_u8PortName, A_u8PinNumber) == PB_PRESSED)
    1992:	8d 8d       	ldd	r24, Y+29	; 0x1d
    1994:	6e 8d       	ldd	r22, Y+30	; 0x1e
    1996:	0e 94 53 08 	call	0x10a6	; 0x10a6 <MDIO_u8GetPinValue>
    199a:	88 23       	and	r24, r24
    199c:	09 f0       	breq	.+2      	; 0x19a0 <HPB_u8GetPbStatues+0x26>
    199e:	f6 c0       	rjmp	.+492    	; 0x1b8c <HPB_u8GetPbStatues+0x212>
    19a0:	80 e0       	ldi	r24, 0x00	; 0
    19a2:	90 e0       	ldi	r25, 0x00	; 0
    19a4:	a0 ea       	ldi	r26, 0xA0	; 160
    19a6:	b1 e4       	ldi	r27, 0x41	; 65
    19a8:	89 8f       	std	Y+25, r24	; 0x19
    19aa:	9a 8f       	std	Y+26, r25	; 0x1a
    19ac:	ab 8f       	std	Y+27, r26	; 0x1b
    19ae:	bc 8f       	std	Y+28, r27	; 0x1c
 */
void
_delay_ms(double __ms)
{
	uint16_t __ticks;
	double __tmp = ((F_CPU) / 4e3) * __ms;
    19b0:	69 8d       	ldd	r22, Y+25	; 0x19
    19b2:	7a 8d       	ldd	r23, Y+26	; 0x1a
    19b4:	8b 8d       	ldd	r24, Y+27	; 0x1b
    19b6:	9c 8d       	ldd	r25, Y+28	; 0x1c
    19b8:	20 e0       	ldi	r18, 0x00	; 0
    19ba:	30 e0       	ldi	r19, 0x00	; 0
    19bc:	4a ef       	ldi	r20, 0xFA	; 250
    19be:	54 e4       	ldi	r21, 0x44	; 68
    19c0:	0e 94 1f 02 	call	0x43e	; 0x43e <__mulsf3>
    19c4:	dc 01       	movw	r26, r24
    19c6:	cb 01       	movw	r24, r22
    19c8:	8d 8b       	std	Y+21, r24	; 0x15
    19ca:	9e 8b       	std	Y+22, r25	; 0x16
    19cc:	af 8b       	std	Y+23, r26	; 0x17
    19ce:	b8 8f       	std	Y+24, r27	; 0x18
	if (__tmp < 1.0)
    19d0:	6d 89       	ldd	r22, Y+21	; 0x15
    19d2:	7e 89       	ldd	r23, Y+22	; 0x16
    19d4:	8f 89       	ldd	r24, Y+23	; 0x17
    19d6:	98 8d       	ldd	r25, Y+24	; 0x18
    19d8:	20 e0       	ldi	r18, 0x00	; 0
    19da:	30 e0       	ldi	r19, 0x00	; 0
    19dc:	40 e8       	ldi	r20, 0x80	; 128
    19de:	5f e3       	ldi	r21, 0x3F	; 63
    19e0:	0e 94 79 03 	call	0x6f2	; 0x6f2 <__ltsf2>
    19e4:	88 23       	and	r24, r24
    19e6:	2c f4       	brge	.+10     	; 0x19f2 <HPB_u8GetPbStatues+0x78>
		__ticks = 1;
    19e8:	81 e0       	ldi	r24, 0x01	; 1
    19ea:	90 e0       	ldi	r25, 0x00	; 0
    19ec:	9c 8b       	std	Y+20, r25	; 0x14
    19ee:	8b 8b       	std	Y+19, r24	; 0x13
    19f0:	3f c0       	rjmp	.+126    	; 0x1a70 <HPB_u8GetPbStatues+0xf6>
	else if (__tmp > 65535)
    19f2:	6d 89       	ldd	r22, Y+21	; 0x15
    19f4:	7e 89       	ldd	r23, Y+22	; 0x16
    19f6:	8f 89       	ldd	r24, Y+23	; 0x17
    19f8:	98 8d       	ldd	r25, Y+24	; 0x18
    19fa:	20 e0       	ldi	r18, 0x00	; 0
    19fc:	3f ef       	ldi	r19, 0xFF	; 255
    19fe:	4f e7       	ldi	r20, 0x7F	; 127
    1a00:	57 e4       	ldi	r21, 0x47	; 71
    1a02:	0e 94 19 03 	call	0x632	; 0x632 <__gtsf2>
    1a06:	18 16       	cp	r1, r24
    1a08:	4c f5       	brge	.+82     	; 0x1a5c <HPB_u8GetPbStatues+0xe2>
	{
		//	__ticks = requested delay in 1/10 ms
		__ticks = (uint16_t) (__ms * 10.0);
    1a0a:	69 8d       	ldd	r22, Y+25	; 0x19
    1a0c:	7a 8d       	ldd	r23, Y+26	; 0x1a
    1a0e:	8b 8d       	ldd	r24, Y+27	; 0x1b
    1a10:	9c 8d       	ldd	r25, Y+28	; 0x1c
    1a12:	20 e0       	ldi	r18, 0x00	; 0
    1a14:	30 e0       	ldi	r19, 0x00	; 0
    1a16:	40 e2       	ldi	r20, 0x20	; 32
    1a18:	51 e4       	ldi	r21, 0x41	; 65
    1a1a:	0e 94 1f 02 	call	0x43e	; 0x43e <__mulsf3>
    1a1e:	dc 01       	movw	r26, r24
    1a20:	cb 01       	movw	r24, r22
    1a22:	bc 01       	movw	r22, r24
    1a24:	cd 01       	movw	r24, r26
    1a26:	0e 94 49 00 	call	0x92	; 0x92 <__fixunssfsi>
    1a2a:	dc 01       	movw	r26, r24
    1a2c:	cb 01       	movw	r24, r22
    1a2e:	9c 8b       	std	Y+20, r25	; 0x14
    1a30:	8b 8b       	std	Y+19, r24	; 0x13
    1a32:	0f c0       	rjmp	.+30     	; 0x1a52 <HPB_u8GetPbStatues+0xd8>
    1a34:	88 ec       	ldi	r24, 0xC8	; 200
    1a36:	90 e0       	ldi	r25, 0x00	; 0
    1a38:	9a 8b       	std	Y+18, r25	; 0x12
    1a3a:	89 8b       	std	Y+17, r24	; 0x11
    milliseconds can be achieved.
 */
void
_delay_loop_2(uint16_t __count)
{
	__asm__ volatile (
    1a3c:	89 89       	ldd	r24, Y+17	; 0x11
    1a3e:	9a 89       	ldd	r25, Y+18	; 0x12
    1a40:	01 97       	sbiw	r24, 0x01	; 1
    1a42:	f1 f7       	brne	.-4      	; 0x1a40 <HPB_u8GetPbStatues+0xc6>
    1a44:	9a 8b       	std	Y+18, r25	; 0x12
    1a46:	89 8b       	std	Y+17, r24	; 0x11
		while(__ticks)
		{
			// wait 1/10 ms
			_delay_loop_2(((F_CPU) / 4e3) / 10);
			__ticks --;
    1a48:	8b 89       	ldd	r24, Y+19	; 0x13
    1a4a:	9c 89       	ldd	r25, Y+20	; 0x14
    1a4c:	01 97       	sbiw	r24, 0x01	; 1
    1a4e:	9c 8b       	std	Y+20, r25	; 0x14
    1a50:	8b 8b       	std	Y+19, r24	; 0x13
		__ticks = 1;
	else if (__tmp > 65535)
	{
		//	__ticks = requested delay in 1/10 ms
		__ticks = (uint16_t) (__ms * 10.0);
		while(__ticks)
    1a52:	8b 89       	ldd	r24, Y+19	; 0x13
    1a54:	9c 89       	ldd	r25, Y+20	; 0x14
    1a56:	00 97       	sbiw	r24, 0x00	; 0
    1a58:	69 f7       	brne	.-38     	; 0x1a34 <HPB_u8GetPbStatues+0xba>
    1a5a:	14 c0       	rjmp	.+40     	; 0x1a84 <HPB_u8GetPbStatues+0x10a>
			__ticks --;
		}
		return;
	}
	else
		__ticks = (uint16_t)__tmp;
    1a5c:	6d 89       	ldd	r22, Y+21	; 0x15
    1a5e:	7e 89       	ldd	r23, Y+22	; 0x16
    1a60:	8f 89       	ldd	r24, Y+23	; 0x17
    1a62:	98 8d       	ldd	r25, Y+24	; 0x18
    1a64:	0e 94 49 00 	call	0x92	; 0x92 <__fixunssfsi>
    1a68:	dc 01       	movw	r26, r24
    1a6a:	cb 01       	movw	r24, r22
    1a6c:	9c 8b       	std	Y+20, r25	; 0x14
    1a6e:	8b 8b       	std	Y+19, r24	; 0x13
    1a70:	8b 89       	ldd	r24, Y+19	; 0x13
    1a72:	9c 89       	ldd	r25, Y+20	; 0x14
    1a74:	98 8b       	std	Y+16, r25	; 0x10
    1a76:	8f 87       	std	Y+15, r24	; 0x0f
    1a78:	8f 85       	ldd	r24, Y+15	; 0x0f
    1a7a:	98 89       	ldd	r25, Y+16	; 0x10
    1a7c:	01 97       	sbiw	r24, 0x01	; 1
    1a7e:	f1 f7       	brne	.-4      	; 0x1a7c <HPB_u8GetPbStatues+0x102>
    1a80:	98 8b       	std	Y+16, r25	; 0x10
    1a82:	8f 87       	std	Y+15, r24	; 0x0f
	{
		_delay_ms(20) ;
		if (MDIO_u8GetPinValue(A_u8PortName, A_u8PinNumber) == PB_PRESSED)
    1a84:	8d 8d       	ldd	r24, Y+29	; 0x1d
    1a86:	6e 8d       	ldd	r22, Y+30	; 0x1e
    1a88:	0e 94 53 08 	call	0x10a6	; 0x10a6 <MDIO_u8GetPinValue>
    1a8c:	88 23       	and	r24, r24
    1a8e:	09 f0       	breq	.+2      	; 0x1a92 <HPB_u8GetPbStatues+0x118>
    1a90:	7a c0       	rjmp	.+244    	; 0x1b86 <HPB_u8GetPbStatues+0x20c>
		{
			while (MDIO_u8GetPinValue(A_u8PortName, A_u8PinNumber) == PB_PRESSED) ;
    1a92:	8d 8d       	ldd	r24, Y+29	; 0x1d
    1a94:	6e 8d       	ldd	r22, Y+30	; 0x1e
    1a96:	0e 94 53 08 	call	0x10a6	; 0x10a6 <MDIO_u8GetPinValue>
    1a9a:	88 23       	and	r24, r24
    1a9c:	d1 f3       	breq	.-12     	; 0x1a92 <HPB_u8GetPbStatues+0x118>
    1a9e:	80 e0       	ldi	r24, 0x00	; 0
    1aa0:	90 e0       	ldi	r25, 0x00	; 0
    1aa2:	a0 ea       	ldi	r26, 0xA0	; 160
    1aa4:	b1 e4       	ldi	r27, 0x41	; 65
    1aa6:	8b 87       	std	Y+11, r24	; 0x0b
    1aa8:	9c 87       	std	Y+12, r25	; 0x0c
    1aaa:	ad 87       	std	Y+13, r26	; 0x0d
    1aac:	be 87       	std	Y+14, r27	; 0x0e
 */
void
_delay_ms(double __ms)
{
	uint16_t __ticks;
	double __tmp = ((F_CPU) / 4e3) * __ms;
    1aae:	6b 85       	ldd	r22, Y+11	; 0x0b
    1ab0:	7c 85       	ldd	r23, Y+12	; 0x0c
    1ab2:	8d 85       	ldd	r24, Y+13	; 0x0d
    1ab4:	9e 85       	ldd	r25, Y+14	; 0x0e
    1ab6:	20 e0       	ldi	r18, 0x00	; 0
    1ab8:	30 e0       	ldi	r19, 0x00	; 0
    1aba:	4a ef       	ldi	r20, 0xFA	; 250
    1abc:	54 e4       	ldi	r21, 0x44	; 68
    1abe:	0e 94 1f 02 	call	0x43e	; 0x43e <__mulsf3>
    1ac2:	dc 01       	movw	r26, r24
    1ac4:	cb 01       	movw	r24, r22
    1ac6:	8f 83       	std	Y+7, r24	; 0x07
    1ac8:	98 87       	std	Y+8, r25	; 0x08
    1aca:	a9 87       	std	Y+9, r26	; 0x09
    1acc:	ba 87       	std	Y+10, r27	; 0x0a
	if (__tmp < 1.0)
    1ace:	6f 81       	ldd	r22, Y+7	; 0x07
    1ad0:	78 85       	ldd	r23, Y+8	; 0x08
    1ad2:	89 85       	ldd	r24, Y+9	; 0x09
    1ad4:	9a 85       	ldd	r25, Y+10	; 0x0a
    1ad6:	20 e0       	ldi	r18, 0x00	; 0
    1ad8:	30 e0       	ldi	r19, 0x00	; 0
    1ada:	40 e8       	ldi	r20, 0x80	; 128
    1adc:	5f e3       	ldi	r21, 0x3F	; 63
    1ade:	0e 94 79 03 	call	0x6f2	; 0x6f2 <__ltsf2>
    1ae2:	88 23       	and	r24, r24
    1ae4:	2c f4       	brge	.+10     	; 0x1af0 <HPB_u8GetPbStatues+0x176>
		__ticks = 1;
    1ae6:	81 e0       	ldi	r24, 0x01	; 1
    1ae8:	90 e0       	ldi	r25, 0x00	; 0
    1aea:	9e 83       	std	Y+6, r25	; 0x06
    1aec:	8d 83       	std	Y+5, r24	; 0x05
    1aee:	3f c0       	rjmp	.+126    	; 0x1b6e <HPB_u8GetPbStatues+0x1f4>
	else if (__tmp > 65535)
    1af0:	6f 81       	ldd	r22, Y+7	; 0x07
    1af2:	78 85       	ldd	r23, Y+8	; 0x08
    1af4:	89 85       	ldd	r24, Y+9	; 0x09
    1af6:	9a 85       	ldd	r25, Y+10	; 0x0a
    1af8:	20 e0       	ldi	r18, 0x00	; 0
    1afa:	3f ef       	ldi	r19, 0xFF	; 255
    1afc:	4f e7       	ldi	r20, 0x7F	; 127
    1afe:	57 e4       	ldi	r21, 0x47	; 71
    1b00:	0e 94 19 03 	call	0x632	; 0x632 <__gtsf2>
    1b04:	18 16       	cp	r1, r24
    1b06:	4c f5       	brge	.+82     	; 0x1b5a <HPB_u8GetPbStatues+0x1e0>
	{
		//	__ticks = requested delay in 1/10 ms
		__ticks = (uint16_t) (__ms * 10.0);
    1b08:	6b 85       	ldd	r22, Y+11	; 0x0b
    1b0a:	7c 85       	ldd	r23, Y+12	; 0x0c
    1b0c:	8d 85       	ldd	r24, Y+13	; 0x0d
    1b0e:	9e 85       	ldd	r25, Y+14	; 0x0e
    1b10:	20 e0       	ldi	r18, 0x00	; 0
    1b12:	30 e0       	ldi	r19, 0x00	; 0
    1b14:	40 e2       	ldi	r20, 0x20	; 32
    1b16:	51 e4       	ldi	r21, 0x41	; 65
    1b18:	0e 94 1f 02 	call	0x43e	; 0x43e <__mulsf3>
    1b1c:	dc 01       	movw	r26, r24
    1b1e:	cb 01       	movw	r24, r22
    1b20:	bc 01       	movw	r22, r24
    1b22:	cd 01       	movw	r24, r26
    1b24:	0e 94 49 00 	call	0x92	; 0x92 <__fixunssfsi>
    1b28:	dc 01       	movw	r26, r24
    1b2a:	cb 01       	movw	r24, r22
    1b2c:	9e 83       	std	Y+6, r25	; 0x06
    1b2e:	8d 83       	std	Y+5, r24	; 0x05
    1b30:	0f c0       	rjmp	.+30     	; 0x1b50 <HPB_u8GetPbStatues+0x1d6>
    1b32:	88 ec       	ldi	r24, 0xC8	; 200
    1b34:	90 e0       	ldi	r25, 0x00	; 0
    1b36:	9c 83       	std	Y+4, r25	; 0x04
    1b38:	8b 83       	std	Y+3, r24	; 0x03
    1b3a:	8b 81       	ldd	r24, Y+3	; 0x03
    1b3c:	9c 81       	ldd	r25, Y+4	; 0x04
    1b3e:	01 97       	sbiw	r24, 0x01	; 1
    1b40:	f1 f7       	brne	.-4      	; 0x1b3e <HPB_u8GetPbStatues+0x1c4>
    1b42:	9c 83       	std	Y+4, r25	; 0x04
    1b44:	8b 83       	std	Y+3, r24	; 0x03
		while(__ticks)
		{
			// wait 1/10 ms
			_delay_loop_2(((F_CPU) / 4e3) / 10);
			__ticks --;
    1b46:	8d 81       	ldd	r24, Y+5	; 0x05
    1b48:	9e 81       	ldd	r25, Y+6	; 0x06
    1b4a:	01 97       	sbiw	r24, 0x01	; 1
    1b4c:	9e 83       	std	Y+6, r25	; 0x06
    1b4e:	8d 83       	std	Y+5, r24	; 0x05
		__ticks = 1;
	else if (__tmp > 65535)
	{
		//	__ticks = requested delay in 1/10 ms
		__ticks = (uint16_t) (__ms * 10.0);
		while(__ticks)
    1b50:	8d 81       	ldd	r24, Y+5	; 0x05
    1b52:	9e 81       	ldd	r25, Y+6	; 0x06
    1b54:	00 97       	sbiw	r24, 0x00	; 0
    1b56:	69 f7       	brne	.-38     	; 0x1b32 <HPB_u8GetPbStatues+0x1b8>
    1b58:	14 c0       	rjmp	.+40     	; 0x1b82 <HPB_u8GetPbStatues+0x208>
			__ticks --;
		}
		return;
	}
	else
		__ticks = (uint16_t)__tmp;
    1b5a:	6f 81       	ldd	r22, Y+7	; 0x07
    1b5c:	78 85       	ldd	r23, Y+8	; 0x08
    1b5e:	89 85       	ldd	r24, Y+9	; 0x09
    1b60:	9a 85       	ldd	r25, Y+10	; 0x0a
    1b62:	0e 94 49 00 	call	0x92	; 0x92 <__fixunssfsi>
    1b66:	dc 01       	movw	r26, r24
    1b68:	cb 01       	movw	r24, r22
    1b6a:	9e 83       	std	Y+6, r25	; 0x06
    1b6c:	8d 83       	std	Y+5, r24	; 0x05
    1b6e:	8d 81       	ldd	r24, Y+5	; 0x05
    1b70:	9e 81       	ldd	r25, Y+6	; 0x06
    1b72:	9a 83       	std	Y+2, r25	; 0x02
    1b74:	89 83       	std	Y+1, r24	; 0x01
    1b76:	89 81       	ldd	r24, Y+1	; 0x01
    1b78:	9a 81       	ldd	r25, Y+2	; 0x02
    1b7a:	01 97       	sbiw	r24, 0x01	; 1
    1b7c:	f1 f7       	brne	.-4      	; 0x1b7a <HPB_u8GetPbStatues+0x200>
    1b7e:	9a 83       	std	Y+2, r25	; 0x02
    1b80:	89 83       	std	Y+1, r24	; 0x01
			_delay_ms(20) ;
			return PB_PRESSED ;
    1b82:	1f 8e       	std	Y+31, r1	; 0x1f
    1b84:	05 c0       	rjmp	.+10     	; 0x1b90 <HPB_u8GetPbStatues+0x216>
		}
		else
		{
			return PB_NOT_PRESSED ;
    1b86:	81 e0       	ldi	r24, 0x01	; 1
    1b88:	8f 8f       	std	Y+31, r24	; 0x1f
    1b8a:	02 c0       	rjmp	.+4      	; 0x1b90 <HPB_u8GetPbStatues+0x216>
		}
	}
	else
	{
		return PB_NOT_PRESSED ;
    1b8c:	81 e0       	ldi	r24, 0x01	; 1
    1b8e:	8f 8f       	std	Y+31, r24	; 0x1f
    1b90:	8f 8d       	ldd	r24, Y+31	; 0x1f
	}
}
    1b92:	6f 96       	adiw	r28, 0x1f	; 31
    1b94:	0f b6       	in	r0, 0x3f	; 63
    1b96:	f8 94       	cli
    1b98:	de bf       	out	0x3e, r29	; 62
    1b9a:	0f be       	out	0x3f, r0	; 63
    1b9c:	cd bf       	out	0x3d, r28	; 61
    1b9e:	cf 91       	pop	r28
    1ba0:	df 91       	pop	r29
    1ba2:	08 95       	ret

00001ba4 <HLED_voidLedInit>:
#include "../../LIB/StdTypes.h"
#include "../../MCAL/MDIO/DIO.h"
#include "Led.h"

void HLED_voidLedInit  (u8 A_u8PortName , u8 A_u8PinNumber)
{
    1ba4:	df 93       	push	r29
    1ba6:	cf 93       	push	r28
    1ba8:	00 d0       	rcall	.+0      	; 0x1baa <HLED_voidLedInit+0x6>
    1baa:	cd b7       	in	r28, 0x3d	; 61
    1bac:	de b7       	in	r29, 0x3e	; 62
    1bae:	89 83       	std	Y+1, r24	; 0x01
    1bb0:	6a 83       	std	Y+2, r22	; 0x02
	MDIO_voidInitPin(A_u8PortName, A_u8PinNumber, DIO_OUTPUT) ;
    1bb2:	89 81       	ldd	r24, Y+1	; 0x01
    1bb4:	6a 81       	ldd	r22, Y+2	; 0x02
    1bb6:	41 e0       	ldi	r20, 0x01	; 1
    1bb8:	0e 94 f2 05 	call	0xbe4	; 0xbe4 <MDIO_voidInitPin>
}
    1bbc:	0f 90       	pop	r0
    1bbe:	0f 90       	pop	r0
    1bc0:	cf 91       	pop	r28
    1bc2:	df 91       	pop	r29
    1bc4:	08 95       	ret

00001bc6 <HLED_voidLedOn>:
void HLED_voidLedOn    (u8 A_u8PortName , u8 A_u8PinNumber)
{
    1bc6:	df 93       	push	r29
    1bc8:	cf 93       	push	r28
    1bca:	00 d0       	rcall	.+0      	; 0x1bcc <HLED_voidLedOn+0x6>
    1bcc:	cd b7       	in	r28, 0x3d	; 61
    1bce:	de b7       	in	r29, 0x3e	; 62
    1bd0:	89 83       	std	Y+1, r24	; 0x01
    1bd2:	6a 83       	std	Y+2, r22	; 0x02
	MDIO_voidSetPinValue(A_u8PortName, A_u8PinNumber, DIO_HIGH) ;
    1bd4:	89 81       	ldd	r24, Y+1	; 0x01
    1bd6:	6a 81       	ldd	r22, Y+2	; 0x02
    1bd8:	41 e0       	ldi	r20, 0x01	; 1
    1bda:	0e 94 e4 06 	call	0xdc8	; 0xdc8 <MDIO_voidSetPinValue>
}
    1bde:	0f 90       	pop	r0
    1be0:	0f 90       	pop	r0
    1be2:	cf 91       	pop	r28
    1be4:	df 91       	pop	r29
    1be6:	08 95       	ret

00001be8 <HLED_voidLedOff>:
void HLED_voidLedOff   (u8 A_u8PortName , u8 A_u8PinNumber)
{
    1be8:	df 93       	push	r29
    1bea:	cf 93       	push	r28
    1bec:	00 d0       	rcall	.+0      	; 0x1bee <HLED_voidLedOff+0x6>
    1bee:	cd b7       	in	r28, 0x3d	; 61
    1bf0:	de b7       	in	r29, 0x3e	; 62
    1bf2:	89 83       	std	Y+1, r24	; 0x01
    1bf4:	6a 83       	std	Y+2, r22	; 0x02
	MDIO_voidSetPinValue(A_u8PortName, A_u8PinNumber, DIO_LOW) ;
    1bf6:	89 81       	ldd	r24, Y+1	; 0x01
    1bf8:	6a 81       	ldd	r22, Y+2	; 0x02
    1bfa:	40 e0       	ldi	r20, 0x00	; 0
    1bfc:	0e 94 e4 06 	call	0xdc8	; 0xdc8 <MDIO_voidSetPinValue>
}
    1c00:	0f 90       	pop	r0
    1c02:	0f 90       	pop	r0
    1c04:	cf 91       	pop	r28
    1c06:	df 91       	pop	r29
    1c08:	08 95       	ret

00001c0a <HLED_voidLedTog>:
void HLED_voidLedTog   (u8 A_u8PortName , u8 A_u8PinNumber)
{
    1c0a:	df 93       	push	r29
    1c0c:	cf 93       	push	r28
    1c0e:	00 d0       	rcall	.+0      	; 0x1c10 <HLED_voidLedTog+0x6>
    1c10:	cd b7       	in	r28, 0x3d	; 61
    1c12:	de b7       	in	r29, 0x3e	; 62
    1c14:	89 83       	std	Y+1, r24	; 0x01
    1c16:	6a 83       	std	Y+2, r22	; 0x02
	MDIO_voidTogPinValue(A_u8PortName , A_u8PinNumber) ;
    1c18:	89 81       	ldd	r24, Y+1	; 0x01
    1c1a:	6a 81       	ldd	r22, Y+2	; 0x02
    1c1c:	0e 94 d6 07 	call	0xfac	; 0xfac <MDIO_voidTogPinValue>
}
    1c20:	0f 90       	pop	r0
    1c22:	0f 90       	pop	r0
    1c24:	cf 91       	pop	r28
    1c26:	df 91       	pop	r29
    1c28:	08 95       	ret

00001c2a <HLCD_voidInit>:

#include "../../MCAL/MDIO/DIO.h"
#include "LCD.h"
#include <util/delay.h>
void HLCD_voidInit      (void)
{
    1c2a:	0f 93       	push	r16
    1c2c:	1f 93       	push	r17
    1c2e:	df 93       	push	r29
    1c30:	cf 93       	push	r28
    1c32:	cd b7       	in	r28, 0x3d	; 61
    1c34:	de b7       	in	r29, 0x3e	; 62
    1c36:	c4 55       	subi	r28, 0x54	; 84
    1c38:	d0 40       	sbci	r29, 0x00	; 0
    1c3a:	0f b6       	in	r0, 0x3f	; 63
    1c3c:	f8 94       	cli
    1c3e:	de bf       	out	0x3e, r29	; 62
    1c40:	0f be       	out	0x3f, r0	; 63
    1c42:	cd bf       	out	0x3d, r28	; 61
    1c44:	fe 01       	movw	r30, r28
    1c46:	ef 5a       	subi	r30, 0xAF	; 175
    1c48:	ff 4f       	sbci	r31, 0xFF	; 255
    1c4a:	80 e0       	ldi	r24, 0x00	; 0
    1c4c:	90 e0       	ldi	r25, 0x00	; 0
    1c4e:	a8 e4       	ldi	r26, 0x48	; 72
    1c50:	b2 e4       	ldi	r27, 0x42	; 66
    1c52:	80 83       	st	Z, r24
    1c54:	91 83       	std	Z+1, r25	; 0x01
    1c56:	a2 83       	std	Z+2, r26	; 0x02
    1c58:	b3 83       	std	Z+3, r27	; 0x03
 */
void
_delay_ms(double __ms)
{
	uint16_t __ticks;
	double __tmp = ((F_CPU) / 4e3) * __ms;
    1c5a:	8e 01       	movw	r16, r28
    1c5c:	03 5b       	subi	r16, 0xB3	; 179
    1c5e:	1f 4f       	sbci	r17, 0xFF	; 255
    1c60:	fe 01       	movw	r30, r28
    1c62:	ef 5a       	subi	r30, 0xAF	; 175
    1c64:	ff 4f       	sbci	r31, 0xFF	; 255
    1c66:	60 81       	ld	r22, Z
    1c68:	71 81       	ldd	r23, Z+1	; 0x01
    1c6a:	82 81       	ldd	r24, Z+2	; 0x02
    1c6c:	93 81       	ldd	r25, Z+3	; 0x03
    1c6e:	20 e0       	ldi	r18, 0x00	; 0
    1c70:	30 e0       	ldi	r19, 0x00	; 0
    1c72:	4a ef       	ldi	r20, 0xFA	; 250
    1c74:	54 e4       	ldi	r21, 0x44	; 68
    1c76:	0e 94 1f 02 	call	0x43e	; 0x43e <__mulsf3>
    1c7a:	dc 01       	movw	r26, r24
    1c7c:	cb 01       	movw	r24, r22
    1c7e:	f8 01       	movw	r30, r16
    1c80:	80 83       	st	Z, r24
    1c82:	91 83       	std	Z+1, r25	; 0x01
    1c84:	a2 83       	std	Z+2, r26	; 0x02
    1c86:	b3 83       	std	Z+3, r27	; 0x03
	if (__tmp < 1.0)
    1c88:	fe 01       	movw	r30, r28
    1c8a:	e3 5b       	subi	r30, 0xB3	; 179
    1c8c:	ff 4f       	sbci	r31, 0xFF	; 255
    1c8e:	60 81       	ld	r22, Z
    1c90:	71 81       	ldd	r23, Z+1	; 0x01
    1c92:	82 81       	ldd	r24, Z+2	; 0x02
    1c94:	93 81       	ldd	r25, Z+3	; 0x03
    1c96:	20 e0       	ldi	r18, 0x00	; 0
    1c98:	30 e0       	ldi	r19, 0x00	; 0
    1c9a:	40 e8       	ldi	r20, 0x80	; 128
    1c9c:	5f e3       	ldi	r21, 0x3F	; 63
    1c9e:	0e 94 79 03 	call	0x6f2	; 0x6f2 <__ltsf2>
    1ca2:	88 23       	and	r24, r24
    1ca4:	44 f4       	brge	.+16     	; 0x1cb6 <HLCD_voidInit+0x8c>
		__ticks = 1;
    1ca6:	fe 01       	movw	r30, r28
    1ca8:	e5 5b       	subi	r30, 0xB5	; 181
    1caa:	ff 4f       	sbci	r31, 0xFF	; 255
    1cac:	81 e0       	ldi	r24, 0x01	; 1
    1cae:	90 e0       	ldi	r25, 0x00	; 0
    1cb0:	91 83       	std	Z+1, r25	; 0x01
    1cb2:	80 83       	st	Z, r24
    1cb4:	64 c0       	rjmp	.+200    	; 0x1d7e <HLCD_voidInit+0x154>
	else if (__tmp > 65535)
    1cb6:	fe 01       	movw	r30, r28
    1cb8:	e3 5b       	subi	r30, 0xB3	; 179
    1cba:	ff 4f       	sbci	r31, 0xFF	; 255
    1cbc:	60 81       	ld	r22, Z
    1cbe:	71 81       	ldd	r23, Z+1	; 0x01
    1cc0:	82 81       	ldd	r24, Z+2	; 0x02
    1cc2:	93 81       	ldd	r25, Z+3	; 0x03
    1cc4:	20 e0       	ldi	r18, 0x00	; 0
    1cc6:	3f ef       	ldi	r19, 0xFF	; 255
    1cc8:	4f e7       	ldi	r20, 0x7F	; 127
    1cca:	57 e4       	ldi	r21, 0x47	; 71
    1ccc:	0e 94 19 03 	call	0x632	; 0x632 <__gtsf2>
    1cd0:	18 16       	cp	r1, r24
    1cd2:	0c f0       	brlt	.+2      	; 0x1cd6 <HLCD_voidInit+0xac>
    1cd4:	43 c0       	rjmp	.+134    	; 0x1d5c <HLCD_voidInit+0x132>
	{
		//	__ticks = requested delay in 1/10 ms
		__ticks = (uint16_t) (__ms * 10.0);
    1cd6:	fe 01       	movw	r30, r28
    1cd8:	ef 5a       	subi	r30, 0xAF	; 175
    1cda:	ff 4f       	sbci	r31, 0xFF	; 255
    1cdc:	60 81       	ld	r22, Z
    1cde:	71 81       	ldd	r23, Z+1	; 0x01
    1ce0:	82 81       	ldd	r24, Z+2	; 0x02
    1ce2:	93 81       	ldd	r25, Z+3	; 0x03
    1ce4:	20 e0       	ldi	r18, 0x00	; 0
    1ce6:	30 e0       	ldi	r19, 0x00	; 0
    1ce8:	40 e2       	ldi	r20, 0x20	; 32
    1cea:	51 e4       	ldi	r21, 0x41	; 65
    1cec:	0e 94 1f 02 	call	0x43e	; 0x43e <__mulsf3>
    1cf0:	dc 01       	movw	r26, r24
    1cf2:	cb 01       	movw	r24, r22
    1cf4:	8e 01       	movw	r16, r28
    1cf6:	05 5b       	subi	r16, 0xB5	; 181
    1cf8:	1f 4f       	sbci	r17, 0xFF	; 255
    1cfa:	bc 01       	movw	r22, r24
    1cfc:	cd 01       	movw	r24, r26
    1cfe:	0e 94 49 00 	call	0x92	; 0x92 <__fixunssfsi>
    1d02:	dc 01       	movw	r26, r24
    1d04:	cb 01       	movw	r24, r22
    1d06:	f8 01       	movw	r30, r16
    1d08:	91 83       	std	Z+1, r25	; 0x01
    1d0a:	80 83       	st	Z, r24
    1d0c:	1f c0       	rjmp	.+62     	; 0x1d4c <HLCD_voidInit+0x122>
    1d0e:	fe 01       	movw	r30, r28
    1d10:	e7 5b       	subi	r30, 0xB7	; 183
    1d12:	ff 4f       	sbci	r31, 0xFF	; 255
    1d14:	88 ec       	ldi	r24, 0xC8	; 200
    1d16:	90 e0       	ldi	r25, 0x00	; 0
    1d18:	91 83       	std	Z+1, r25	; 0x01
    1d1a:	80 83       	st	Z, r24
    1d1c:	fe 01       	movw	r30, r28
    1d1e:	e7 5b       	subi	r30, 0xB7	; 183
    1d20:	ff 4f       	sbci	r31, 0xFF	; 255
    1d22:	80 81       	ld	r24, Z
    1d24:	91 81       	ldd	r25, Z+1	; 0x01
    1d26:	01 97       	sbiw	r24, 0x01	; 1
    1d28:	f1 f7       	brne	.-4      	; 0x1d26 <HLCD_voidInit+0xfc>
    1d2a:	fe 01       	movw	r30, r28
    1d2c:	e7 5b       	subi	r30, 0xB7	; 183
    1d2e:	ff 4f       	sbci	r31, 0xFF	; 255
    1d30:	91 83       	std	Z+1, r25	; 0x01
    1d32:	80 83       	st	Z, r24
		while(__ticks)
		{
			// wait 1/10 ms
			_delay_loop_2(((F_CPU) / 4e3) / 10);
			__ticks --;
    1d34:	de 01       	movw	r26, r28
    1d36:	a5 5b       	subi	r26, 0xB5	; 181
    1d38:	bf 4f       	sbci	r27, 0xFF	; 255
    1d3a:	fe 01       	movw	r30, r28
    1d3c:	e5 5b       	subi	r30, 0xB5	; 181
    1d3e:	ff 4f       	sbci	r31, 0xFF	; 255
    1d40:	80 81       	ld	r24, Z
    1d42:	91 81       	ldd	r25, Z+1	; 0x01
    1d44:	01 97       	sbiw	r24, 0x01	; 1
    1d46:	11 96       	adiw	r26, 0x01	; 1
    1d48:	9c 93       	st	X, r25
    1d4a:	8e 93       	st	-X, r24
		__ticks = 1;
	else if (__tmp > 65535)
	{
		//	__ticks = requested delay in 1/10 ms
		__ticks = (uint16_t) (__ms * 10.0);
		while(__ticks)
    1d4c:	fe 01       	movw	r30, r28
    1d4e:	e5 5b       	subi	r30, 0xB5	; 181
    1d50:	ff 4f       	sbci	r31, 0xFF	; 255
    1d52:	80 81       	ld	r24, Z
    1d54:	91 81       	ldd	r25, Z+1	; 0x01
    1d56:	00 97       	sbiw	r24, 0x00	; 0
    1d58:	d1 f6       	brne	.-76     	; 0x1d0e <HLCD_voidInit+0xe4>
    1d5a:	27 c0       	rjmp	.+78     	; 0x1daa <HLCD_voidInit+0x180>
			__ticks --;
		}
		return;
	}
	else
		__ticks = (uint16_t)__tmp;
    1d5c:	8e 01       	movw	r16, r28
    1d5e:	05 5b       	subi	r16, 0xB5	; 181
    1d60:	1f 4f       	sbci	r17, 0xFF	; 255
    1d62:	fe 01       	movw	r30, r28
    1d64:	e3 5b       	subi	r30, 0xB3	; 179
    1d66:	ff 4f       	sbci	r31, 0xFF	; 255
    1d68:	60 81       	ld	r22, Z
    1d6a:	71 81       	ldd	r23, Z+1	; 0x01
    1d6c:	82 81       	ldd	r24, Z+2	; 0x02
    1d6e:	93 81       	ldd	r25, Z+3	; 0x03
    1d70:	0e 94 49 00 	call	0x92	; 0x92 <__fixunssfsi>
    1d74:	dc 01       	movw	r26, r24
    1d76:	cb 01       	movw	r24, r22
    1d78:	f8 01       	movw	r30, r16
    1d7a:	91 83       	std	Z+1, r25	; 0x01
    1d7c:	80 83       	st	Z, r24
    1d7e:	de 01       	movw	r26, r28
    1d80:	a9 5b       	subi	r26, 0xB9	; 185
    1d82:	bf 4f       	sbci	r27, 0xFF	; 255
    1d84:	fe 01       	movw	r30, r28
    1d86:	e5 5b       	subi	r30, 0xB5	; 181
    1d88:	ff 4f       	sbci	r31, 0xFF	; 255
    1d8a:	80 81       	ld	r24, Z
    1d8c:	91 81       	ldd	r25, Z+1	; 0x01
    1d8e:	8d 93       	st	X+, r24
    1d90:	9c 93       	st	X, r25
    1d92:	fe 01       	movw	r30, r28
    1d94:	e9 5b       	subi	r30, 0xB9	; 185
    1d96:	ff 4f       	sbci	r31, 0xFF	; 255
    1d98:	80 81       	ld	r24, Z
    1d9a:	91 81       	ldd	r25, Z+1	; 0x01
    1d9c:	01 97       	sbiw	r24, 0x01	; 1
    1d9e:	f1 f7       	brne	.-4      	; 0x1d9c <HLCD_voidInit+0x172>
    1da0:	fe 01       	movw	r30, r28
    1da2:	e9 5b       	subi	r30, 0xB9	; 185
    1da4:	ff 4f       	sbci	r31, 0xFF	; 255
    1da6:	91 83       	std	Z+1, r25	; 0x01
    1da8:	80 83       	st	Z, r24
	_delay_ms(3) ;
	HLCD_voidWriteCmd(0x06) ;
	_delay_ms(1) ;
#elif LCD_MODE == 4
	_delay_ms(50) ;
	MDIO_voidInitPin(LCD_PORT, DIO_PIN4, DIO_OUTPUT) ;
    1daa:	81 e0       	ldi	r24, 0x01	; 1
    1dac:	64 e0       	ldi	r22, 0x04	; 4
    1dae:	41 e0       	ldi	r20, 0x01	; 1
    1db0:	0e 94 f2 05 	call	0xbe4	; 0xbe4 <MDIO_voidInitPin>
	MDIO_voidInitPin(LCD_PORT, DIO_PIN5, DIO_OUTPUT) ;
    1db4:	81 e0       	ldi	r24, 0x01	; 1
    1db6:	65 e0       	ldi	r22, 0x05	; 5
    1db8:	41 e0       	ldi	r20, 0x01	; 1
    1dba:	0e 94 f2 05 	call	0xbe4	; 0xbe4 <MDIO_voidInitPin>
	MDIO_voidInitPin(LCD_PORT, DIO_PIN6, DIO_OUTPUT) ;
    1dbe:	81 e0       	ldi	r24, 0x01	; 1
    1dc0:	66 e0       	ldi	r22, 0x06	; 6
    1dc2:	41 e0       	ldi	r20, 0x01	; 1
    1dc4:	0e 94 f2 05 	call	0xbe4	; 0xbe4 <MDIO_voidInitPin>
	MDIO_voidInitPin(LCD_PORT, DIO_PIN7, DIO_OUTPUT) ;
    1dc8:	81 e0       	ldi	r24, 0x01	; 1
    1dca:	67 e0       	ldi	r22, 0x07	; 7
    1dcc:	41 e0       	ldi	r20, 0x01	; 1
    1dce:	0e 94 f2 05 	call	0xbe4	; 0xbe4 <MDIO_voidInitPin>
	MDIO_voidInitPin(LCD_RS_PORT, LCD_RS_PIN, DIO_OUTPUT) ;
    1dd2:	81 e0       	ldi	r24, 0x01	; 1
    1dd4:	61 e0       	ldi	r22, 0x01	; 1
    1dd6:	41 e0       	ldi	r20, 0x01	; 1
    1dd8:	0e 94 f2 05 	call	0xbe4	; 0xbe4 <MDIO_voidInitPin>
	MDIO_voidInitPin(LCD_RW_PORT, LCD_RW_PIN, DIO_OUTPUT) ;
    1ddc:	81 e0       	ldi	r24, 0x01	; 1
    1dde:	62 e0       	ldi	r22, 0x02	; 2
    1de0:	41 e0       	ldi	r20, 0x01	; 1
    1de2:	0e 94 f2 05 	call	0xbe4	; 0xbe4 <MDIO_voidInitPin>
	MDIO_voidInitPin(LCD_E_PORT , LCD_E_PIN , DIO_OUTPUT) ;
    1de6:	81 e0       	ldi	r24, 0x01	; 1
    1de8:	63 e0       	ldi	r22, 0x03	; 3
    1dea:	41 e0       	ldi	r20, 0x01	; 1
    1dec:	0e 94 f2 05 	call	0xbe4	; 0xbe4 <MDIO_voidInitPin>
	HLCD_voidWriteCmd(0x02) ;
    1df0:	82 e0       	ldi	r24, 0x02	; 2
    1df2:	0e 94 de 13 	call	0x27bc	; 0x27bc <HLCD_voidWriteCmd>
    1df6:	fe 01       	movw	r30, r28
    1df8:	ed 5b       	subi	r30, 0xBD	; 189
    1dfa:	ff 4f       	sbci	r31, 0xFF	; 255
    1dfc:	80 e0       	ldi	r24, 0x00	; 0
    1dfe:	90 e0       	ldi	r25, 0x00	; 0
    1e00:	a0 e8       	ldi	r26, 0x80	; 128
    1e02:	bf e3       	ldi	r27, 0x3F	; 63
    1e04:	80 83       	st	Z, r24
    1e06:	91 83       	std	Z+1, r25	; 0x01
    1e08:	a2 83       	std	Z+2, r26	; 0x02
    1e0a:	b3 83       	std	Z+3, r27	; 0x03
 */
void
_delay_ms(double __ms)
{
	uint16_t __ticks;
	double __tmp = ((F_CPU) / 4e3) * __ms;
    1e0c:	8e 01       	movw	r16, r28
    1e0e:	01 5c       	subi	r16, 0xC1	; 193
    1e10:	1f 4f       	sbci	r17, 0xFF	; 255
    1e12:	fe 01       	movw	r30, r28
    1e14:	ed 5b       	subi	r30, 0xBD	; 189
    1e16:	ff 4f       	sbci	r31, 0xFF	; 255
    1e18:	60 81       	ld	r22, Z
    1e1a:	71 81       	ldd	r23, Z+1	; 0x01
    1e1c:	82 81       	ldd	r24, Z+2	; 0x02
    1e1e:	93 81       	ldd	r25, Z+3	; 0x03
    1e20:	20 e0       	ldi	r18, 0x00	; 0
    1e22:	30 e0       	ldi	r19, 0x00	; 0
    1e24:	4a ef       	ldi	r20, 0xFA	; 250
    1e26:	54 e4       	ldi	r21, 0x44	; 68
    1e28:	0e 94 1f 02 	call	0x43e	; 0x43e <__mulsf3>
    1e2c:	dc 01       	movw	r26, r24
    1e2e:	cb 01       	movw	r24, r22
    1e30:	f8 01       	movw	r30, r16
    1e32:	80 83       	st	Z, r24
    1e34:	91 83       	std	Z+1, r25	; 0x01
    1e36:	a2 83       	std	Z+2, r26	; 0x02
    1e38:	b3 83       	std	Z+3, r27	; 0x03
	if (__tmp < 1.0)
    1e3a:	fe 01       	movw	r30, r28
    1e3c:	ff 96       	adiw	r30, 0x3f	; 63
    1e3e:	60 81       	ld	r22, Z
    1e40:	71 81       	ldd	r23, Z+1	; 0x01
    1e42:	82 81       	ldd	r24, Z+2	; 0x02
    1e44:	93 81       	ldd	r25, Z+3	; 0x03
    1e46:	20 e0       	ldi	r18, 0x00	; 0
    1e48:	30 e0       	ldi	r19, 0x00	; 0
    1e4a:	40 e8       	ldi	r20, 0x80	; 128
    1e4c:	5f e3       	ldi	r21, 0x3F	; 63
    1e4e:	0e 94 79 03 	call	0x6f2	; 0x6f2 <__ltsf2>
    1e52:	88 23       	and	r24, r24
    1e54:	2c f4       	brge	.+10     	; 0x1e60 <HLCD_voidInit+0x236>
		__ticks = 1;
    1e56:	81 e0       	ldi	r24, 0x01	; 1
    1e58:	90 e0       	ldi	r25, 0x00	; 0
    1e5a:	9e af       	std	Y+62, r25	; 0x3e
    1e5c:	8d af       	std	Y+61, r24	; 0x3d
    1e5e:	46 c0       	rjmp	.+140    	; 0x1eec <HLCD_voidInit+0x2c2>
	else if (__tmp > 65535)
    1e60:	fe 01       	movw	r30, r28
    1e62:	ff 96       	adiw	r30, 0x3f	; 63
    1e64:	60 81       	ld	r22, Z
    1e66:	71 81       	ldd	r23, Z+1	; 0x01
    1e68:	82 81       	ldd	r24, Z+2	; 0x02
    1e6a:	93 81       	ldd	r25, Z+3	; 0x03
    1e6c:	20 e0       	ldi	r18, 0x00	; 0
    1e6e:	3f ef       	ldi	r19, 0xFF	; 255
    1e70:	4f e7       	ldi	r20, 0x7F	; 127
    1e72:	57 e4       	ldi	r21, 0x47	; 71
    1e74:	0e 94 19 03 	call	0x632	; 0x632 <__gtsf2>
    1e78:	18 16       	cp	r1, r24
    1e7a:	64 f5       	brge	.+88     	; 0x1ed4 <HLCD_voidInit+0x2aa>
	{
		//	__ticks = requested delay in 1/10 ms
		__ticks = (uint16_t) (__ms * 10.0);
    1e7c:	fe 01       	movw	r30, r28
    1e7e:	ed 5b       	subi	r30, 0xBD	; 189
    1e80:	ff 4f       	sbci	r31, 0xFF	; 255
    1e82:	60 81       	ld	r22, Z
    1e84:	71 81       	ldd	r23, Z+1	; 0x01
    1e86:	82 81       	ldd	r24, Z+2	; 0x02
    1e88:	93 81       	ldd	r25, Z+3	; 0x03
    1e8a:	20 e0       	ldi	r18, 0x00	; 0
    1e8c:	30 e0       	ldi	r19, 0x00	; 0
    1e8e:	40 e2       	ldi	r20, 0x20	; 32
    1e90:	51 e4       	ldi	r21, 0x41	; 65
    1e92:	0e 94 1f 02 	call	0x43e	; 0x43e <__mulsf3>
    1e96:	dc 01       	movw	r26, r24
    1e98:	cb 01       	movw	r24, r22
    1e9a:	bc 01       	movw	r22, r24
    1e9c:	cd 01       	movw	r24, r26
    1e9e:	0e 94 49 00 	call	0x92	; 0x92 <__fixunssfsi>
    1ea2:	dc 01       	movw	r26, r24
    1ea4:	cb 01       	movw	r24, r22
    1ea6:	9e af       	std	Y+62, r25	; 0x3e
    1ea8:	8d af       	std	Y+61, r24	; 0x3d
    1eaa:	0f c0       	rjmp	.+30     	; 0x1eca <HLCD_voidInit+0x2a0>
    1eac:	88 ec       	ldi	r24, 0xC8	; 200
    1eae:	90 e0       	ldi	r25, 0x00	; 0
    1eb0:	9c af       	std	Y+60, r25	; 0x3c
    1eb2:	8b af       	std	Y+59, r24	; 0x3b
    1eb4:	8b ad       	ldd	r24, Y+59	; 0x3b
    1eb6:	9c ad       	ldd	r25, Y+60	; 0x3c
    1eb8:	01 97       	sbiw	r24, 0x01	; 1
    1eba:	f1 f7       	brne	.-4      	; 0x1eb8 <HLCD_voidInit+0x28e>
    1ebc:	9c af       	std	Y+60, r25	; 0x3c
    1ebe:	8b af       	std	Y+59, r24	; 0x3b
		while(__ticks)
		{
			// wait 1/10 ms
			_delay_loop_2(((F_CPU) / 4e3) / 10);
			__ticks --;
    1ec0:	8d ad       	ldd	r24, Y+61	; 0x3d
    1ec2:	9e ad       	ldd	r25, Y+62	; 0x3e
    1ec4:	01 97       	sbiw	r24, 0x01	; 1
    1ec6:	9e af       	std	Y+62, r25	; 0x3e
    1ec8:	8d af       	std	Y+61, r24	; 0x3d
		__ticks = 1;
	else if (__tmp > 65535)
	{
		//	__ticks = requested delay in 1/10 ms
		__ticks = (uint16_t) (__ms * 10.0);
		while(__ticks)
    1eca:	8d ad       	ldd	r24, Y+61	; 0x3d
    1ecc:	9e ad       	ldd	r25, Y+62	; 0x3e
    1ece:	00 97       	sbiw	r24, 0x00	; 0
    1ed0:	69 f7       	brne	.-38     	; 0x1eac <HLCD_voidInit+0x282>
    1ed2:	16 c0       	rjmp	.+44     	; 0x1f00 <HLCD_voidInit+0x2d6>
			__ticks --;
		}
		return;
	}
	else
		__ticks = (uint16_t)__tmp;
    1ed4:	fe 01       	movw	r30, r28
    1ed6:	ff 96       	adiw	r30, 0x3f	; 63
    1ed8:	60 81       	ld	r22, Z
    1eda:	71 81       	ldd	r23, Z+1	; 0x01
    1edc:	82 81       	ldd	r24, Z+2	; 0x02
    1ede:	93 81       	ldd	r25, Z+3	; 0x03
    1ee0:	0e 94 49 00 	call	0x92	; 0x92 <__fixunssfsi>
    1ee4:	dc 01       	movw	r26, r24
    1ee6:	cb 01       	movw	r24, r22
    1ee8:	9e af       	std	Y+62, r25	; 0x3e
    1eea:	8d af       	std	Y+61, r24	; 0x3d
    1eec:	8d ad       	ldd	r24, Y+61	; 0x3d
    1eee:	9e ad       	ldd	r25, Y+62	; 0x3e
    1ef0:	9a af       	std	Y+58, r25	; 0x3a
    1ef2:	89 af       	std	Y+57, r24	; 0x39
    1ef4:	89 ad       	ldd	r24, Y+57	; 0x39
    1ef6:	9a ad       	ldd	r25, Y+58	; 0x3a
    1ef8:	01 97       	sbiw	r24, 0x01	; 1
    1efa:	f1 f7       	brne	.-4      	; 0x1ef8 <HLCD_voidInit+0x2ce>
    1efc:	9a af       	std	Y+58, r25	; 0x3a
    1efe:	89 af       	std	Y+57, r24	; 0x39
	_delay_ms(1) ;
	HLCD_voidWriteCmd(0x28) ;
    1f00:	88 e2       	ldi	r24, 0x28	; 40
    1f02:	0e 94 de 13 	call	0x27bc	; 0x27bc <HLCD_voidWriteCmd>
    1f06:	80 e0       	ldi	r24, 0x00	; 0
    1f08:	90 e0       	ldi	r25, 0x00	; 0
    1f0a:	a0 e8       	ldi	r26, 0x80	; 128
    1f0c:	bf e3       	ldi	r27, 0x3F	; 63
    1f0e:	8d ab       	std	Y+53, r24	; 0x35
    1f10:	9e ab       	std	Y+54, r25	; 0x36
    1f12:	af ab       	std	Y+55, r26	; 0x37
    1f14:	b8 af       	std	Y+56, r27	; 0x38
 */
void
_delay_ms(double __ms)
{
	uint16_t __ticks;
	double __tmp = ((F_CPU) / 4e3) * __ms;
    1f16:	6d a9       	ldd	r22, Y+53	; 0x35
    1f18:	7e a9       	ldd	r23, Y+54	; 0x36
    1f1a:	8f a9       	ldd	r24, Y+55	; 0x37
    1f1c:	98 ad       	ldd	r25, Y+56	; 0x38
    1f1e:	20 e0       	ldi	r18, 0x00	; 0
    1f20:	30 e0       	ldi	r19, 0x00	; 0
    1f22:	4a ef       	ldi	r20, 0xFA	; 250
    1f24:	54 e4       	ldi	r21, 0x44	; 68
    1f26:	0e 94 1f 02 	call	0x43e	; 0x43e <__mulsf3>
    1f2a:	dc 01       	movw	r26, r24
    1f2c:	cb 01       	movw	r24, r22
    1f2e:	89 ab       	std	Y+49, r24	; 0x31
    1f30:	9a ab       	std	Y+50, r25	; 0x32
    1f32:	ab ab       	std	Y+51, r26	; 0x33
    1f34:	bc ab       	std	Y+52, r27	; 0x34
	if (__tmp < 1.0)
    1f36:	69 a9       	ldd	r22, Y+49	; 0x31
    1f38:	7a a9       	ldd	r23, Y+50	; 0x32
    1f3a:	8b a9       	ldd	r24, Y+51	; 0x33
    1f3c:	9c a9       	ldd	r25, Y+52	; 0x34
    1f3e:	20 e0       	ldi	r18, 0x00	; 0
    1f40:	30 e0       	ldi	r19, 0x00	; 0
    1f42:	40 e8       	ldi	r20, 0x80	; 128
    1f44:	5f e3       	ldi	r21, 0x3F	; 63
    1f46:	0e 94 79 03 	call	0x6f2	; 0x6f2 <__ltsf2>
    1f4a:	88 23       	and	r24, r24
    1f4c:	2c f4       	brge	.+10     	; 0x1f58 <HLCD_voidInit+0x32e>
		__ticks = 1;
    1f4e:	81 e0       	ldi	r24, 0x01	; 1
    1f50:	90 e0       	ldi	r25, 0x00	; 0
    1f52:	98 ab       	std	Y+48, r25	; 0x30
    1f54:	8f a7       	std	Y+47, r24	; 0x2f
    1f56:	3f c0       	rjmp	.+126    	; 0x1fd6 <HLCD_voidInit+0x3ac>
	else if (__tmp > 65535)
    1f58:	69 a9       	ldd	r22, Y+49	; 0x31
    1f5a:	7a a9       	ldd	r23, Y+50	; 0x32
    1f5c:	8b a9       	ldd	r24, Y+51	; 0x33
    1f5e:	9c a9       	ldd	r25, Y+52	; 0x34
    1f60:	20 e0       	ldi	r18, 0x00	; 0
    1f62:	3f ef       	ldi	r19, 0xFF	; 255
    1f64:	4f e7       	ldi	r20, 0x7F	; 127
    1f66:	57 e4       	ldi	r21, 0x47	; 71
    1f68:	0e 94 19 03 	call	0x632	; 0x632 <__gtsf2>
    1f6c:	18 16       	cp	r1, r24
    1f6e:	4c f5       	brge	.+82     	; 0x1fc2 <HLCD_voidInit+0x398>
	{
		//	__ticks = requested delay in 1/10 ms
		__ticks = (uint16_t) (__ms * 10.0);
    1f70:	6d a9       	ldd	r22, Y+53	; 0x35
    1f72:	7e a9       	ldd	r23, Y+54	; 0x36
    1f74:	8f a9       	ldd	r24, Y+55	; 0x37
    1f76:	98 ad       	ldd	r25, Y+56	; 0x38
    1f78:	20 e0       	ldi	r18, 0x00	; 0
    1f7a:	30 e0       	ldi	r19, 0x00	; 0
    1f7c:	40 e2       	ldi	r20, 0x20	; 32
    1f7e:	51 e4       	ldi	r21, 0x41	; 65
    1f80:	0e 94 1f 02 	call	0x43e	; 0x43e <__mulsf3>
    1f84:	dc 01       	movw	r26, r24
    1f86:	cb 01       	movw	r24, r22
    1f88:	bc 01       	movw	r22, r24
    1f8a:	cd 01       	movw	r24, r26
    1f8c:	0e 94 49 00 	call	0x92	; 0x92 <__fixunssfsi>
    1f90:	dc 01       	movw	r26, r24
    1f92:	cb 01       	movw	r24, r22
    1f94:	98 ab       	std	Y+48, r25	; 0x30
    1f96:	8f a7       	std	Y+47, r24	; 0x2f
    1f98:	0f c0       	rjmp	.+30     	; 0x1fb8 <HLCD_voidInit+0x38e>
    1f9a:	88 ec       	ldi	r24, 0xC8	; 200
    1f9c:	90 e0       	ldi	r25, 0x00	; 0
    1f9e:	9e a7       	std	Y+46, r25	; 0x2e
    1fa0:	8d a7       	std	Y+45, r24	; 0x2d
    1fa2:	8d a5       	ldd	r24, Y+45	; 0x2d
    1fa4:	9e a5       	ldd	r25, Y+46	; 0x2e
    1fa6:	01 97       	sbiw	r24, 0x01	; 1
    1fa8:	f1 f7       	brne	.-4      	; 0x1fa6 <HLCD_voidInit+0x37c>
    1faa:	9e a7       	std	Y+46, r25	; 0x2e
    1fac:	8d a7       	std	Y+45, r24	; 0x2d
		while(__ticks)
		{
			// wait 1/10 ms
			_delay_loop_2(((F_CPU) / 4e3) / 10);
			__ticks --;
    1fae:	8f a5       	ldd	r24, Y+47	; 0x2f
    1fb0:	98 a9       	ldd	r25, Y+48	; 0x30
    1fb2:	01 97       	sbiw	r24, 0x01	; 1
    1fb4:	98 ab       	std	Y+48, r25	; 0x30
    1fb6:	8f a7       	std	Y+47, r24	; 0x2f
		__ticks = 1;
	else if (__tmp > 65535)
	{
		//	__ticks = requested delay in 1/10 ms
		__ticks = (uint16_t) (__ms * 10.0);
		while(__ticks)
    1fb8:	8f a5       	ldd	r24, Y+47	; 0x2f
    1fba:	98 a9       	ldd	r25, Y+48	; 0x30
    1fbc:	00 97       	sbiw	r24, 0x00	; 0
    1fbe:	69 f7       	brne	.-38     	; 0x1f9a <HLCD_voidInit+0x370>
    1fc0:	14 c0       	rjmp	.+40     	; 0x1fea <HLCD_voidInit+0x3c0>
			__ticks --;
		}
		return;
	}
	else
		__ticks = (uint16_t)__tmp;
    1fc2:	69 a9       	ldd	r22, Y+49	; 0x31
    1fc4:	7a a9       	ldd	r23, Y+50	; 0x32
    1fc6:	8b a9       	ldd	r24, Y+51	; 0x33
    1fc8:	9c a9       	ldd	r25, Y+52	; 0x34
    1fca:	0e 94 49 00 	call	0x92	; 0x92 <__fixunssfsi>
    1fce:	dc 01       	movw	r26, r24
    1fd0:	cb 01       	movw	r24, r22
    1fd2:	98 ab       	std	Y+48, r25	; 0x30
    1fd4:	8f a7       	std	Y+47, r24	; 0x2f
    1fd6:	8f a5       	ldd	r24, Y+47	; 0x2f
    1fd8:	98 a9       	ldd	r25, Y+48	; 0x30
    1fda:	9c a7       	std	Y+44, r25	; 0x2c
    1fdc:	8b a7       	std	Y+43, r24	; 0x2b
    1fde:	8b a5       	ldd	r24, Y+43	; 0x2b
    1fe0:	9c a5       	ldd	r25, Y+44	; 0x2c
    1fe2:	01 97       	sbiw	r24, 0x01	; 1
    1fe4:	f1 f7       	brne	.-4      	; 0x1fe2 <HLCD_voidInit+0x3b8>
    1fe6:	9c a7       	std	Y+44, r25	; 0x2c
    1fe8:	8b a7       	std	Y+43, r24	; 0x2b
	_delay_ms(1) ;
	HLCD_voidWriteCmd(0x0E) ;
    1fea:	8e e0       	ldi	r24, 0x0E	; 14
    1fec:	0e 94 de 13 	call	0x27bc	; 0x27bc <HLCD_voidWriteCmd>
    1ff0:	80 e0       	ldi	r24, 0x00	; 0
    1ff2:	90 e0       	ldi	r25, 0x00	; 0
    1ff4:	a0 e8       	ldi	r26, 0x80	; 128
    1ff6:	bf e3       	ldi	r27, 0x3F	; 63
    1ff8:	8f a3       	std	Y+39, r24	; 0x27
    1ffa:	98 a7       	std	Y+40, r25	; 0x28
    1ffc:	a9 a7       	std	Y+41, r26	; 0x29
    1ffe:	ba a7       	std	Y+42, r27	; 0x2a
 */
void
_delay_ms(double __ms)
{
	uint16_t __ticks;
	double __tmp = ((F_CPU) / 4e3) * __ms;
    2000:	6f a1       	ldd	r22, Y+39	; 0x27
    2002:	78 a5       	ldd	r23, Y+40	; 0x28
    2004:	89 a5       	ldd	r24, Y+41	; 0x29
    2006:	9a a5       	ldd	r25, Y+42	; 0x2a
    2008:	20 e0       	ldi	r18, 0x00	; 0
    200a:	30 e0       	ldi	r19, 0x00	; 0
    200c:	4a ef       	ldi	r20, 0xFA	; 250
    200e:	54 e4       	ldi	r21, 0x44	; 68
    2010:	0e 94 1f 02 	call	0x43e	; 0x43e <__mulsf3>
    2014:	dc 01       	movw	r26, r24
    2016:	cb 01       	movw	r24, r22
    2018:	8b a3       	std	Y+35, r24	; 0x23
    201a:	9c a3       	std	Y+36, r25	; 0x24
    201c:	ad a3       	std	Y+37, r26	; 0x25
    201e:	be a3       	std	Y+38, r27	; 0x26
	if (__tmp < 1.0)
    2020:	6b a1       	ldd	r22, Y+35	; 0x23
    2022:	7c a1       	ldd	r23, Y+36	; 0x24
    2024:	8d a1       	ldd	r24, Y+37	; 0x25
    2026:	9e a1       	ldd	r25, Y+38	; 0x26
    2028:	20 e0       	ldi	r18, 0x00	; 0
    202a:	30 e0       	ldi	r19, 0x00	; 0
    202c:	40 e8       	ldi	r20, 0x80	; 128
    202e:	5f e3       	ldi	r21, 0x3F	; 63
    2030:	0e 94 79 03 	call	0x6f2	; 0x6f2 <__ltsf2>
    2034:	88 23       	and	r24, r24
    2036:	2c f4       	brge	.+10     	; 0x2042 <HLCD_voidInit+0x418>
		__ticks = 1;
    2038:	81 e0       	ldi	r24, 0x01	; 1
    203a:	90 e0       	ldi	r25, 0x00	; 0
    203c:	9a a3       	std	Y+34, r25	; 0x22
    203e:	89 a3       	std	Y+33, r24	; 0x21
    2040:	3f c0       	rjmp	.+126    	; 0x20c0 <HLCD_voidInit+0x496>
	else if (__tmp > 65535)
    2042:	6b a1       	ldd	r22, Y+35	; 0x23
    2044:	7c a1       	ldd	r23, Y+36	; 0x24
    2046:	8d a1       	ldd	r24, Y+37	; 0x25
    2048:	9e a1       	ldd	r25, Y+38	; 0x26
    204a:	20 e0       	ldi	r18, 0x00	; 0
    204c:	3f ef       	ldi	r19, 0xFF	; 255
    204e:	4f e7       	ldi	r20, 0x7F	; 127
    2050:	57 e4       	ldi	r21, 0x47	; 71
    2052:	0e 94 19 03 	call	0x632	; 0x632 <__gtsf2>
    2056:	18 16       	cp	r1, r24
    2058:	4c f5       	brge	.+82     	; 0x20ac <HLCD_voidInit+0x482>
	{
		//	__ticks = requested delay in 1/10 ms
		__ticks = (uint16_t) (__ms * 10.0);
    205a:	6f a1       	ldd	r22, Y+39	; 0x27
    205c:	78 a5       	ldd	r23, Y+40	; 0x28
    205e:	89 a5       	ldd	r24, Y+41	; 0x29
    2060:	9a a5       	ldd	r25, Y+42	; 0x2a
    2062:	20 e0       	ldi	r18, 0x00	; 0
    2064:	30 e0       	ldi	r19, 0x00	; 0
    2066:	40 e2       	ldi	r20, 0x20	; 32
    2068:	51 e4       	ldi	r21, 0x41	; 65
    206a:	0e 94 1f 02 	call	0x43e	; 0x43e <__mulsf3>
    206e:	dc 01       	movw	r26, r24
    2070:	cb 01       	movw	r24, r22
    2072:	bc 01       	movw	r22, r24
    2074:	cd 01       	movw	r24, r26
    2076:	0e 94 49 00 	call	0x92	; 0x92 <__fixunssfsi>
    207a:	dc 01       	movw	r26, r24
    207c:	cb 01       	movw	r24, r22
    207e:	9a a3       	std	Y+34, r25	; 0x22
    2080:	89 a3       	std	Y+33, r24	; 0x21
    2082:	0f c0       	rjmp	.+30     	; 0x20a2 <HLCD_voidInit+0x478>
    2084:	88 ec       	ldi	r24, 0xC8	; 200
    2086:	90 e0       	ldi	r25, 0x00	; 0
    2088:	98 a3       	std	Y+32, r25	; 0x20
    208a:	8f 8f       	std	Y+31, r24	; 0x1f
    208c:	8f 8d       	ldd	r24, Y+31	; 0x1f
    208e:	98 a1       	ldd	r25, Y+32	; 0x20
    2090:	01 97       	sbiw	r24, 0x01	; 1
    2092:	f1 f7       	brne	.-4      	; 0x2090 <HLCD_voidInit+0x466>
    2094:	98 a3       	std	Y+32, r25	; 0x20
    2096:	8f 8f       	std	Y+31, r24	; 0x1f
		while(__ticks)
		{
			// wait 1/10 ms
			_delay_loop_2(((F_CPU) / 4e3) / 10);
			__ticks --;
    2098:	89 a1       	ldd	r24, Y+33	; 0x21
    209a:	9a a1       	ldd	r25, Y+34	; 0x22
    209c:	01 97       	sbiw	r24, 0x01	; 1
    209e:	9a a3       	std	Y+34, r25	; 0x22
    20a0:	89 a3       	std	Y+33, r24	; 0x21
		__ticks = 1;
	else if (__tmp > 65535)
	{
		//	__ticks = requested delay in 1/10 ms
		__ticks = (uint16_t) (__ms * 10.0);
		while(__ticks)
    20a2:	89 a1       	ldd	r24, Y+33	; 0x21
    20a4:	9a a1       	ldd	r25, Y+34	; 0x22
    20a6:	00 97       	sbiw	r24, 0x00	; 0
    20a8:	69 f7       	brne	.-38     	; 0x2084 <HLCD_voidInit+0x45a>
    20aa:	14 c0       	rjmp	.+40     	; 0x20d4 <HLCD_voidInit+0x4aa>
			__ticks --;
		}
		return;
	}
	else
		__ticks = (uint16_t)__tmp;
    20ac:	6b a1       	ldd	r22, Y+35	; 0x23
    20ae:	7c a1       	ldd	r23, Y+36	; 0x24
    20b0:	8d a1       	ldd	r24, Y+37	; 0x25
    20b2:	9e a1       	ldd	r25, Y+38	; 0x26
    20b4:	0e 94 49 00 	call	0x92	; 0x92 <__fixunssfsi>
    20b8:	dc 01       	movw	r26, r24
    20ba:	cb 01       	movw	r24, r22
    20bc:	9a a3       	std	Y+34, r25	; 0x22
    20be:	89 a3       	std	Y+33, r24	; 0x21
    20c0:	89 a1       	ldd	r24, Y+33	; 0x21
    20c2:	9a a1       	ldd	r25, Y+34	; 0x22
    20c4:	9e 8f       	std	Y+30, r25	; 0x1e
    20c6:	8d 8f       	std	Y+29, r24	; 0x1d
    20c8:	8d 8d       	ldd	r24, Y+29	; 0x1d
    20ca:	9e 8d       	ldd	r25, Y+30	; 0x1e
    20cc:	01 97       	sbiw	r24, 0x01	; 1
    20ce:	f1 f7       	brne	.-4      	; 0x20cc <HLCD_voidInit+0x4a2>
    20d0:	9e 8f       	std	Y+30, r25	; 0x1e
    20d2:	8d 8f       	std	Y+29, r24	; 0x1d
	_delay_ms(1) ;
	HLCD_voidWriteCmd(0x01) ;
    20d4:	81 e0       	ldi	r24, 0x01	; 1
    20d6:	0e 94 de 13 	call	0x27bc	; 0x27bc <HLCD_voidWriteCmd>
    20da:	80 e0       	ldi	r24, 0x00	; 0
    20dc:	90 e0       	ldi	r25, 0x00	; 0
    20de:	a0 e4       	ldi	r26, 0x40	; 64
    20e0:	b0 e4       	ldi	r27, 0x40	; 64
    20e2:	89 8f       	std	Y+25, r24	; 0x19
    20e4:	9a 8f       	std	Y+26, r25	; 0x1a
    20e6:	ab 8f       	std	Y+27, r26	; 0x1b
    20e8:	bc 8f       	std	Y+28, r27	; 0x1c
 */
void
_delay_ms(double __ms)
{
	uint16_t __ticks;
	double __tmp = ((F_CPU) / 4e3) * __ms;
    20ea:	69 8d       	ldd	r22, Y+25	; 0x19
    20ec:	7a 8d       	ldd	r23, Y+26	; 0x1a
    20ee:	8b 8d       	ldd	r24, Y+27	; 0x1b
    20f0:	9c 8d       	ldd	r25, Y+28	; 0x1c
    20f2:	20 e0       	ldi	r18, 0x00	; 0
    20f4:	30 e0       	ldi	r19, 0x00	; 0
    20f6:	4a ef       	ldi	r20, 0xFA	; 250
    20f8:	54 e4       	ldi	r21, 0x44	; 68
    20fa:	0e 94 1f 02 	call	0x43e	; 0x43e <__mulsf3>
    20fe:	dc 01       	movw	r26, r24
    2100:	cb 01       	movw	r24, r22
    2102:	8d 8b       	std	Y+21, r24	; 0x15
    2104:	9e 8b       	std	Y+22, r25	; 0x16
    2106:	af 8b       	std	Y+23, r26	; 0x17
    2108:	b8 8f       	std	Y+24, r27	; 0x18
	if (__tmp < 1.0)
    210a:	6d 89       	ldd	r22, Y+21	; 0x15
    210c:	7e 89       	ldd	r23, Y+22	; 0x16
    210e:	8f 89       	ldd	r24, Y+23	; 0x17
    2110:	98 8d       	ldd	r25, Y+24	; 0x18
    2112:	20 e0       	ldi	r18, 0x00	; 0
    2114:	30 e0       	ldi	r19, 0x00	; 0
    2116:	40 e8       	ldi	r20, 0x80	; 128
    2118:	5f e3       	ldi	r21, 0x3F	; 63
    211a:	0e 94 79 03 	call	0x6f2	; 0x6f2 <__ltsf2>
    211e:	88 23       	and	r24, r24
    2120:	2c f4       	brge	.+10     	; 0x212c <HLCD_voidInit+0x502>
		__ticks = 1;
    2122:	81 e0       	ldi	r24, 0x01	; 1
    2124:	90 e0       	ldi	r25, 0x00	; 0
    2126:	9c 8b       	std	Y+20, r25	; 0x14
    2128:	8b 8b       	std	Y+19, r24	; 0x13
    212a:	3f c0       	rjmp	.+126    	; 0x21aa <HLCD_voidInit+0x580>
	else if (__tmp > 65535)
    212c:	6d 89       	ldd	r22, Y+21	; 0x15
    212e:	7e 89       	ldd	r23, Y+22	; 0x16
    2130:	8f 89       	ldd	r24, Y+23	; 0x17
    2132:	98 8d       	ldd	r25, Y+24	; 0x18
    2134:	20 e0       	ldi	r18, 0x00	; 0
    2136:	3f ef       	ldi	r19, 0xFF	; 255
    2138:	4f e7       	ldi	r20, 0x7F	; 127
    213a:	57 e4       	ldi	r21, 0x47	; 71
    213c:	0e 94 19 03 	call	0x632	; 0x632 <__gtsf2>
    2140:	18 16       	cp	r1, r24
    2142:	4c f5       	brge	.+82     	; 0x2196 <HLCD_voidInit+0x56c>
	{
		//	__ticks = requested delay in 1/10 ms
		__ticks = (uint16_t) (__ms * 10.0);
    2144:	69 8d       	ldd	r22, Y+25	; 0x19
    2146:	7a 8d       	ldd	r23, Y+26	; 0x1a
    2148:	8b 8d       	ldd	r24, Y+27	; 0x1b
    214a:	9c 8d       	ldd	r25, Y+28	; 0x1c
    214c:	20 e0       	ldi	r18, 0x00	; 0
    214e:	30 e0       	ldi	r19, 0x00	; 0
    2150:	40 e2       	ldi	r20, 0x20	; 32
    2152:	51 e4       	ldi	r21, 0x41	; 65
    2154:	0e 94 1f 02 	call	0x43e	; 0x43e <__mulsf3>
    2158:	dc 01       	movw	r26, r24
    215a:	cb 01       	movw	r24, r22
    215c:	bc 01       	movw	r22, r24
    215e:	cd 01       	movw	r24, r26
    2160:	0e 94 49 00 	call	0x92	; 0x92 <__fixunssfsi>
    2164:	dc 01       	movw	r26, r24
    2166:	cb 01       	movw	r24, r22
    2168:	9c 8b       	std	Y+20, r25	; 0x14
    216a:	8b 8b       	std	Y+19, r24	; 0x13
    216c:	0f c0       	rjmp	.+30     	; 0x218c <HLCD_voidInit+0x562>
    216e:	88 ec       	ldi	r24, 0xC8	; 200
    2170:	90 e0       	ldi	r25, 0x00	; 0
    2172:	9a 8b       	std	Y+18, r25	; 0x12
    2174:	89 8b       	std	Y+17, r24	; 0x11
    2176:	89 89       	ldd	r24, Y+17	; 0x11
    2178:	9a 89       	ldd	r25, Y+18	; 0x12
    217a:	01 97       	sbiw	r24, 0x01	; 1
    217c:	f1 f7       	brne	.-4      	; 0x217a <HLCD_voidInit+0x550>
    217e:	9a 8b       	std	Y+18, r25	; 0x12
    2180:	89 8b       	std	Y+17, r24	; 0x11
		while(__ticks)
		{
			// wait 1/10 ms
			_delay_loop_2(((F_CPU) / 4e3) / 10);
			__ticks --;
    2182:	8b 89       	ldd	r24, Y+19	; 0x13
    2184:	9c 89       	ldd	r25, Y+20	; 0x14
    2186:	01 97       	sbiw	r24, 0x01	; 1
    2188:	9c 8b       	std	Y+20, r25	; 0x14
    218a:	8b 8b       	std	Y+19, r24	; 0x13
		__ticks = 1;
	else if (__tmp > 65535)
	{
		//	__ticks = requested delay in 1/10 ms
		__ticks = (uint16_t) (__ms * 10.0);
		while(__ticks)
    218c:	8b 89       	ldd	r24, Y+19	; 0x13
    218e:	9c 89       	ldd	r25, Y+20	; 0x14
    2190:	00 97       	sbiw	r24, 0x00	; 0
    2192:	69 f7       	brne	.-38     	; 0x216e <HLCD_voidInit+0x544>
    2194:	14 c0       	rjmp	.+40     	; 0x21be <HLCD_voidInit+0x594>
			__ticks --;
		}
		return;
	}
	else
		__ticks = (uint16_t)__tmp;
    2196:	6d 89       	ldd	r22, Y+21	; 0x15
    2198:	7e 89       	ldd	r23, Y+22	; 0x16
    219a:	8f 89       	ldd	r24, Y+23	; 0x17
    219c:	98 8d       	ldd	r25, Y+24	; 0x18
    219e:	0e 94 49 00 	call	0x92	; 0x92 <__fixunssfsi>
    21a2:	dc 01       	movw	r26, r24
    21a4:	cb 01       	movw	r24, r22
    21a6:	9c 8b       	std	Y+20, r25	; 0x14
    21a8:	8b 8b       	std	Y+19, r24	; 0x13
    21aa:	8b 89       	ldd	r24, Y+19	; 0x13
    21ac:	9c 89       	ldd	r25, Y+20	; 0x14
    21ae:	98 8b       	std	Y+16, r25	; 0x10
    21b0:	8f 87       	std	Y+15, r24	; 0x0f
    21b2:	8f 85       	ldd	r24, Y+15	; 0x0f
    21b4:	98 89       	ldd	r25, Y+16	; 0x10
    21b6:	01 97       	sbiw	r24, 0x01	; 1
    21b8:	f1 f7       	brne	.-4      	; 0x21b6 <HLCD_voidInit+0x58c>
    21ba:	98 8b       	std	Y+16, r25	; 0x10
    21bc:	8f 87       	std	Y+15, r24	; 0x0f
	_delay_ms(3) ;
	HLCD_voidWriteCmd(0x06) ;
    21be:	86 e0       	ldi	r24, 0x06	; 6
    21c0:	0e 94 de 13 	call	0x27bc	; 0x27bc <HLCD_voidWriteCmd>
    21c4:	80 e0       	ldi	r24, 0x00	; 0
    21c6:	90 e0       	ldi	r25, 0x00	; 0
    21c8:	a0 e8       	ldi	r26, 0x80	; 128
    21ca:	bf e3       	ldi	r27, 0x3F	; 63
    21cc:	8b 87       	std	Y+11, r24	; 0x0b
    21ce:	9c 87       	std	Y+12, r25	; 0x0c
    21d0:	ad 87       	std	Y+13, r26	; 0x0d
    21d2:	be 87       	std	Y+14, r27	; 0x0e
 */
void
_delay_ms(double __ms)
{
	uint16_t __ticks;
	double __tmp = ((F_CPU) / 4e3) * __ms;
    21d4:	6b 85       	ldd	r22, Y+11	; 0x0b
    21d6:	7c 85       	ldd	r23, Y+12	; 0x0c
    21d8:	8d 85       	ldd	r24, Y+13	; 0x0d
    21da:	9e 85       	ldd	r25, Y+14	; 0x0e
    21dc:	20 e0       	ldi	r18, 0x00	; 0
    21de:	30 e0       	ldi	r19, 0x00	; 0
    21e0:	4a ef       	ldi	r20, 0xFA	; 250
    21e2:	54 e4       	ldi	r21, 0x44	; 68
    21e4:	0e 94 1f 02 	call	0x43e	; 0x43e <__mulsf3>
    21e8:	dc 01       	movw	r26, r24
    21ea:	cb 01       	movw	r24, r22
    21ec:	8f 83       	std	Y+7, r24	; 0x07
    21ee:	98 87       	std	Y+8, r25	; 0x08
    21f0:	a9 87       	std	Y+9, r26	; 0x09
    21f2:	ba 87       	std	Y+10, r27	; 0x0a
	if (__tmp < 1.0)
    21f4:	6f 81       	ldd	r22, Y+7	; 0x07
    21f6:	78 85       	ldd	r23, Y+8	; 0x08
    21f8:	89 85       	ldd	r24, Y+9	; 0x09
    21fa:	9a 85       	ldd	r25, Y+10	; 0x0a
    21fc:	20 e0       	ldi	r18, 0x00	; 0
    21fe:	30 e0       	ldi	r19, 0x00	; 0
    2200:	40 e8       	ldi	r20, 0x80	; 128
    2202:	5f e3       	ldi	r21, 0x3F	; 63
    2204:	0e 94 79 03 	call	0x6f2	; 0x6f2 <__ltsf2>
    2208:	88 23       	and	r24, r24
    220a:	2c f4       	brge	.+10     	; 0x2216 <HLCD_voidInit+0x5ec>
		__ticks = 1;
    220c:	81 e0       	ldi	r24, 0x01	; 1
    220e:	90 e0       	ldi	r25, 0x00	; 0
    2210:	9e 83       	std	Y+6, r25	; 0x06
    2212:	8d 83       	std	Y+5, r24	; 0x05
    2214:	3f c0       	rjmp	.+126    	; 0x2294 <HLCD_voidInit+0x66a>
	else if (__tmp > 65535)
    2216:	6f 81       	ldd	r22, Y+7	; 0x07
    2218:	78 85       	ldd	r23, Y+8	; 0x08
    221a:	89 85       	ldd	r24, Y+9	; 0x09
    221c:	9a 85       	ldd	r25, Y+10	; 0x0a
    221e:	20 e0       	ldi	r18, 0x00	; 0
    2220:	3f ef       	ldi	r19, 0xFF	; 255
    2222:	4f e7       	ldi	r20, 0x7F	; 127
    2224:	57 e4       	ldi	r21, 0x47	; 71
    2226:	0e 94 19 03 	call	0x632	; 0x632 <__gtsf2>
    222a:	18 16       	cp	r1, r24
    222c:	4c f5       	brge	.+82     	; 0x2280 <HLCD_voidInit+0x656>
	{
		//	__ticks = requested delay in 1/10 ms
		__ticks = (uint16_t) (__ms * 10.0);
    222e:	6b 85       	ldd	r22, Y+11	; 0x0b
    2230:	7c 85       	ldd	r23, Y+12	; 0x0c
    2232:	8d 85       	ldd	r24, Y+13	; 0x0d
    2234:	9e 85       	ldd	r25, Y+14	; 0x0e
    2236:	20 e0       	ldi	r18, 0x00	; 0
    2238:	30 e0       	ldi	r19, 0x00	; 0
    223a:	40 e2       	ldi	r20, 0x20	; 32
    223c:	51 e4       	ldi	r21, 0x41	; 65
    223e:	0e 94 1f 02 	call	0x43e	; 0x43e <__mulsf3>
    2242:	dc 01       	movw	r26, r24
    2244:	cb 01       	movw	r24, r22
    2246:	bc 01       	movw	r22, r24
    2248:	cd 01       	movw	r24, r26
    224a:	0e 94 49 00 	call	0x92	; 0x92 <__fixunssfsi>
    224e:	dc 01       	movw	r26, r24
    2250:	cb 01       	movw	r24, r22
    2252:	9e 83       	std	Y+6, r25	; 0x06
    2254:	8d 83       	std	Y+5, r24	; 0x05
    2256:	0f c0       	rjmp	.+30     	; 0x2276 <HLCD_voidInit+0x64c>
    2258:	88 ec       	ldi	r24, 0xC8	; 200
    225a:	90 e0       	ldi	r25, 0x00	; 0
    225c:	9c 83       	std	Y+4, r25	; 0x04
    225e:	8b 83       	std	Y+3, r24	; 0x03
    2260:	8b 81       	ldd	r24, Y+3	; 0x03
    2262:	9c 81       	ldd	r25, Y+4	; 0x04
    2264:	01 97       	sbiw	r24, 0x01	; 1
    2266:	f1 f7       	brne	.-4      	; 0x2264 <HLCD_voidInit+0x63a>
    2268:	9c 83       	std	Y+4, r25	; 0x04
    226a:	8b 83       	std	Y+3, r24	; 0x03
		while(__ticks)
		{
			// wait 1/10 ms
			_delay_loop_2(((F_CPU) / 4e3) / 10);
			__ticks --;
    226c:	8d 81       	ldd	r24, Y+5	; 0x05
    226e:	9e 81       	ldd	r25, Y+6	; 0x06
    2270:	01 97       	sbiw	r24, 0x01	; 1
    2272:	9e 83       	std	Y+6, r25	; 0x06
    2274:	8d 83       	std	Y+5, r24	; 0x05
		__ticks = 1;
	else if (__tmp > 65535)
	{
		//	__ticks = requested delay in 1/10 ms
		__ticks = (uint16_t) (__ms * 10.0);
		while(__ticks)
    2276:	8d 81       	ldd	r24, Y+5	; 0x05
    2278:	9e 81       	ldd	r25, Y+6	; 0x06
    227a:	00 97       	sbiw	r24, 0x00	; 0
    227c:	69 f7       	brne	.-38     	; 0x2258 <HLCD_voidInit+0x62e>
    227e:	14 c0       	rjmp	.+40     	; 0x22a8 <HLCD_voidInit+0x67e>
			__ticks --;
		}
		return;
	}
	else
		__ticks = (uint16_t)__tmp;
    2280:	6f 81       	ldd	r22, Y+7	; 0x07
    2282:	78 85       	ldd	r23, Y+8	; 0x08
    2284:	89 85       	ldd	r24, Y+9	; 0x09
    2286:	9a 85       	ldd	r25, Y+10	; 0x0a
    2288:	0e 94 49 00 	call	0x92	; 0x92 <__fixunssfsi>
    228c:	dc 01       	movw	r26, r24
    228e:	cb 01       	movw	r24, r22
    2290:	9e 83       	std	Y+6, r25	; 0x06
    2292:	8d 83       	std	Y+5, r24	; 0x05
    2294:	8d 81       	ldd	r24, Y+5	; 0x05
    2296:	9e 81       	ldd	r25, Y+6	; 0x06
    2298:	9a 83       	std	Y+2, r25	; 0x02
    229a:	89 83       	std	Y+1, r24	; 0x01
    229c:	89 81       	ldd	r24, Y+1	; 0x01
    229e:	9a 81       	ldd	r25, Y+2	; 0x02
    22a0:	01 97       	sbiw	r24, 0x01	; 1
    22a2:	f1 f7       	brne	.-4      	; 0x22a0 <HLCD_voidInit+0x676>
    22a4:	9a 83       	std	Y+2, r25	; 0x02
    22a6:	89 83       	std	Y+1, r24	; 0x01
	_delay_ms(1) ;
#endif
}
    22a8:	cc 5a       	subi	r28, 0xAC	; 172
    22aa:	df 4f       	sbci	r29, 0xFF	; 255
    22ac:	0f b6       	in	r0, 0x3f	; 63
    22ae:	f8 94       	cli
    22b0:	de bf       	out	0x3e, r29	; 62
    22b2:	0f be       	out	0x3f, r0	; 63
    22b4:	cd bf       	out	0x3d, r28	; 61
    22b6:	cf 91       	pop	r28
    22b8:	df 91       	pop	r29
    22ba:	1f 91       	pop	r17
    22bc:	0f 91       	pop	r16
    22be:	08 95       	ret

000022c0 <HLCD_voidWriteData>:
void HLCD_voidWriteData (u8 A_u8Data)
{
    22c0:	df 93       	push	r29
    22c2:	cf 93       	push	r28
    22c4:	cd b7       	in	r28, 0x3d	; 61
    22c6:	de b7       	in	r29, 0x3e	; 62
    22c8:	e9 97       	sbiw	r28, 0x39	; 57
    22ca:	0f b6       	in	r0, 0x3f	; 63
    22cc:	f8 94       	cli
    22ce:	de bf       	out	0x3e, r29	; 62
    22d0:	0f be       	out	0x3f, r0	; 63
    22d2:	cd bf       	out	0x3d, r28	; 61
    22d4:	89 af       	std	Y+57, r24	; 0x39
	MDIO_voidSetPinValue(LCD_E_PORT , LCD_E_PIN, DIO_HIGH) ;
	_delay_ms(1) ;
	MDIO_voidSetPinValue(LCD_E_PORT , LCD_E_PIN, DIO_LOW) ;
	_delay_ms(1) ;
#elif LCD_MODE == 4
	MDIO_voidSetPinValue(LCD_RS_PORT, LCD_RS_PIN, DIO_HIGH) ;
    22d6:	81 e0       	ldi	r24, 0x01	; 1
    22d8:	61 e0       	ldi	r22, 0x01	; 1
    22da:	41 e0       	ldi	r20, 0x01	; 1
    22dc:	0e 94 e4 06 	call	0xdc8	; 0xdc8 <MDIO_voidSetPinValue>
	MDIO_voidSetPinValue(LCD_RW_PORT, LCD_RW_PIN, DIO_LOW) ;
    22e0:	81 e0       	ldi	r24, 0x01	; 1
    22e2:	62 e0       	ldi	r22, 0x02	; 2
    22e4:	40 e0       	ldi	r20, 0x00	; 0
    22e6:	0e 94 e4 06 	call	0xdc8	; 0xdc8 <MDIO_voidSetPinValue>

	MDIO_voidSetPinValue(LCD_PORT, DIO_PIN4, READ_BIT(A_u8Data , 4)) ;
    22ea:	89 ad       	ldd	r24, Y+57	; 0x39
    22ec:	88 2f       	mov	r24, r24
    22ee:	90 e0       	ldi	r25, 0x00	; 0
    22f0:	80 71       	andi	r24, 0x10	; 16
    22f2:	90 70       	andi	r25, 0x00	; 0
    22f4:	95 95       	asr	r25
    22f6:	87 95       	ror	r24
    22f8:	95 95       	asr	r25
    22fa:	87 95       	ror	r24
    22fc:	95 95       	asr	r25
    22fe:	87 95       	ror	r24
    2300:	95 95       	asr	r25
    2302:	87 95       	ror	r24
    2304:	98 2f       	mov	r25, r24
    2306:	81 e0       	ldi	r24, 0x01	; 1
    2308:	64 e0       	ldi	r22, 0x04	; 4
    230a:	49 2f       	mov	r20, r25
    230c:	0e 94 e4 06 	call	0xdc8	; 0xdc8 <MDIO_voidSetPinValue>
	MDIO_voidSetPinValue(LCD_PORT, DIO_PIN5, READ_BIT(A_u8Data , 5)) ;
    2310:	89 ad       	ldd	r24, Y+57	; 0x39
    2312:	88 2f       	mov	r24, r24
    2314:	90 e0       	ldi	r25, 0x00	; 0
    2316:	80 72       	andi	r24, 0x20	; 32
    2318:	90 70       	andi	r25, 0x00	; 0
    231a:	95 95       	asr	r25
    231c:	87 95       	ror	r24
    231e:	95 95       	asr	r25
    2320:	87 95       	ror	r24
    2322:	95 95       	asr	r25
    2324:	87 95       	ror	r24
    2326:	95 95       	asr	r25
    2328:	87 95       	ror	r24
    232a:	95 95       	asr	r25
    232c:	87 95       	ror	r24
    232e:	98 2f       	mov	r25, r24
    2330:	81 e0       	ldi	r24, 0x01	; 1
    2332:	65 e0       	ldi	r22, 0x05	; 5
    2334:	49 2f       	mov	r20, r25
    2336:	0e 94 e4 06 	call	0xdc8	; 0xdc8 <MDIO_voidSetPinValue>
	MDIO_voidSetPinValue(LCD_PORT, DIO_PIN6, READ_BIT(A_u8Data , 6)) ;
    233a:	89 ad       	ldd	r24, Y+57	; 0x39
    233c:	88 2f       	mov	r24, r24
    233e:	90 e0       	ldi	r25, 0x00	; 0
    2340:	80 74       	andi	r24, 0x40	; 64
    2342:	90 70       	andi	r25, 0x00	; 0
    2344:	08 2e       	mov	r0, r24
    2346:	89 2f       	mov	r24, r25
    2348:	00 0c       	add	r0, r0
    234a:	88 1f       	adc	r24, r24
    234c:	99 0b       	sbc	r25, r25
    234e:	00 0c       	add	r0, r0
    2350:	88 1f       	adc	r24, r24
    2352:	99 1f       	adc	r25, r25
    2354:	98 2f       	mov	r25, r24
    2356:	81 e0       	ldi	r24, 0x01	; 1
    2358:	66 e0       	ldi	r22, 0x06	; 6
    235a:	49 2f       	mov	r20, r25
    235c:	0e 94 e4 06 	call	0xdc8	; 0xdc8 <MDIO_voidSetPinValue>
	MDIO_voidSetPinValue(LCD_PORT, DIO_PIN7, READ_BIT(A_u8Data , 7)) ;
    2360:	89 ad       	ldd	r24, Y+57	; 0x39
    2362:	98 2f       	mov	r25, r24
    2364:	99 1f       	adc	r25, r25
    2366:	99 27       	eor	r25, r25
    2368:	99 1f       	adc	r25, r25
    236a:	81 e0       	ldi	r24, 0x01	; 1
    236c:	67 e0       	ldi	r22, 0x07	; 7
    236e:	49 2f       	mov	r20, r25
    2370:	0e 94 e4 06 	call	0xdc8	; 0xdc8 <MDIO_voidSetPinValue>

	MDIO_voidSetPinValue(LCD_E_PORT , LCD_E_PIN, DIO_HIGH) ;
    2374:	81 e0       	ldi	r24, 0x01	; 1
    2376:	63 e0       	ldi	r22, 0x03	; 3
    2378:	41 e0       	ldi	r20, 0x01	; 1
    237a:	0e 94 e4 06 	call	0xdc8	; 0xdc8 <MDIO_voidSetPinValue>
    237e:	80 e0       	ldi	r24, 0x00	; 0
    2380:	90 e0       	ldi	r25, 0x00	; 0
    2382:	a0 e8       	ldi	r26, 0x80	; 128
    2384:	bf e3       	ldi	r27, 0x3F	; 63
    2386:	8d ab       	std	Y+53, r24	; 0x35
    2388:	9e ab       	std	Y+54, r25	; 0x36
    238a:	af ab       	std	Y+55, r26	; 0x37
    238c:	b8 af       	std	Y+56, r27	; 0x38
 */
void
_delay_ms(double __ms)
{
	uint16_t __ticks;
	double __tmp = ((F_CPU) / 4e3) * __ms;
    238e:	6d a9       	ldd	r22, Y+53	; 0x35
    2390:	7e a9       	ldd	r23, Y+54	; 0x36
    2392:	8f a9       	ldd	r24, Y+55	; 0x37
    2394:	98 ad       	ldd	r25, Y+56	; 0x38
    2396:	20 e0       	ldi	r18, 0x00	; 0
    2398:	30 e0       	ldi	r19, 0x00	; 0
    239a:	4a ef       	ldi	r20, 0xFA	; 250
    239c:	54 e4       	ldi	r21, 0x44	; 68
    239e:	0e 94 1f 02 	call	0x43e	; 0x43e <__mulsf3>
    23a2:	dc 01       	movw	r26, r24
    23a4:	cb 01       	movw	r24, r22
    23a6:	89 ab       	std	Y+49, r24	; 0x31
    23a8:	9a ab       	std	Y+50, r25	; 0x32
    23aa:	ab ab       	std	Y+51, r26	; 0x33
    23ac:	bc ab       	std	Y+52, r27	; 0x34
	if (__tmp < 1.0)
    23ae:	69 a9       	ldd	r22, Y+49	; 0x31
    23b0:	7a a9       	ldd	r23, Y+50	; 0x32
    23b2:	8b a9       	ldd	r24, Y+51	; 0x33
    23b4:	9c a9       	ldd	r25, Y+52	; 0x34
    23b6:	20 e0       	ldi	r18, 0x00	; 0
    23b8:	30 e0       	ldi	r19, 0x00	; 0
    23ba:	40 e8       	ldi	r20, 0x80	; 128
    23bc:	5f e3       	ldi	r21, 0x3F	; 63
    23be:	0e 94 79 03 	call	0x6f2	; 0x6f2 <__ltsf2>
    23c2:	88 23       	and	r24, r24
    23c4:	2c f4       	brge	.+10     	; 0x23d0 <HLCD_voidWriteData+0x110>
		__ticks = 1;
    23c6:	81 e0       	ldi	r24, 0x01	; 1
    23c8:	90 e0       	ldi	r25, 0x00	; 0
    23ca:	98 ab       	std	Y+48, r25	; 0x30
    23cc:	8f a7       	std	Y+47, r24	; 0x2f
    23ce:	3f c0       	rjmp	.+126    	; 0x244e <HLCD_voidWriteData+0x18e>
	else if (__tmp > 65535)
    23d0:	69 a9       	ldd	r22, Y+49	; 0x31
    23d2:	7a a9       	ldd	r23, Y+50	; 0x32
    23d4:	8b a9       	ldd	r24, Y+51	; 0x33
    23d6:	9c a9       	ldd	r25, Y+52	; 0x34
    23d8:	20 e0       	ldi	r18, 0x00	; 0
    23da:	3f ef       	ldi	r19, 0xFF	; 255
    23dc:	4f e7       	ldi	r20, 0x7F	; 127
    23de:	57 e4       	ldi	r21, 0x47	; 71
    23e0:	0e 94 19 03 	call	0x632	; 0x632 <__gtsf2>
    23e4:	18 16       	cp	r1, r24
    23e6:	4c f5       	brge	.+82     	; 0x243a <HLCD_voidWriteData+0x17a>
	{
		//	__ticks = requested delay in 1/10 ms
		__ticks = (uint16_t) (__ms * 10.0);
    23e8:	6d a9       	ldd	r22, Y+53	; 0x35
    23ea:	7e a9       	ldd	r23, Y+54	; 0x36
    23ec:	8f a9       	ldd	r24, Y+55	; 0x37
    23ee:	98 ad       	ldd	r25, Y+56	; 0x38
    23f0:	20 e0       	ldi	r18, 0x00	; 0
    23f2:	30 e0       	ldi	r19, 0x00	; 0
    23f4:	40 e2       	ldi	r20, 0x20	; 32
    23f6:	51 e4       	ldi	r21, 0x41	; 65
    23f8:	0e 94 1f 02 	call	0x43e	; 0x43e <__mulsf3>
    23fc:	dc 01       	movw	r26, r24
    23fe:	cb 01       	movw	r24, r22
    2400:	bc 01       	movw	r22, r24
    2402:	cd 01       	movw	r24, r26
    2404:	0e 94 49 00 	call	0x92	; 0x92 <__fixunssfsi>
    2408:	dc 01       	movw	r26, r24
    240a:	cb 01       	movw	r24, r22
    240c:	98 ab       	std	Y+48, r25	; 0x30
    240e:	8f a7       	std	Y+47, r24	; 0x2f
    2410:	0f c0       	rjmp	.+30     	; 0x2430 <HLCD_voidWriteData+0x170>
    2412:	88 ec       	ldi	r24, 0xC8	; 200
    2414:	90 e0       	ldi	r25, 0x00	; 0
    2416:	9e a7       	std	Y+46, r25	; 0x2e
    2418:	8d a7       	std	Y+45, r24	; 0x2d
    241a:	8d a5       	ldd	r24, Y+45	; 0x2d
    241c:	9e a5       	ldd	r25, Y+46	; 0x2e
    241e:	01 97       	sbiw	r24, 0x01	; 1
    2420:	f1 f7       	brne	.-4      	; 0x241e <HLCD_voidWriteData+0x15e>
    2422:	9e a7       	std	Y+46, r25	; 0x2e
    2424:	8d a7       	std	Y+45, r24	; 0x2d
		while(__ticks)
		{
			// wait 1/10 ms
			_delay_loop_2(((F_CPU) / 4e3) / 10);
			__ticks --;
    2426:	8f a5       	ldd	r24, Y+47	; 0x2f
    2428:	98 a9       	ldd	r25, Y+48	; 0x30
    242a:	01 97       	sbiw	r24, 0x01	; 1
    242c:	98 ab       	std	Y+48, r25	; 0x30
    242e:	8f a7       	std	Y+47, r24	; 0x2f
		__ticks = 1;
	else if (__tmp > 65535)
	{
		//	__ticks = requested delay in 1/10 ms
		__ticks = (uint16_t) (__ms * 10.0);
		while(__ticks)
    2430:	8f a5       	ldd	r24, Y+47	; 0x2f
    2432:	98 a9       	ldd	r25, Y+48	; 0x30
    2434:	00 97       	sbiw	r24, 0x00	; 0
    2436:	69 f7       	brne	.-38     	; 0x2412 <HLCD_voidWriteData+0x152>
    2438:	14 c0       	rjmp	.+40     	; 0x2462 <HLCD_voidWriteData+0x1a2>
			__ticks --;
		}
		return;
	}
	else
		__ticks = (uint16_t)__tmp;
    243a:	69 a9       	ldd	r22, Y+49	; 0x31
    243c:	7a a9       	ldd	r23, Y+50	; 0x32
    243e:	8b a9       	ldd	r24, Y+51	; 0x33
    2440:	9c a9       	ldd	r25, Y+52	; 0x34
    2442:	0e 94 49 00 	call	0x92	; 0x92 <__fixunssfsi>
    2446:	dc 01       	movw	r26, r24
    2448:	cb 01       	movw	r24, r22
    244a:	98 ab       	std	Y+48, r25	; 0x30
    244c:	8f a7       	std	Y+47, r24	; 0x2f
    244e:	8f a5       	ldd	r24, Y+47	; 0x2f
    2450:	98 a9       	ldd	r25, Y+48	; 0x30
    2452:	9c a7       	std	Y+44, r25	; 0x2c
    2454:	8b a7       	std	Y+43, r24	; 0x2b
    2456:	8b a5       	ldd	r24, Y+43	; 0x2b
    2458:	9c a5       	ldd	r25, Y+44	; 0x2c
    245a:	01 97       	sbiw	r24, 0x01	; 1
    245c:	f1 f7       	brne	.-4      	; 0x245a <HLCD_voidWriteData+0x19a>
    245e:	9c a7       	std	Y+44, r25	; 0x2c
    2460:	8b a7       	std	Y+43, r24	; 0x2b
	_delay_ms(1) ;
	MDIO_voidSetPinValue(LCD_E_PORT , LCD_E_PIN, DIO_LOW) ;
    2462:	81 e0       	ldi	r24, 0x01	; 1
    2464:	63 e0       	ldi	r22, 0x03	; 3
    2466:	40 e0       	ldi	r20, 0x00	; 0
    2468:	0e 94 e4 06 	call	0xdc8	; 0xdc8 <MDIO_voidSetPinValue>
    246c:	80 e0       	ldi	r24, 0x00	; 0
    246e:	90 e0       	ldi	r25, 0x00	; 0
    2470:	a0 e8       	ldi	r26, 0x80	; 128
    2472:	bf e3       	ldi	r27, 0x3F	; 63
    2474:	8f a3       	std	Y+39, r24	; 0x27
    2476:	98 a7       	std	Y+40, r25	; 0x28
    2478:	a9 a7       	std	Y+41, r26	; 0x29
    247a:	ba a7       	std	Y+42, r27	; 0x2a
 */
void
_delay_ms(double __ms)
{
	uint16_t __ticks;
	double __tmp = ((F_CPU) / 4e3) * __ms;
    247c:	6f a1       	ldd	r22, Y+39	; 0x27
    247e:	78 a5       	ldd	r23, Y+40	; 0x28
    2480:	89 a5       	ldd	r24, Y+41	; 0x29
    2482:	9a a5       	ldd	r25, Y+42	; 0x2a
    2484:	20 e0       	ldi	r18, 0x00	; 0
    2486:	30 e0       	ldi	r19, 0x00	; 0
    2488:	4a ef       	ldi	r20, 0xFA	; 250
    248a:	54 e4       	ldi	r21, 0x44	; 68
    248c:	0e 94 1f 02 	call	0x43e	; 0x43e <__mulsf3>
    2490:	dc 01       	movw	r26, r24
    2492:	cb 01       	movw	r24, r22
    2494:	8b a3       	std	Y+35, r24	; 0x23
    2496:	9c a3       	std	Y+36, r25	; 0x24
    2498:	ad a3       	std	Y+37, r26	; 0x25
    249a:	be a3       	std	Y+38, r27	; 0x26
	if (__tmp < 1.0)
    249c:	6b a1       	ldd	r22, Y+35	; 0x23
    249e:	7c a1       	ldd	r23, Y+36	; 0x24
    24a0:	8d a1       	ldd	r24, Y+37	; 0x25
    24a2:	9e a1       	ldd	r25, Y+38	; 0x26
    24a4:	20 e0       	ldi	r18, 0x00	; 0
    24a6:	30 e0       	ldi	r19, 0x00	; 0
    24a8:	40 e8       	ldi	r20, 0x80	; 128
    24aa:	5f e3       	ldi	r21, 0x3F	; 63
    24ac:	0e 94 79 03 	call	0x6f2	; 0x6f2 <__ltsf2>
    24b0:	88 23       	and	r24, r24
    24b2:	2c f4       	brge	.+10     	; 0x24be <HLCD_voidWriteData+0x1fe>
		__ticks = 1;
    24b4:	81 e0       	ldi	r24, 0x01	; 1
    24b6:	90 e0       	ldi	r25, 0x00	; 0
    24b8:	9a a3       	std	Y+34, r25	; 0x22
    24ba:	89 a3       	std	Y+33, r24	; 0x21
    24bc:	3f c0       	rjmp	.+126    	; 0x253c <HLCD_voidWriteData+0x27c>
	else if (__tmp > 65535)
    24be:	6b a1       	ldd	r22, Y+35	; 0x23
    24c0:	7c a1       	ldd	r23, Y+36	; 0x24
    24c2:	8d a1       	ldd	r24, Y+37	; 0x25
    24c4:	9e a1       	ldd	r25, Y+38	; 0x26
    24c6:	20 e0       	ldi	r18, 0x00	; 0
    24c8:	3f ef       	ldi	r19, 0xFF	; 255
    24ca:	4f e7       	ldi	r20, 0x7F	; 127
    24cc:	57 e4       	ldi	r21, 0x47	; 71
    24ce:	0e 94 19 03 	call	0x632	; 0x632 <__gtsf2>
    24d2:	18 16       	cp	r1, r24
    24d4:	4c f5       	brge	.+82     	; 0x2528 <HLCD_voidWriteData+0x268>
	{
		//	__ticks = requested delay in 1/10 ms
		__ticks = (uint16_t) (__ms * 10.0);
    24d6:	6f a1       	ldd	r22, Y+39	; 0x27
    24d8:	78 a5       	ldd	r23, Y+40	; 0x28
    24da:	89 a5       	ldd	r24, Y+41	; 0x29
    24dc:	9a a5       	ldd	r25, Y+42	; 0x2a
    24de:	20 e0       	ldi	r18, 0x00	; 0
    24e0:	30 e0       	ldi	r19, 0x00	; 0
    24e2:	40 e2       	ldi	r20, 0x20	; 32
    24e4:	51 e4       	ldi	r21, 0x41	; 65
    24e6:	0e 94 1f 02 	call	0x43e	; 0x43e <__mulsf3>
    24ea:	dc 01       	movw	r26, r24
    24ec:	cb 01       	movw	r24, r22
    24ee:	bc 01       	movw	r22, r24
    24f0:	cd 01       	movw	r24, r26
    24f2:	0e 94 49 00 	call	0x92	; 0x92 <__fixunssfsi>
    24f6:	dc 01       	movw	r26, r24
    24f8:	cb 01       	movw	r24, r22
    24fa:	9a a3       	std	Y+34, r25	; 0x22
    24fc:	89 a3       	std	Y+33, r24	; 0x21
    24fe:	0f c0       	rjmp	.+30     	; 0x251e <HLCD_voidWriteData+0x25e>
    2500:	88 ec       	ldi	r24, 0xC8	; 200
    2502:	90 e0       	ldi	r25, 0x00	; 0
    2504:	98 a3       	std	Y+32, r25	; 0x20
    2506:	8f 8f       	std	Y+31, r24	; 0x1f
    2508:	8f 8d       	ldd	r24, Y+31	; 0x1f
    250a:	98 a1       	ldd	r25, Y+32	; 0x20
    250c:	01 97       	sbiw	r24, 0x01	; 1
    250e:	f1 f7       	brne	.-4      	; 0x250c <HLCD_voidWriteData+0x24c>
    2510:	98 a3       	std	Y+32, r25	; 0x20
    2512:	8f 8f       	std	Y+31, r24	; 0x1f
		while(__ticks)
		{
			// wait 1/10 ms
			_delay_loop_2(((F_CPU) / 4e3) / 10);
			__ticks --;
    2514:	89 a1       	ldd	r24, Y+33	; 0x21
    2516:	9a a1       	ldd	r25, Y+34	; 0x22
    2518:	01 97       	sbiw	r24, 0x01	; 1
    251a:	9a a3       	std	Y+34, r25	; 0x22
    251c:	89 a3       	std	Y+33, r24	; 0x21
		__ticks = 1;
	else if (__tmp > 65535)
	{
		//	__ticks = requested delay in 1/10 ms
		__ticks = (uint16_t) (__ms * 10.0);
		while(__ticks)
    251e:	89 a1       	ldd	r24, Y+33	; 0x21
    2520:	9a a1       	ldd	r25, Y+34	; 0x22
    2522:	00 97       	sbiw	r24, 0x00	; 0
    2524:	69 f7       	brne	.-38     	; 0x2500 <HLCD_voidWriteData+0x240>
    2526:	14 c0       	rjmp	.+40     	; 0x2550 <HLCD_voidWriteData+0x290>
			__ticks --;
		}
		return;
	}
	else
		__ticks = (uint16_t)__tmp;
    2528:	6b a1       	ldd	r22, Y+35	; 0x23
    252a:	7c a1       	ldd	r23, Y+36	; 0x24
    252c:	8d a1       	ldd	r24, Y+37	; 0x25
    252e:	9e a1       	ldd	r25, Y+38	; 0x26
    2530:	0e 94 49 00 	call	0x92	; 0x92 <__fixunssfsi>
    2534:	dc 01       	movw	r26, r24
    2536:	cb 01       	movw	r24, r22
    2538:	9a a3       	std	Y+34, r25	; 0x22
    253a:	89 a3       	std	Y+33, r24	; 0x21
    253c:	89 a1       	ldd	r24, Y+33	; 0x21
    253e:	9a a1       	ldd	r25, Y+34	; 0x22
    2540:	9e 8f       	std	Y+30, r25	; 0x1e
    2542:	8d 8f       	std	Y+29, r24	; 0x1d
    2544:	8d 8d       	ldd	r24, Y+29	; 0x1d
    2546:	9e 8d       	ldd	r25, Y+30	; 0x1e
    2548:	01 97       	sbiw	r24, 0x01	; 1
    254a:	f1 f7       	brne	.-4      	; 0x2548 <HLCD_voidWriteData+0x288>
    254c:	9e 8f       	std	Y+30, r25	; 0x1e
    254e:	8d 8f       	std	Y+29, r24	; 0x1d
	_delay_ms(1) ;

	MDIO_voidSetPinValue(LCD_RS_PORT, LCD_RS_PIN, DIO_HIGH) ;
    2550:	81 e0       	ldi	r24, 0x01	; 1
    2552:	61 e0       	ldi	r22, 0x01	; 1
    2554:	41 e0       	ldi	r20, 0x01	; 1
    2556:	0e 94 e4 06 	call	0xdc8	; 0xdc8 <MDIO_voidSetPinValue>
	MDIO_voidSetPinValue(LCD_RW_PORT, LCD_RW_PIN, DIO_LOW) ;
    255a:	81 e0       	ldi	r24, 0x01	; 1
    255c:	62 e0       	ldi	r22, 0x02	; 2
    255e:	40 e0       	ldi	r20, 0x00	; 0
    2560:	0e 94 e4 06 	call	0xdc8	; 0xdc8 <MDIO_voidSetPinValue>

	MDIO_voidSetPinValue(LCD_PORT, DIO_PIN4, READ_BIT(A_u8Data , 0)) ;
    2564:	89 ad       	ldd	r24, Y+57	; 0x39
    2566:	98 2f       	mov	r25, r24
    2568:	91 70       	andi	r25, 0x01	; 1
    256a:	81 e0       	ldi	r24, 0x01	; 1
    256c:	64 e0       	ldi	r22, 0x04	; 4
    256e:	49 2f       	mov	r20, r25
    2570:	0e 94 e4 06 	call	0xdc8	; 0xdc8 <MDIO_voidSetPinValue>
	MDIO_voidSetPinValue(LCD_PORT, DIO_PIN5, READ_BIT(A_u8Data , 1)) ;
    2574:	89 ad       	ldd	r24, Y+57	; 0x39
    2576:	88 2f       	mov	r24, r24
    2578:	90 e0       	ldi	r25, 0x00	; 0
    257a:	82 70       	andi	r24, 0x02	; 2
    257c:	90 70       	andi	r25, 0x00	; 0
    257e:	95 95       	asr	r25
    2580:	87 95       	ror	r24
    2582:	98 2f       	mov	r25, r24
    2584:	81 e0       	ldi	r24, 0x01	; 1
    2586:	65 e0       	ldi	r22, 0x05	; 5
    2588:	49 2f       	mov	r20, r25
    258a:	0e 94 e4 06 	call	0xdc8	; 0xdc8 <MDIO_voidSetPinValue>
	MDIO_voidSetPinValue(LCD_PORT, DIO_PIN6, READ_BIT(A_u8Data , 2)) ;
    258e:	89 ad       	ldd	r24, Y+57	; 0x39
    2590:	88 2f       	mov	r24, r24
    2592:	90 e0       	ldi	r25, 0x00	; 0
    2594:	84 70       	andi	r24, 0x04	; 4
    2596:	90 70       	andi	r25, 0x00	; 0
    2598:	95 95       	asr	r25
    259a:	87 95       	ror	r24
    259c:	95 95       	asr	r25
    259e:	87 95       	ror	r24
    25a0:	98 2f       	mov	r25, r24
    25a2:	81 e0       	ldi	r24, 0x01	; 1
    25a4:	66 e0       	ldi	r22, 0x06	; 6
    25a6:	49 2f       	mov	r20, r25
    25a8:	0e 94 e4 06 	call	0xdc8	; 0xdc8 <MDIO_voidSetPinValue>
	MDIO_voidSetPinValue(LCD_PORT, DIO_PIN7, READ_BIT(A_u8Data , 3)) ;
    25ac:	89 ad       	ldd	r24, Y+57	; 0x39
    25ae:	88 2f       	mov	r24, r24
    25b0:	90 e0       	ldi	r25, 0x00	; 0
    25b2:	88 70       	andi	r24, 0x08	; 8
    25b4:	90 70       	andi	r25, 0x00	; 0
    25b6:	95 95       	asr	r25
    25b8:	87 95       	ror	r24
    25ba:	95 95       	asr	r25
    25bc:	87 95       	ror	r24
    25be:	95 95       	asr	r25
    25c0:	87 95       	ror	r24
    25c2:	98 2f       	mov	r25, r24
    25c4:	81 e0       	ldi	r24, 0x01	; 1
    25c6:	67 e0       	ldi	r22, 0x07	; 7
    25c8:	49 2f       	mov	r20, r25
    25ca:	0e 94 e4 06 	call	0xdc8	; 0xdc8 <MDIO_voidSetPinValue>

	MDIO_voidSetPinValue(LCD_E_PORT , LCD_E_PIN, DIO_HIGH) ;
    25ce:	81 e0       	ldi	r24, 0x01	; 1
    25d0:	63 e0       	ldi	r22, 0x03	; 3
    25d2:	41 e0       	ldi	r20, 0x01	; 1
    25d4:	0e 94 e4 06 	call	0xdc8	; 0xdc8 <MDIO_voidSetPinValue>
    25d8:	80 e0       	ldi	r24, 0x00	; 0
    25da:	90 e0       	ldi	r25, 0x00	; 0
    25dc:	a0 e8       	ldi	r26, 0x80	; 128
    25de:	bf e3       	ldi	r27, 0x3F	; 63
    25e0:	89 8f       	std	Y+25, r24	; 0x19
    25e2:	9a 8f       	std	Y+26, r25	; 0x1a
    25e4:	ab 8f       	std	Y+27, r26	; 0x1b
    25e6:	bc 8f       	std	Y+28, r27	; 0x1c
 */
void
_delay_ms(double __ms)
{
	uint16_t __ticks;
	double __tmp = ((F_CPU) / 4e3) * __ms;
    25e8:	69 8d       	ldd	r22, Y+25	; 0x19
    25ea:	7a 8d       	ldd	r23, Y+26	; 0x1a
    25ec:	8b 8d       	ldd	r24, Y+27	; 0x1b
    25ee:	9c 8d       	ldd	r25, Y+28	; 0x1c
    25f0:	20 e0       	ldi	r18, 0x00	; 0
    25f2:	30 e0       	ldi	r19, 0x00	; 0
    25f4:	4a ef       	ldi	r20, 0xFA	; 250
    25f6:	54 e4       	ldi	r21, 0x44	; 68
    25f8:	0e 94 1f 02 	call	0x43e	; 0x43e <__mulsf3>
    25fc:	dc 01       	movw	r26, r24
    25fe:	cb 01       	movw	r24, r22
    2600:	8d 8b       	std	Y+21, r24	; 0x15
    2602:	9e 8b       	std	Y+22, r25	; 0x16
    2604:	af 8b       	std	Y+23, r26	; 0x17
    2606:	b8 8f       	std	Y+24, r27	; 0x18
	if (__tmp < 1.0)
    2608:	6d 89       	ldd	r22, Y+21	; 0x15
    260a:	7e 89       	ldd	r23, Y+22	; 0x16
    260c:	8f 89       	ldd	r24, Y+23	; 0x17
    260e:	98 8d       	ldd	r25, Y+24	; 0x18
    2610:	20 e0       	ldi	r18, 0x00	; 0
    2612:	30 e0       	ldi	r19, 0x00	; 0
    2614:	40 e8       	ldi	r20, 0x80	; 128
    2616:	5f e3       	ldi	r21, 0x3F	; 63
    2618:	0e 94 79 03 	call	0x6f2	; 0x6f2 <__ltsf2>
    261c:	88 23       	and	r24, r24
    261e:	2c f4       	brge	.+10     	; 0x262a <HLCD_voidWriteData+0x36a>
		__ticks = 1;
    2620:	81 e0       	ldi	r24, 0x01	; 1
    2622:	90 e0       	ldi	r25, 0x00	; 0
    2624:	9c 8b       	std	Y+20, r25	; 0x14
    2626:	8b 8b       	std	Y+19, r24	; 0x13
    2628:	3f c0       	rjmp	.+126    	; 0x26a8 <HLCD_voidWriteData+0x3e8>
	else if (__tmp > 65535)
    262a:	6d 89       	ldd	r22, Y+21	; 0x15
    262c:	7e 89       	ldd	r23, Y+22	; 0x16
    262e:	8f 89       	ldd	r24, Y+23	; 0x17
    2630:	98 8d       	ldd	r25, Y+24	; 0x18
    2632:	20 e0       	ldi	r18, 0x00	; 0
    2634:	3f ef       	ldi	r19, 0xFF	; 255
    2636:	4f e7       	ldi	r20, 0x7F	; 127
    2638:	57 e4       	ldi	r21, 0x47	; 71
    263a:	0e 94 19 03 	call	0x632	; 0x632 <__gtsf2>
    263e:	18 16       	cp	r1, r24
    2640:	4c f5       	brge	.+82     	; 0x2694 <HLCD_voidWriteData+0x3d4>
	{
		//	__ticks = requested delay in 1/10 ms
		__ticks = (uint16_t) (__ms * 10.0);
    2642:	69 8d       	ldd	r22, Y+25	; 0x19
    2644:	7a 8d       	ldd	r23, Y+26	; 0x1a
    2646:	8b 8d       	ldd	r24, Y+27	; 0x1b
    2648:	9c 8d       	ldd	r25, Y+28	; 0x1c
    264a:	20 e0       	ldi	r18, 0x00	; 0
    264c:	30 e0       	ldi	r19, 0x00	; 0
    264e:	40 e2       	ldi	r20, 0x20	; 32
    2650:	51 e4       	ldi	r21, 0x41	; 65
    2652:	0e 94 1f 02 	call	0x43e	; 0x43e <__mulsf3>
    2656:	dc 01       	movw	r26, r24
    2658:	cb 01       	movw	r24, r22
    265a:	bc 01       	movw	r22, r24
    265c:	cd 01       	movw	r24, r26
    265e:	0e 94 49 00 	call	0x92	; 0x92 <__fixunssfsi>
    2662:	dc 01       	movw	r26, r24
    2664:	cb 01       	movw	r24, r22
    2666:	9c 8b       	std	Y+20, r25	; 0x14
    2668:	8b 8b       	std	Y+19, r24	; 0x13
    266a:	0f c0       	rjmp	.+30     	; 0x268a <HLCD_voidWriteData+0x3ca>
    266c:	88 ec       	ldi	r24, 0xC8	; 200
    266e:	90 e0       	ldi	r25, 0x00	; 0
    2670:	9a 8b       	std	Y+18, r25	; 0x12
    2672:	89 8b       	std	Y+17, r24	; 0x11
    2674:	89 89       	ldd	r24, Y+17	; 0x11
    2676:	9a 89       	ldd	r25, Y+18	; 0x12
    2678:	01 97       	sbiw	r24, 0x01	; 1
    267a:	f1 f7       	brne	.-4      	; 0x2678 <HLCD_voidWriteData+0x3b8>
    267c:	9a 8b       	std	Y+18, r25	; 0x12
    267e:	89 8b       	std	Y+17, r24	; 0x11
		while(__ticks)
		{
			// wait 1/10 ms
			_delay_loop_2(((F_CPU) / 4e3) / 10);
			__ticks --;
    2680:	8b 89       	ldd	r24, Y+19	; 0x13
    2682:	9c 89       	ldd	r25, Y+20	; 0x14
    2684:	01 97       	sbiw	r24, 0x01	; 1
    2686:	9c 8b       	std	Y+20, r25	; 0x14
    2688:	8b 8b       	std	Y+19, r24	; 0x13
		__ticks = 1;
	else if (__tmp > 65535)
	{
		//	__ticks = requested delay in 1/10 ms
		__ticks = (uint16_t) (__ms * 10.0);
		while(__ticks)
    268a:	8b 89       	ldd	r24, Y+19	; 0x13
    268c:	9c 89       	ldd	r25, Y+20	; 0x14
    268e:	00 97       	sbiw	r24, 0x00	; 0
    2690:	69 f7       	brne	.-38     	; 0x266c <HLCD_voidWriteData+0x3ac>
    2692:	14 c0       	rjmp	.+40     	; 0x26bc <HLCD_voidWriteData+0x3fc>
			__ticks --;
		}
		return;
	}
	else
		__ticks = (uint16_t)__tmp;
    2694:	6d 89       	ldd	r22, Y+21	; 0x15
    2696:	7e 89       	ldd	r23, Y+22	; 0x16
    2698:	8f 89       	ldd	r24, Y+23	; 0x17
    269a:	98 8d       	ldd	r25, Y+24	; 0x18
    269c:	0e 94 49 00 	call	0x92	; 0x92 <__fixunssfsi>
    26a0:	dc 01       	movw	r26, r24
    26a2:	cb 01       	movw	r24, r22
    26a4:	9c 8b       	std	Y+20, r25	; 0x14
    26a6:	8b 8b       	std	Y+19, r24	; 0x13
    26a8:	8b 89       	ldd	r24, Y+19	; 0x13
    26aa:	9c 89       	ldd	r25, Y+20	; 0x14
    26ac:	98 8b       	std	Y+16, r25	; 0x10
    26ae:	8f 87       	std	Y+15, r24	; 0x0f
    26b0:	8f 85       	ldd	r24, Y+15	; 0x0f
    26b2:	98 89       	ldd	r25, Y+16	; 0x10
    26b4:	01 97       	sbiw	r24, 0x01	; 1
    26b6:	f1 f7       	brne	.-4      	; 0x26b4 <HLCD_voidWriteData+0x3f4>
    26b8:	98 8b       	std	Y+16, r25	; 0x10
    26ba:	8f 87       	std	Y+15, r24	; 0x0f
	_delay_ms(1) ;
	MDIO_voidSetPinValue(LCD_E_PORT , LCD_E_PIN, DIO_LOW) ;
    26bc:	81 e0       	ldi	r24, 0x01	; 1
    26be:	63 e0       	ldi	r22, 0x03	; 3
    26c0:	40 e0       	ldi	r20, 0x00	; 0
    26c2:	0e 94 e4 06 	call	0xdc8	; 0xdc8 <MDIO_voidSetPinValue>
    26c6:	80 e0       	ldi	r24, 0x00	; 0
    26c8:	90 e0       	ldi	r25, 0x00	; 0
    26ca:	a0 e8       	ldi	r26, 0x80	; 128
    26cc:	bf e3       	ldi	r27, 0x3F	; 63
    26ce:	8b 87       	std	Y+11, r24	; 0x0b
    26d0:	9c 87       	std	Y+12, r25	; 0x0c
    26d2:	ad 87       	std	Y+13, r26	; 0x0d
    26d4:	be 87       	std	Y+14, r27	; 0x0e
 */
void
_delay_ms(double __ms)
{
	uint16_t __ticks;
	double __tmp = ((F_CPU) / 4e3) * __ms;
    26d6:	6b 85       	ldd	r22, Y+11	; 0x0b
    26d8:	7c 85       	ldd	r23, Y+12	; 0x0c
    26da:	8d 85       	ldd	r24, Y+13	; 0x0d
    26dc:	9e 85       	ldd	r25, Y+14	; 0x0e
    26de:	20 e0       	ldi	r18, 0x00	; 0
    26e0:	30 e0       	ldi	r19, 0x00	; 0
    26e2:	4a ef       	ldi	r20, 0xFA	; 250
    26e4:	54 e4       	ldi	r21, 0x44	; 68
    26e6:	0e 94 1f 02 	call	0x43e	; 0x43e <__mulsf3>
    26ea:	dc 01       	movw	r26, r24
    26ec:	cb 01       	movw	r24, r22
    26ee:	8f 83       	std	Y+7, r24	; 0x07
    26f0:	98 87       	std	Y+8, r25	; 0x08
    26f2:	a9 87       	std	Y+9, r26	; 0x09
    26f4:	ba 87       	std	Y+10, r27	; 0x0a
	if (__tmp < 1.0)
    26f6:	6f 81       	ldd	r22, Y+7	; 0x07
    26f8:	78 85       	ldd	r23, Y+8	; 0x08
    26fa:	89 85       	ldd	r24, Y+9	; 0x09
    26fc:	9a 85       	ldd	r25, Y+10	; 0x0a
    26fe:	20 e0       	ldi	r18, 0x00	; 0
    2700:	30 e0       	ldi	r19, 0x00	; 0
    2702:	40 e8       	ldi	r20, 0x80	; 128
    2704:	5f e3       	ldi	r21, 0x3F	; 63
    2706:	0e 94 79 03 	call	0x6f2	; 0x6f2 <__ltsf2>
    270a:	88 23       	and	r24, r24
    270c:	2c f4       	brge	.+10     	; 0x2718 <HLCD_voidWriteData+0x458>
		__ticks = 1;
    270e:	81 e0       	ldi	r24, 0x01	; 1
    2710:	90 e0       	ldi	r25, 0x00	; 0
    2712:	9e 83       	std	Y+6, r25	; 0x06
    2714:	8d 83       	std	Y+5, r24	; 0x05
    2716:	3f c0       	rjmp	.+126    	; 0x2796 <HLCD_voidWriteData+0x4d6>
	else if (__tmp > 65535)
    2718:	6f 81       	ldd	r22, Y+7	; 0x07
    271a:	78 85       	ldd	r23, Y+8	; 0x08
    271c:	89 85       	ldd	r24, Y+9	; 0x09
    271e:	9a 85       	ldd	r25, Y+10	; 0x0a
    2720:	20 e0       	ldi	r18, 0x00	; 0
    2722:	3f ef       	ldi	r19, 0xFF	; 255
    2724:	4f e7       	ldi	r20, 0x7F	; 127
    2726:	57 e4       	ldi	r21, 0x47	; 71
    2728:	0e 94 19 03 	call	0x632	; 0x632 <__gtsf2>
    272c:	18 16       	cp	r1, r24
    272e:	4c f5       	brge	.+82     	; 0x2782 <HLCD_voidWriteData+0x4c2>
	{
		//	__ticks = requested delay in 1/10 ms
		__ticks = (uint16_t) (__ms * 10.0);
    2730:	6b 85       	ldd	r22, Y+11	; 0x0b
    2732:	7c 85       	ldd	r23, Y+12	; 0x0c
    2734:	8d 85       	ldd	r24, Y+13	; 0x0d
    2736:	9e 85       	ldd	r25, Y+14	; 0x0e
    2738:	20 e0       	ldi	r18, 0x00	; 0
    273a:	30 e0       	ldi	r19, 0x00	; 0
    273c:	40 e2       	ldi	r20, 0x20	; 32
    273e:	51 e4       	ldi	r21, 0x41	; 65
    2740:	0e 94 1f 02 	call	0x43e	; 0x43e <__mulsf3>
    2744:	dc 01       	movw	r26, r24
    2746:	cb 01       	movw	r24, r22
    2748:	bc 01       	movw	r22, r24
    274a:	cd 01       	movw	r24, r26
    274c:	0e 94 49 00 	call	0x92	; 0x92 <__fixunssfsi>
    2750:	dc 01       	movw	r26, r24
    2752:	cb 01       	movw	r24, r22
    2754:	9e 83       	std	Y+6, r25	; 0x06
    2756:	8d 83       	std	Y+5, r24	; 0x05
    2758:	0f c0       	rjmp	.+30     	; 0x2778 <HLCD_voidWriteData+0x4b8>
    275a:	88 ec       	ldi	r24, 0xC8	; 200
    275c:	90 e0       	ldi	r25, 0x00	; 0
    275e:	9c 83       	std	Y+4, r25	; 0x04
    2760:	8b 83       	std	Y+3, r24	; 0x03
    2762:	8b 81       	ldd	r24, Y+3	; 0x03
    2764:	9c 81       	ldd	r25, Y+4	; 0x04
    2766:	01 97       	sbiw	r24, 0x01	; 1
    2768:	f1 f7       	brne	.-4      	; 0x2766 <HLCD_voidWriteData+0x4a6>
    276a:	9c 83       	std	Y+4, r25	; 0x04
    276c:	8b 83       	std	Y+3, r24	; 0x03
		while(__ticks)
		{
			// wait 1/10 ms
			_delay_loop_2(((F_CPU) / 4e3) / 10);
			__ticks --;
    276e:	8d 81       	ldd	r24, Y+5	; 0x05
    2770:	9e 81       	ldd	r25, Y+6	; 0x06
    2772:	01 97       	sbiw	r24, 0x01	; 1
    2774:	9e 83       	std	Y+6, r25	; 0x06
    2776:	8d 83       	std	Y+5, r24	; 0x05
		__ticks = 1;
	else if (__tmp > 65535)
	{
		//	__ticks = requested delay in 1/10 ms
		__ticks = (uint16_t) (__ms * 10.0);
		while(__ticks)
    2778:	8d 81       	ldd	r24, Y+5	; 0x05
    277a:	9e 81       	ldd	r25, Y+6	; 0x06
    277c:	00 97       	sbiw	r24, 0x00	; 0
    277e:	69 f7       	brne	.-38     	; 0x275a <HLCD_voidWriteData+0x49a>
    2780:	14 c0       	rjmp	.+40     	; 0x27aa <HLCD_voidWriteData+0x4ea>
			__ticks --;
		}
		return;
	}
	else
		__ticks = (uint16_t)__tmp;
    2782:	6f 81       	ldd	r22, Y+7	; 0x07
    2784:	78 85       	ldd	r23, Y+8	; 0x08
    2786:	89 85       	ldd	r24, Y+9	; 0x09
    2788:	9a 85       	ldd	r25, Y+10	; 0x0a
    278a:	0e 94 49 00 	call	0x92	; 0x92 <__fixunssfsi>
    278e:	dc 01       	movw	r26, r24
    2790:	cb 01       	movw	r24, r22
    2792:	9e 83       	std	Y+6, r25	; 0x06
    2794:	8d 83       	std	Y+5, r24	; 0x05
    2796:	8d 81       	ldd	r24, Y+5	; 0x05
    2798:	9e 81       	ldd	r25, Y+6	; 0x06
    279a:	9a 83       	std	Y+2, r25	; 0x02
    279c:	89 83       	std	Y+1, r24	; 0x01
    279e:	89 81       	ldd	r24, Y+1	; 0x01
    27a0:	9a 81       	ldd	r25, Y+2	; 0x02
    27a2:	01 97       	sbiw	r24, 0x01	; 1
    27a4:	f1 f7       	brne	.-4      	; 0x27a2 <HLCD_voidWriteData+0x4e2>
    27a6:	9a 83       	std	Y+2, r25	; 0x02
    27a8:	89 83       	std	Y+1, r24	; 0x01
	_delay_ms(1) ;
#endif
}
    27aa:	e9 96       	adiw	r28, 0x39	; 57
    27ac:	0f b6       	in	r0, 0x3f	; 63
    27ae:	f8 94       	cli
    27b0:	de bf       	out	0x3e, r29	; 62
    27b2:	0f be       	out	0x3f, r0	; 63
    27b4:	cd bf       	out	0x3d, r28	; 61
    27b6:	cf 91       	pop	r28
    27b8:	df 91       	pop	r29
    27ba:	08 95       	ret

000027bc <HLCD_voidWriteCmd>:
void HLCD_voidWriteCmd  (u8 A_u8Cmd)
{
    27bc:	df 93       	push	r29
    27be:	cf 93       	push	r28
    27c0:	cd b7       	in	r28, 0x3d	; 61
    27c2:	de b7       	in	r29, 0x3e	; 62
    27c4:	e9 97       	sbiw	r28, 0x39	; 57
    27c6:	0f b6       	in	r0, 0x3f	; 63
    27c8:	f8 94       	cli
    27ca:	de bf       	out	0x3e, r29	; 62
    27cc:	0f be       	out	0x3f, r0	; 63
    27ce:	cd bf       	out	0x3d, r28	; 61
    27d0:	89 af       	std	Y+57, r24	; 0x39
	MDIO_voidSetPinValue(LCD_E_PORT , LCD_E_PIN, DIO_HIGH) ;
	_delay_ms(1) ;
	MDIO_voidSetPinValue(LCD_E_PORT , LCD_E_PIN, DIO_LOW) ;
	_delay_ms(1) ;
#elif LCD_MODE == 4
	MDIO_voidSetPinValue(LCD_RS_PORT, LCD_RS_PIN, DIO_LOW) ;
    27d2:	81 e0       	ldi	r24, 0x01	; 1
    27d4:	61 e0       	ldi	r22, 0x01	; 1
    27d6:	40 e0       	ldi	r20, 0x00	; 0
    27d8:	0e 94 e4 06 	call	0xdc8	; 0xdc8 <MDIO_voidSetPinValue>
	MDIO_voidSetPinValue(LCD_RW_PORT, LCD_RW_PIN, DIO_LOW) ;
    27dc:	81 e0       	ldi	r24, 0x01	; 1
    27de:	62 e0       	ldi	r22, 0x02	; 2
    27e0:	40 e0       	ldi	r20, 0x00	; 0
    27e2:	0e 94 e4 06 	call	0xdc8	; 0xdc8 <MDIO_voidSetPinValue>

	MDIO_voidSetPinValue(LCD_PORT, 4, READ_BIT(A_u8Cmd , 4)) ;
    27e6:	89 ad       	ldd	r24, Y+57	; 0x39
    27e8:	88 2f       	mov	r24, r24
    27ea:	90 e0       	ldi	r25, 0x00	; 0
    27ec:	80 71       	andi	r24, 0x10	; 16
    27ee:	90 70       	andi	r25, 0x00	; 0
    27f0:	95 95       	asr	r25
    27f2:	87 95       	ror	r24
    27f4:	95 95       	asr	r25
    27f6:	87 95       	ror	r24
    27f8:	95 95       	asr	r25
    27fa:	87 95       	ror	r24
    27fc:	95 95       	asr	r25
    27fe:	87 95       	ror	r24
    2800:	98 2f       	mov	r25, r24
    2802:	81 e0       	ldi	r24, 0x01	; 1
    2804:	64 e0       	ldi	r22, 0x04	; 4
    2806:	49 2f       	mov	r20, r25
    2808:	0e 94 e4 06 	call	0xdc8	; 0xdc8 <MDIO_voidSetPinValue>
	MDIO_voidSetPinValue(LCD_PORT, 5, READ_BIT(A_u8Cmd , 5)) ;
    280c:	89 ad       	ldd	r24, Y+57	; 0x39
    280e:	88 2f       	mov	r24, r24
    2810:	90 e0       	ldi	r25, 0x00	; 0
    2812:	80 72       	andi	r24, 0x20	; 32
    2814:	90 70       	andi	r25, 0x00	; 0
    2816:	95 95       	asr	r25
    2818:	87 95       	ror	r24
    281a:	95 95       	asr	r25
    281c:	87 95       	ror	r24
    281e:	95 95       	asr	r25
    2820:	87 95       	ror	r24
    2822:	95 95       	asr	r25
    2824:	87 95       	ror	r24
    2826:	95 95       	asr	r25
    2828:	87 95       	ror	r24
    282a:	98 2f       	mov	r25, r24
    282c:	81 e0       	ldi	r24, 0x01	; 1
    282e:	65 e0       	ldi	r22, 0x05	; 5
    2830:	49 2f       	mov	r20, r25
    2832:	0e 94 e4 06 	call	0xdc8	; 0xdc8 <MDIO_voidSetPinValue>
	MDIO_voidSetPinValue(LCD_PORT, 6, READ_BIT(A_u8Cmd , 6)) ;
    2836:	89 ad       	ldd	r24, Y+57	; 0x39
    2838:	88 2f       	mov	r24, r24
    283a:	90 e0       	ldi	r25, 0x00	; 0
    283c:	80 74       	andi	r24, 0x40	; 64
    283e:	90 70       	andi	r25, 0x00	; 0
    2840:	08 2e       	mov	r0, r24
    2842:	89 2f       	mov	r24, r25
    2844:	00 0c       	add	r0, r0
    2846:	88 1f       	adc	r24, r24
    2848:	99 0b       	sbc	r25, r25
    284a:	00 0c       	add	r0, r0
    284c:	88 1f       	adc	r24, r24
    284e:	99 1f       	adc	r25, r25
    2850:	98 2f       	mov	r25, r24
    2852:	81 e0       	ldi	r24, 0x01	; 1
    2854:	66 e0       	ldi	r22, 0x06	; 6
    2856:	49 2f       	mov	r20, r25
    2858:	0e 94 e4 06 	call	0xdc8	; 0xdc8 <MDIO_voidSetPinValue>
	MDIO_voidSetPinValue(LCD_PORT, 7, READ_BIT(A_u8Cmd , 7)) ;
    285c:	89 ad       	ldd	r24, Y+57	; 0x39
    285e:	98 2f       	mov	r25, r24
    2860:	99 1f       	adc	r25, r25
    2862:	99 27       	eor	r25, r25
    2864:	99 1f       	adc	r25, r25
    2866:	81 e0       	ldi	r24, 0x01	; 1
    2868:	67 e0       	ldi	r22, 0x07	; 7
    286a:	49 2f       	mov	r20, r25
    286c:	0e 94 e4 06 	call	0xdc8	; 0xdc8 <MDIO_voidSetPinValue>

	MDIO_voidSetPinValue(LCD_E_PORT , LCD_E_PIN, DIO_HIGH) ;
    2870:	81 e0       	ldi	r24, 0x01	; 1
    2872:	63 e0       	ldi	r22, 0x03	; 3
    2874:	41 e0       	ldi	r20, 0x01	; 1
    2876:	0e 94 e4 06 	call	0xdc8	; 0xdc8 <MDIO_voidSetPinValue>
    287a:	80 e0       	ldi	r24, 0x00	; 0
    287c:	90 e0       	ldi	r25, 0x00	; 0
    287e:	a0 e8       	ldi	r26, 0x80	; 128
    2880:	bf e3       	ldi	r27, 0x3F	; 63
    2882:	8d ab       	std	Y+53, r24	; 0x35
    2884:	9e ab       	std	Y+54, r25	; 0x36
    2886:	af ab       	std	Y+55, r26	; 0x37
    2888:	b8 af       	std	Y+56, r27	; 0x38
 */
void
_delay_ms(double __ms)
{
	uint16_t __ticks;
	double __tmp = ((F_CPU) / 4e3) * __ms;
    288a:	6d a9       	ldd	r22, Y+53	; 0x35
    288c:	7e a9       	ldd	r23, Y+54	; 0x36
    288e:	8f a9       	ldd	r24, Y+55	; 0x37
    2890:	98 ad       	ldd	r25, Y+56	; 0x38
    2892:	20 e0       	ldi	r18, 0x00	; 0
    2894:	30 e0       	ldi	r19, 0x00	; 0
    2896:	4a ef       	ldi	r20, 0xFA	; 250
    2898:	54 e4       	ldi	r21, 0x44	; 68
    289a:	0e 94 1f 02 	call	0x43e	; 0x43e <__mulsf3>
    289e:	dc 01       	movw	r26, r24
    28a0:	cb 01       	movw	r24, r22
    28a2:	89 ab       	std	Y+49, r24	; 0x31
    28a4:	9a ab       	std	Y+50, r25	; 0x32
    28a6:	ab ab       	std	Y+51, r26	; 0x33
    28a8:	bc ab       	std	Y+52, r27	; 0x34
	if (__tmp < 1.0)
    28aa:	69 a9       	ldd	r22, Y+49	; 0x31
    28ac:	7a a9       	ldd	r23, Y+50	; 0x32
    28ae:	8b a9       	ldd	r24, Y+51	; 0x33
    28b0:	9c a9       	ldd	r25, Y+52	; 0x34
    28b2:	20 e0       	ldi	r18, 0x00	; 0
    28b4:	30 e0       	ldi	r19, 0x00	; 0
    28b6:	40 e8       	ldi	r20, 0x80	; 128
    28b8:	5f e3       	ldi	r21, 0x3F	; 63
    28ba:	0e 94 79 03 	call	0x6f2	; 0x6f2 <__ltsf2>
    28be:	88 23       	and	r24, r24
    28c0:	2c f4       	brge	.+10     	; 0x28cc <HLCD_voidWriteCmd+0x110>
		__ticks = 1;
    28c2:	81 e0       	ldi	r24, 0x01	; 1
    28c4:	90 e0       	ldi	r25, 0x00	; 0
    28c6:	98 ab       	std	Y+48, r25	; 0x30
    28c8:	8f a7       	std	Y+47, r24	; 0x2f
    28ca:	3f c0       	rjmp	.+126    	; 0x294a <HLCD_voidWriteCmd+0x18e>
	else if (__tmp > 65535)
    28cc:	69 a9       	ldd	r22, Y+49	; 0x31
    28ce:	7a a9       	ldd	r23, Y+50	; 0x32
    28d0:	8b a9       	ldd	r24, Y+51	; 0x33
    28d2:	9c a9       	ldd	r25, Y+52	; 0x34
    28d4:	20 e0       	ldi	r18, 0x00	; 0
    28d6:	3f ef       	ldi	r19, 0xFF	; 255
    28d8:	4f e7       	ldi	r20, 0x7F	; 127
    28da:	57 e4       	ldi	r21, 0x47	; 71
    28dc:	0e 94 19 03 	call	0x632	; 0x632 <__gtsf2>
    28e0:	18 16       	cp	r1, r24
    28e2:	4c f5       	brge	.+82     	; 0x2936 <HLCD_voidWriteCmd+0x17a>
	{
		//	__ticks = requested delay in 1/10 ms
		__ticks = (uint16_t) (__ms * 10.0);
    28e4:	6d a9       	ldd	r22, Y+53	; 0x35
    28e6:	7e a9       	ldd	r23, Y+54	; 0x36
    28e8:	8f a9       	ldd	r24, Y+55	; 0x37
    28ea:	98 ad       	ldd	r25, Y+56	; 0x38
    28ec:	20 e0       	ldi	r18, 0x00	; 0
    28ee:	30 e0       	ldi	r19, 0x00	; 0
    28f0:	40 e2       	ldi	r20, 0x20	; 32
    28f2:	51 e4       	ldi	r21, 0x41	; 65
    28f4:	0e 94 1f 02 	call	0x43e	; 0x43e <__mulsf3>
    28f8:	dc 01       	movw	r26, r24
    28fa:	cb 01       	movw	r24, r22
    28fc:	bc 01       	movw	r22, r24
    28fe:	cd 01       	movw	r24, r26
    2900:	0e 94 49 00 	call	0x92	; 0x92 <__fixunssfsi>
    2904:	dc 01       	movw	r26, r24
    2906:	cb 01       	movw	r24, r22
    2908:	98 ab       	std	Y+48, r25	; 0x30
    290a:	8f a7       	std	Y+47, r24	; 0x2f
    290c:	0f c0       	rjmp	.+30     	; 0x292c <HLCD_voidWriteCmd+0x170>
    290e:	88 ec       	ldi	r24, 0xC8	; 200
    2910:	90 e0       	ldi	r25, 0x00	; 0
    2912:	9e a7       	std	Y+46, r25	; 0x2e
    2914:	8d a7       	std	Y+45, r24	; 0x2d
    2916:	8d a5       	ldd	r24, Y+45	; 0x2d
    2918:	9e a5       	ldd	r25, Y+46	; 0x2e
    291a:	01 97       	sbiw	r24, 0x01	; 1
    291c:	f1 f7       	brne	.-4      	; 0x291a <HLCD_voidWriteCmd+0x15e>
    291e:	9e a7       	std	Y+46, r25	; 0x2e
    2920:	8d a7       	std	Y+45, r24	; 0x2d
		while(__ticks)
		{
			// wait 1/10 ms
			_delay_loop_2(((F_CPU) / 4e3) / 10);
			__ticks --;
    2922:	8f a5       	ldd	r24, Y+47	; 0x2f
    2924:	98 a9       	ldd	r25, Y+48	; 0x30
    2926:	01 97       	sbiw	r24, 0x01	; 1
    2928:	98 ab       	std	Y+48, r25	; 0x30
    292a:	8f a7       	std	Y+47, r24	; 0x2f
		__ticks = 1;
	else if (__tmp > 65535)
	{
		//	__ticks = requested delay in 1/10 ms
		__ticks = (uint16_t) (__ms * 10.0);
		while(__ticks)
    292c:	8f a5       	ldd	r24, Y+47	; 0x2f
    292e:	98 a9       	ldd	r25, Y+48	; 0x30
    2930:	00 97       	sbiw	r24, 0x00	; 0
    2932:	69 f7       	brne	.-38     	; 0x290e <HLCD_voidWriteCmd+0x152>
    2934:	14 c0       	rjmp	.+40     	; 0x295e <HLCD_voidWriteCmd+0x1a2>
			__ticks --;
		}
		return;
	}
	else
		__ticks = (uint16_t)__tmp;
    2936:	69 a9       	ldd	r22, Y+49	; 0x31
    2938:	7a a9       	ldd	r23, Y+50	; 0x32
    293a:	8b a9       	ldd	r24, Y+51	; 0x33
    293c:	9c a9       	ldd	r25, Y+52	; 0x34
    293e:	0e 94 49 00 	call	0x92	; 0x92 <__fixunssfsi>
    2942:	dc 01       	movw	r26, r24
    2944:	cb 01       	movw	r24, r22
    2946:	98 ab       	std	Y+48, r25	; 0x30
    2948:	8f a7       	std	Y+47, r24	; 0x2f
    294a:	8f a5       	ldd	r24, Y+47	; 0x2f
    294c:	98 a9       	ldd	r25, Y+48	; 0x30
    294e:	9c a7       	std	Y+44, r25	; 0x2c
    2950:	8b a7       	std	Y+43, r24	; 0x2b
    2952:	8b a5       	ldd	r24, Y+43	; 0x2b
    2954:	9c a5       	ldd	r25, Y+44	; 0x2c
    2956:	01 97       	sbiw	r24, 0x01	; 1
    2958:	f1 f7       	brne	.-4      	; 0x2956 <HLCD_voidWriteCmd+0x19a>
    295a:	9c a7       	std	Y+44, r25	; 0x2c
    295c:	8b a7       	std	Y+43, r24	; 0x2b
	_delay_ms(1) ;
	MDIO_voidSetPinValue(LCD_E_PORT , LCD_E_PIN, DIO_LOW) ;
    295e:	81 e0       	ldi	r24, 0x01	; 1
    2960:	63 e0       	ldi	r22, 0x03	; 3
    2962:	40 e0       	ldi	r20, 0x00	; 0
    2964:	0e 94 e4 06 	call	0xdc8	; 0xdc8 <MDIO_voidSetPinValue>
    2968:	80 e0       	ldi	r24, 0x00	; 0
    296a:	90 e0       	ldi	r25, 0x00	; 0
    296c:	a0 e8       	ldi	r26, 0x80	; 128
    296e:	bf e3       	ldi	r27, 0x3F	; 63
    2970:	8f a3       	std	Y+39, r24	; 0x27
    2972:	98 a7       	std	Y+40, r25	; 0x28
    2974:	a9 a7       	std	Y+41, r26	; 0x29
    2976:	ba a7       	std	Y+42, r27	; 0x2a
 */
void
_delay_ms(double __ms)
{
	uint16_t __ticks;
	double __tmp = ((F_CPU) / 4e3) * __ms;
    2978:	6f a1       	ldd	r22, Y+39	; 0x27
    297a:	78 a5       	ldd	r23, Y+40	; 0x28
    297c:	89 a5       	ldd	r24, Y+41	; 0x29
    297e:	9a a5       	ldd	r25, Y+42	; 0x2a
    2980:	20 e0       	ldi	r18, 0x00	; 0
    2982:	30 e0       	ldi	r19, 0x00	; 0
    2984:	4a ef       	ldi	r20, 0xFA	; 250
    2986:	54 e4       	ldi	r21, 0x44	; 68
    2988:	0e 94 1f 02 	call	0x43e	; 0x43e <__mulsf3>
    298c:	dc 01       	movw	r26, r24
    298e:	cb 01       	movw	r24, r22
    2990:	8b a3       	std	Y+35, r24	; 0x23
    2992:	9c a3       	std	Y+36, r25	; 0x24
    2994:	ad a3       	std	Y+37, r26	; 0x25
    2996:	be a3       	std	Y+38, r27	; 0x26
	if (__tmp < 1.0)
    2998:	6b a1       	ldd	r22, Y+35	; 0x23
    299a:	7c a1       	ldd	r23, Y+36	; 0x24
    299c:	8d a1       	ldd	r24, Y+37	; 0x25
    299e:	9e a1       	ldd	r25, Y+38	; 0x26
    29a0:	20 e0       	ldi	r18, 0x00	; 0
    29a2:	30 e0       	ldi	r19, 0x00	; 0
    29a4:	40 e8       	ldi	r20, 0x80	; 128
    29a6:	5f e3       	ldi	r21, 0x3F	; 63
    29a8:	0e 94 79 03 	call	0x6f2	; 0x6f2 <__ltsf2>
    29ac:	88 23       	and	r24, r24
    29ae:	2c f4       	brge	.+10     	; 0x29ba <HLCD_voidWriteCmd+0x1fe>
		__ticks = 1;
    29b0:	81 e0       	ldi	r24, 0x01	; 1
    29b2:	90 e0       	ldi	r25, 0x00	; 0
    29b4:	9a a3       	std	Y+34, r25	; 0x22
    29b6:	89 a3       	std	Y+33, r24	; 0x21
    29b8:	3f c0       	rjmp	.+126    	; 0x2a38 <HLCD_voidWriteCmd+0x27c>
	else if (__tmp > 65535)
    29ba:	6b a1       	ldd	r22, Y+35	; 0x23
    29bc:	7c a1       	ldd	r23, Y+36	; 0x24
    29be:	8d a1       	ldd	r24, Y+37	; 0x25
    29c0:	9e a1       	ldd	r25, Y+38	; 0x26
    29c2:	20 e0       	ldi	r18, 0x00	; 0
    29c4:	3f ef       	ldi	r19, 0xFF	; 255
    29c6:	4f e7       	ldi	r20, 0x7F	; 127
    29c8:	57 e4       	ldi	r21, 0x47	; 71
    29ca:	0e 94 19 03 	call	0x632	; 0x632 <__gtsf2>
    29ce:	18 16       	cp	r1, r24
    29d0:	4c f5       	brge	.+82     	; 0x2a24 <HLCD_voidWriteCmd+0x268>
	{
		//	__ticks = requested delay in 1/10 ms
		__ticks = (uint16_t) (__ms * 10.0);
    29d2:	6f a1       	ldd	r22, Y+39	; 0x27
    29d4:	78 a5       	ldd	r23, Y+40	; 0x28
    29d6:	89 a5       	ldd	r24, Y+41	; 0x29
    29d8:	9a a5       	ldd	r25, Y+42	; 0x2a
    29da:	20 e0       	ldi	r18, 0x00	; 0
    29dc:	30 e0       	ldi	r19, 0x00	; 0
    29de:	40 e2       	ldi	r20, 0x20	; 32
    29e0:	51 e4       	ldi	r21, 0x41	; 65
    29e2:	0e 94 1f 02 	call	0x43e	; 0x43e <__mulsf3>
    29e6:	dc 01       	movw	r26, r24
    29e8:	cb 01       	movw	r24, r22
    29ea:	bc 01       	movw	r22, r24
    29ec:	cd 01       	movw	r24, r26
    29ee:	0e 94 49 00 	call	0x92	; 0x92 <__fixunssfsi>
    29f2:	dc 01       	movw	r26, r24
    29f4:	cb 01       	movw	r24, r22
    29f6:	9a a3       	std	Y+34, r25	; 0x22
    29f8:	89 a3       	std	Y+33, r24	; 0x21
    29fa:	0f c0       	rjmp	.+30     	; 0x2a1a <HLCD_voidWriteCmd+0x25e>
    29fc:	88 ec       	ldi	r24, 0xC8	; 200
    29fe:	90 e0       	ldi	r25, 0x00	; 0
    2a00:	98 a3       	std	Y+32, r25	; 0x20
    2a02:	8f 8f       	std	Y+31, r24	; 0x1f
    2a04:	8f 8d       	ldd	r24, Y+31	; 0x1f
    2a06:	98 a1       	ldd	r25, Y+32	; 0x20
    2a08:	01 97       	sbiw	r24, 0x01	; 1
    2a0a:	f1 f7       	brne	.-4      	; 0x2a08 <HLCD_voidWriteCmd+0x24c>
    2a0c:	98 a3       	std	Y+32, r25	; 0x20
    2a0e:	8f 8f       	std	Y+31, r24	; 0x1f
		while(__ticks)
		{
			// wait 1/10 ms
			_delay_loop_2(((F_CPU) / 4e3) / 10);
			__ticks --;
    2a10:	89 a1       	ldd	r24, Y+33	; 0x21
    2a12:	9a a1       	ldd	r25, Y+34	; 0x22
    2a14:	01 97       	sbiw	r24, 0x01	; 1
    2a16:	9a a3       	std	Y+34, r25	; 0x22
    2a18:	89 a3       	std	Y+33, r24	; 0x21
		__ticks = 1;
	else if (__tmp > 65535)
	{
		//	__ticks = requested delay in 1/10 ms
		__ticks = (uint16_t) (__ms * 10.0);
		while(__ticks)
    2a1a:	89 a1       	ldd	r24, Y+33	; 0x21
    2a1c:	9a a1       	ldd	r25, Y+34	; 0x22
    2a1e:	00 97       	sbiw	r24, 0x00	; 0
    2a20:	69 f7       	brne	.-38     	; 0x29fc <HLCD_voidWriteCmd+0x240>
    2a22:	14 c0       	rjmp	.+40     	; 0x2a4c <HLCD_voidWriteCmd+0x290>
			__ticks --;
		}
		return;
	}
	else
		__ticks = (uint16_t)__tmp;
    2a24:	6b a1       	ldd	r22, Y+35	; 0x23
    2a26:	7c a1       	ldd	r23, Y+36	; 0x24
    2a28:	8d a1       	ldd	r24, Y+37	; 0x25
    2a2a:	9e a1       	ldd	r25, Y+38	; 0x26
    2a2c:	0e 94 49 00 	call	0x92	; 0x92 <__fixunssfsi>
    2a30:	dc 01       	movw	r26, r24
    2a32:	cb 01       	movw	r24, r22
    2a34:	9a a3       	std	Y+34, r25	; 0x22
    2a36:	89 a3       	std	Y+33, r24	; 0x21
    2a38:	89 a1       	ldd	r24, Y+33	; 0x21
    2a3a:	9a a1       	ldd	r25, Y+34	; 0x22
    2a3c:	9e 8f       	std	Y+30, r25	; 0x1e
    2a3e:	8d 8f       	std	Y+29, r24	; 0x1d
    2a40:	8d 8d       	ldd	r24, Y+29	; 0x1d
    2a42:	9e 8d       	ldd	r25, Y+30	; 0x1e
    2a44:	01 97       	sbiw	r24, 0x01	; 1
    2a46:	f1 f7       	brne	.-4      	; 0x2a44 <HLCD_voidWriteCmd+0x288>
    2a48:	9e 8f       	std	Y+30, r25	; 0x1e
    2a4a:	8d 8f       	std	Y+29, r24	; 0x1d
	_delay_ms(1) ;

	MDIO_voidSetPinValue(LCD_RS_PORT, LCD_RS_PIN, DIO_LOW) ;
    2a4c:	81 e0       	ldi	r24, 0x01	; 1
    2a4e:	61 e0       	ldi	r22, 0x01	; 1
    2a50:	40 e0       	ldi	r20, 0x00	; 0
    2a52:	0e 94 e4 06 	call	0xdc8	; 0xdc8 <MDIO_voidSetPinValue>
	MDIO_voidSetPinValue(LCD_RW_PORT, LCD_RW_PIN, DIO_LOW) ;
    2a56:	81 e0       	ldi	r24, 0x01	; 1
    2a58:	62 e0       	ldi	r22, 0x02	; 2
    2a5a:	40 e0       	ldi	r20, 0x00	; 0
    2a5c:	0e 94 e4 06 	call	0xdc8	; 0xdc8 <MDIO_voidSetPinValue>

	MDIO_voidSetPinValue(LCD_PORT, 4, READ_BIT(A_u8Cmd , 0)) ;
    2a60:	89 ad       	ldd	r24, Y+57	; 0x39
    2a62:	98 2f       	mov	r25, r24
    2a64:	91 70       	andi	r25, 0x01	; 1
    2a66:	81 e0       	ldi	r24, 0x01	; 1
    2a68:	64 e0       	ldi	r22, 0x04	; 4
    2a6a:	49 2f       	mov	r20, r25
    2a6c:	0e 94 e4 06 	call	0xdc8	; 0xdc8 <MDIO_voidSetPinValue>
	MDIO_voidSetPinValue(LCD_PORT, 5, READ_BIT(A_u8Cmd , 1)) ;
    2a70:	89 ad       	ldd	r24, Y+57	; 0x39
    2a72:	88 2f       	mov	r24, r24
    2a74:	90 e0       	ldi	r25, 0x00	; 0
    2a76:	82 70       	andi	r24, 0x02	; 2
    2a78:	90 70       	andi	r25, 0x00	; 0
    2a7a:	95 95       	asr	r25
    2a7c:	87 95       	ror	r24
    2a7e:	98 2f       	mov	r25, r24
    2a80:	81 e0       	ldi	r24, 0x01	; 1
    2a82:	65 e0       	ldi	r22, 0x05	; 5
    2a84:	49 2f       	mov	r20, r25
    2a86:	0e 94 e4 06 	call	0xdc8	; 0xdc8 <MDIO_voidSetPinValue>
	MDIO_voidSetPinValue(LCD_PORT, 6, READ_BIT(A_u8Cmd , 2)) ;
    2a8a:	89 ad       	ldd	r24, Y+57	; 0x39
    2a8c:	88 2f       	mov	r24, r24
    2a8e:	90 e0       	ldi	r25, 0x00	; 0
    2a90:	84 70       	andi	r24, 0x04	; 4
    2a92:	90 70       	andi	r25, 0x00	; 0
    2a94:	95 95       	asr	r25
    2a96:	87 95       	ror	r24
    2a98:	95 95       	asr	r25
    2a9a:	87 95       	ror	r24
    2a9c:	98 2f       	mov	r25, r24
    2a9e:	81 e0       	ldi	r24, 0x01	; 1
    2aa0:	66 e0       	ldi	r22, 0x06	; 6
    2aa2:	49 2f       	mov	r20, r25
    2aa4:	0e 94 e4 06 	call	0xdc8	; 0xdc8 <MDIO_voidSetPinValue>
	MDIO_voidSetPinValue(LCD_PORT, 7, READ_BIT(A_u8Cmd , 3)) ;
    2aa8:	89 ad       	ldd	r24, Y+57	; 0x39
    2aaa:	88 2f       	mov	r24, r24
    2aac:	90 e0       	ldi	r25, 0x00	; 0
    2aae:	88 70       	andi	r24, 0x08	; 8
    2ab0:	90 70       	andi	r25, 0x00	; 0
    2ab2:	95 95       	asr	r25
    2ab4:	87 95       	ror	r24
    2ab6:	95 95       	asr	r25
    2ab8:	87 95       	ror	r24
    2aba:	95 95       	asr	r25
    2abc:	87 95       	ror	r24
    2abe:	98 2f       	mov	r25, r24
    2ac0:	81 e0       	ldi	r24, 0x01	; 1
    2ac2:	67 e0       	ldi	r22, 0x07	; 7
    2ac4:	49 2f       	mov	r20, r25
    2ac6:	0e 94 e4 06 	call	0xdc8	; 0xdc8 <MDIO_voidSetPinValue>

	MDIO_voidSetPinValue(LCD_E_PORT , LCD_E_PIN, DIO_HIGH) ;
    2aca:	81 e0       	ldi	r24, 0x01	; 1
    2acc:	63 e0       	ldi	r22, 0x03	; 3
    2ace:	41 e0       	ldi	r20, 0x01	; 1
    2ad0:	0e 94 e4 06 	call	0xdc8	; 0xdc8 <MDIO_voidSetPinValue>
    2ad4:	80 e0       	ldi	r24, 0x00	; 0
    2ad6:	90 e0       	ldi	r25, 0x00	; 0
    2ad8:	a0 e8       	ldi	r26, 0x80	; 128
    2ada:	bf e3       	ldi	r27, 0x3F	; 63
    2adc:	89 8f       	std	Y+25, r24	; 0x19
    2ade:	9a 8f       	std	Y+26, r25	; 0x1a
    2ae0:	ab 8f       	std	Y+27, r26	; 0x1b
    2ae2:	bc 8f       	std	Y+28, r27	; 0x1c
 */
void
_delay_ms(double __ms)
{
	uint16_t __ticks;
	double __tmp = ((F_CPU) / 4e3) * __ms;
    2ae4:	69 8d       	ldd	r22, Y+25	; 0x19
    2ae6:	7a 8d       	ldd	r23, Y+26	; 0x1a
    2ae8:	8b 8d       	ldd	r24, Y+27	; 0x1b
    2aea:	9c 8d       	ldd	r25, Y+28	; 0x1c
    2aec:	20 e0       	ldi	r18, 0x00	; 0
    2aee:	30 e0       	ldi	r19, 0x00	; 0
    2af0:	4a ef       	ldi	r20, 0xFA	; 250
    2af2:	54 e4       	ldi	r21, 0x44	; 68
    2af4:	0e 94 1f 02 	call	0x43e	; 0x43e <__mulsf3>
    2af8:	dc 01       	movw	r26, r24
    2afa:	cb 01       	movw	r24, r22
    2afc:	8d 8b       	std	Y+21, r24	; 0x15
    2afe:	9e 8b       	std	Y+22, r25	; 0x16
    2b00:	af 8b       	std	Y+23, r26	; 0x17
    2b02:	b8 8f       	std	Y+24, r27	; 0x18
	if (__tmp < 1.0)
    2b04:	6d 89       	ldd	r22, Y+21	; 0x15
    2b06:	7e 89       	ldd	r23, Y+22	; 0x16
    2b08:	8f 89       	ldd	r24, Y+23	; 0x17
    2b0a:	98 8d       	ldd	r25, Y+24	; 0x18
    2b0c:	20 e0       	ldi	r18, 0x00	; 0
    2b0e:	30 e0       	ldi	r19, 0x00	; 0
    2b10:	40 e8       	ldi	r20, 0x80	; 128
    2b12:	5f e3       	ldi	r21, 0x3F	; 63
    2b14:	0e 94 79 03 	call	0x6f2	; 0x6f2 <__ltsf2>
    2b18:	88 23       	and	r24, r24
    2b1a:	2c f4       	brge	.+10     	; 0x2b26 <HLCD_voidWriteCmd+0x36a>
		__ticks = 1;
    2b1c:	81 e0       	ldi	r24, 0x01	; 1
    2b1e:	90 e0       	ldi	r25, 0x00	; 0
    2b20:	9c 8b       	std	Y+20, r25	; 0x14
    2b22:	8b 8b       	std	Y+19, r24	; 0x13
    2b24:	3f c0       	rjmp	.+126    	; 0x2ba4 <HLCD_voidWriteCmd+0x3e8>
	else if (__tmp > 65535)
    2b26:	6d 89       	ldd	r22, Y+21	; 0x15
    2b28:	7e 89       	ldd	r23, Y+22	; 0x16
    2b2a:	8f 89       	ldd	r24, Y+23	; 0x17
    2b2c:	98 8d       	ldd	r25, Y+24	; 0x18
    2b2e:	20 e0       	ldi	r18, 0x00	; 0
    2b30:	3f ef       	ldi	r19, 0xFF	; 255
    2b32:	4f e7       	ldi	r20, 0x7F	; 127
    2b34:	57 e4       	ldi	r21, 0x47	; 71
    2b36:	0e 94 19 03 	call	0x632	; 0x632 <__gtsf2>
    2b3a:	18 16       	cp	r1, r24
    2b3c:	4c f5       	brge	.+82     	; 0x2b90 <HLCD_voidWriteCmd+0x3d4>
	{
		//	__ticks = requested delay in 1/10 ms
		__ticks = (uint16_t) (__ms * 10.0);
    2b3e:	69 8d       	ldd	r22, Y+25	; 0x19
    2b40:	7a 8d       	ldd	r23, Y+26	; 0x1a
    2b42:	8b 8d       	ldd	r24, Y+27	; 0x1b
    2b44:	9c 8d       	ldd	r25, Y+28	; 0x1c
    2b46:	20 e0       	ldi	r18, 0x00	; 0
    2b48:	30 e0       	ldi	r19, 0x00	; 0
    2b4a:	40 e2       	ldi	r20, 0x20	; 32
    2b4c:	51 e4       	ldi	r21, 0x41	; 65
    2b4e:	0e 94 1f 02 	call	0x43e	; 0x43e <__mulsf3>
    2b52:	dc 01       	movw	r26, r24
    2b54:	cb 01       	movw	r24, r22
    2b56:	bc 01       	movw	r22, r24
    2b58:	cd 01       	movw	r24, r26
    2b5a:	0e 94 49 00 	call	0x92	; 0x92 <__fixunssfsi>
    2b5e:	dc 01       	movw	r26, r24
    2b60:	cb 01       	movw	r24, r22
    2b62:	9c 8b       	std	Y+20, r25	; 0x14
    2b64:	8b 8b       	std	Y+19, r24	; 0x13
    2b66:	0f c0       	rjmp	.+30     	; 0x2b86 <HLCD_voidWriteCmd+0x3ca>
    2b68:	88 ec       	ldi	r24, 0xC8	; 200
    2b6a:	90 e0       	ldi	r25, 0x00	; 0
    2b6c:	9a 8b       	std	Y+18, r25	; 0x12
    2b6e:	89 8b       	std	Y+17, r24	; 0x11
    2b70:	89 89       	ldd	r24, Y+17	; 0x11
    2b72:	9a 89       	ldd	r25, Y+18	; 0x12
    2b74:	01 97       	sbiw	r24, 0x01	; 1
    2b76:	f1 f7       	brne	.-4      	; 0x2b74 <HLCD_voidWriteCmd+0x3b8>
    2b78:	9a 8b       	std	Y+18, r25	; 0x12
    2b7a:	89 8b       	std	Y+17, r24	; 0x11
		while(__ticks)
		{
			// wait 1/10 ms
			_delay_loop_2(((F_CPU) / 4e3) / 10);
			__ticks --;
    2b7c:	8b 89       	ldd	r24, Y+19	; 0x13
    2b7e:	9c 89       	ldd	r25, Y+20	; 0x14
    2b80:	01 97       	sbiw	r24, 0x01	; 1
    2b82:	9c 8b       	std	Y+20, r25	; 0x14
    2b84:	8b 8b       	std	Y+19, r24	; 0x13
		__ticks = 1;
	else if (__tmp > 65535)
	{
		//	__ticks = requested delay in 1/10 ms
		__ticks = (uint16_t) (__ms * 10.0);
		while(__ticks)
    2b86:	8b 89       	ldd	r24, Y+19	; 0x13
    2b88:	9c 89       	ldd	r25, Y+20	; 0x14
    2b8a:	00 97       	sbiw	r24, 0x00	; 0
    2b8c:	69 f7       	brne	.-38     	; 0x2b68 <HLCD_voidWriteCmd+0x3ac>
    2b8e:	14 c0       	rjmp	.+40     	; 0x2bb8 <HLCD_voidWriteCmd+0x3fc>
			__ticks --;
		}
		return;
	}
	else
		__ticks = (uint16_t)__tmp;
    2b90:	6d 89       	ldd	r22, Y+21	; 0x15
    2b92:	7e 89       	ldd	r23, Y+22	; 0x16
    2b94:	8f 89       	ldd	r24, Y+23	; 0x17
    2b96:	98 8d       	ldd	r25, Y+24	; 0x18
    2b98:	0e 94 49 00 	call	0x92	; 0x92 <__fixunssfsi>
    2b9c:	dc 01       	movw	r26, r24
    2b9e:	cb 01       	movw	r24, r22
    2ba0:	9c 8b       	std	Y+20, r25	; 0x14
    2ba2:	8b 8b       	std	Y+19, r24	; 0x13
    2ba4:	8b 89       	ldd	r24, Y+19	; 0x13
    2ba6:	9c 89       	ldd	r25, Y+20	; 0x14
    2ba8:	98 8b       	std	Y+16, r25	; 0x10
    2baa:	8f 87       	std	Y+15, r24	; 0x0f
    2bac:	8f 85       	ldd	r24, Y+15	; 0x0f
    2bae:	98 89       	ldd	r25, Y+16	; 0x10
    2bb0:	01 97       	sbiw	r24, 0x01	; 1
    2bb2:	f1 f7       	brne	.-4      	; 0x2bb0 <HLCD_voidWriteCmd+0x3f4>
    2bb4:	98 8b       	std	Y+16, r25	; 0x10
    2bb6:	8f 87       	std	Y+15, r24	; 0x0f
	_delay_ms(1) ;
	MDIO_voidSetPinValue(LCD_E_PORT , LCD_E_PIN, DIO_LOW) ;
    2bb8:	81 e0       	ldi	r24, 0x01	; 1
    2bba:	63 e0       	ldi	r22, 0x03	; 3
    2bbc:	40 e0       	ldi	r20, 0x00	; 0
    2bbe:	0e 94 e4 06 	call	0xdc8	; 0xdc8 <MDIO_voidSetPinValue>
    2bc2:	80 e0       	ldi	r24, 0x00	; 0
    2bc4:	90 e0       	ldi	r25, 0x00	; 0
    2bc6:	a0 e8       	ldi	r26, 0x80	; 128
    2bc8:	bf e3       	ldi	r27, 0x3F	; 63
    2bca:	8b 87       	std	Y+11, r24	; 0x0b
    2bcc:	9c 87       	std	Y+12, r25	; 0x0c
    2bce:	ad 87       	std	Y+13, r26	; 0x0d
    2bd0:	be 87       	std	Y+14, r27	; 0x0e
 */
void
_delay_ms(double __ms)
{
	uint16_t __ticks;
	double __tmp = ((F_CPU) / 4e3) * __ms;
    2bd2:	6b 85       	ldd	r22, Y+11	; 0x0b
    2bd4:	7c 85       	ldd	r23, Y+12	; 0x0c
    2bd6:	8d 85       	ldd	r24, Y+13	; 0x0d
    2bd8:	9e 85       	ldd	r25, Y+14	; 0x0e
    2bda:	20 e0       	ldi	r18, 0x00	; 0
    2bdc:	30 e0       	ldi	r19, 0x00	; 0
    2bde:	4a ef       	ldi	r20, 0xFA	; 250
    2be0:	54 e4       	ldi	r21, 0x44	; 68
    2be2:	0e 94 1f 02 	call	0x43e	; 0x43e <__mulsf3>
    2be6:	dc 01       	movw	r26, r24
    2be8:	cb 01       	movw	r24, r22
    2bea:	8f 83       	std	Y+7, r24	; 0x07
    2bec:	98 87       	std	Y+8, r25	; 0x08
    2bee:	a9 87       	std	Y+9, r26	; 0x09
    2bf0:	ba 87       	std	Y+10, r27	; 0x0a
	if (__tmp < 1.0)
    2bf2:	6f 81       	ldd	r22, Y+7	; 0x07
    2bf4:	78 85       	ldd	r23, Y+8	; 0x08
    2bf6:	89 85       	ldd	r24, Y+9	; 0x09
    2bf8:	9a 85       	ldd	r25, Y+10	; 0x0a
    2bfa:	20 e0       	ldi	r18, 0x00	; 0
    2bfc:	30 e0       	ldi	r19, 0x00	; 0
    2bfe:	40 e8       	ldi	r20, 0x80	; 128
    2c00:	5f e3       	ldi	r21, 0x3F	; 63
    2c02:	0e 94 79 03 	call	0x6f2	; 0x6f2 <__ltsf2>
    2c06:	88 23       	and	r24, r24
    2c08:	2c f4       	brge	.+10     	; 0x2c14 <HLCD_voidWriteCmd+0x458>
		__ticks = 1;
    2c0a:	81 e0       	ldi	r24, 0x01	; 1
    2c0c:	90 e0       	ldi	r25, 0x00	; 0
    2c0e:	9e 83       	std	Y+6, r25	; 0x06
    2c10:	8d 83       	std	Y+5, r24	; 0x05
    2c12:	3f c0       	rjmp	.+126    	; 0x2c92 <HLCD_voidWriteCmd+0x4d6>
	else if (__tmp > 65535)
    2c14:	6f 81       	ldd	r22, Y+7	; 0x07
    2c16:	78 85       	ldd	r23, Y+8	; 0x08
    2c18:	89 85       	ldd	r24, Y+9	; 0x09
    2c1a:	9a 85       	ldd	r25, Y+10	; 0x0a
    2c1c:	20 e0       	ldi	r18, 0x00	; 0
    2c1e:	3f ef       	ldi	r19, 0xFF	; 255
    2c20:	4f e7       	ldi	r20, 0x7F	; 127
    2c22:	57 e4       	ldi	r21, 0x47	; 71
    2c24:	0e 94 19 03 	call	0x632	; 0x632 <__gtsf2>
    2c28:	18 16       	cp	r1, r24
    2c2a:	4c f5       	brge	.+82     	; 0x2c7e <HLCD_voidWriteCmd+0x4c2>
	{
		//	__ticks = requested delay in 1/10 ms
		__ticks = (uint16_t) (__ms * 10.0);
    2c2c:	6b 85       	ldd	r22, Y+11	; 0x0b
    2c2e:	7c 85       	ldd	r23, Y+12	; 0x0c
    2c30:	8d 85       	ldd	r24, Y+13	; 0x0d
    2c32:	9e 85       	ldd	r25, Y+14	; 0x0e
    2c34:	20 e0       	ldi	r18, 0x00	; 0
    2c36:	30 e0       	ldi	r19, 0x00	; 0
    2c38:	40 e2       	ldi	r20, 0x20	; 32
    2c3a:	51 e4       	ldi	r21, 0x41	; 65
    2c3c:	0e 94 1f 02 	call	0x43e	; 0x43e <__mulsf3>
    2c40:	dc 01       	movw	r26, r24
    2c42:	cb 01       	movw	r24, r22
    2c44:	bc 01       	movw	r22, r24
    2c46:	cd 01       	movw	r24, r26
    2c48:	0e 94 49 00 	call	0x92	; 0x92 <__fixunssfsi>
    2c4c:	dc 01       	movw	r26, r24
    2c4e:	cb 01       	movw	r24, r22
    2c50:	9e 83       	std	Y+6, r25	; 0x06
    2c52:	8d 83       	std	Y+5, r24	; 0x05
    2c54:	0f c0       	rjmp	.+30     	; 0x2c74 <HLCD_voidWriteCmd+0x4b8>
    2c56:	88 ec       	ldi	r24, 0xC8	; 200
    2c58:	90 e0       	ldi	r25, 0x00	; 0
    2c5a:	9c 83       	std	Y+4, r25	; 0x04
    2c5c:	8b 83       	std	Y+3, r24	; 0x03
    2c5e:	8b 81       	ldd	r24, Y+3	; 0x03
    2c60:	9c 81       	ldd	r25, Y+4	; 0x04
    2c62:	01 97       	sbiw	r24, 0x01	; 1
    2c64:	f1 f7       	brne	.-4      	; 0x2c62 <HLCD_voidWriteCmd+0x4a6>
    2c66:	9c 83       	std	Y+4, r25	; 0x04
    2c68:	8b 83       	std	Y+3, r24	; 0x03
		while(__ticks)
		{
			// wait 1/10 ms
			_delay_loop_2(((F_CPU) / 4e3) / 10);
			__ticks --;
    2c6a:	8d 81       	ldd	r24, Y+5	; 0x05
    2c6c:	9e 81       	ldd	r25, Y+6	; 0x06
    2c6e:	01 97       	sbiw	r24, 0x01	; 1
    2c70:	9e 83       	std	Y+6, r25	; 0x06
    2c72:	8d 83       	std	Y+5, r24	; 0x05
		__ticks = 1;
	else if (__tmp > 65535)
	{
		//	__ticks = requested delay in 1/10 ms
		__ticks = (uint16_t) (__ms * 10.0);
		while(__ticks)
    2c74:	8d 81       	ldd	r24, Y+5	; 0x05
    2c76:	9e 81       	ldd	r25, Y+6	; 0x06
    2c78:	00 97       	sbiw	r24, 0x00	; 0
    2c7a:	69 f7       	brne	.-38     	; 0x2c56 <HLCD_voidWriteCmd+0x49a>
    2c7c:	14 c0       	rjmp	.+40     	; 0x2ca6 <HLCD_voidWriteCmd+0x4ea>
			__ticks --;
		}
		return;
	}
	else
		__ticks = (uint16_t)__tmp;
    2c7e:	6f 81       	ldd	r22, Y+7	; 0x07
    2c80:	78 85       	ldd	r23, Y+8	; 0x08
    2c82:	89 85       	ldd	r24, Y+9	; 0x09
    2c84:	9a 85       	ldd	r25, Y+10	; 0x0a
    2c86:	0e 94 49 00 	call	0x92	; 0x92 <__fixunssfsi>
    2c8a:	dc 01       	movw	r26, r24
    2c8c:	cb 01       	movw	r24, r22
    2c8e:	9e 83       	std	Y+6, r25	; 0x06
    2c90:	8d 83       	std	Y+5, r24	; 0x05
    2c92:	8d 81       	ldd	r24, Y+5	; 0x05
    2c94:	9e 81       	ldd	r25, Y+6	; 0x06
    2c96:	9a 83       	std	Y+2, r25	; 0x02
    2c98:	89 83       	std	Y+1, r24	; 0x01
    2c9a:	89 81       	ldd	r24, Y+1	; 0x01
    2c9c:	9a 81       	ldd	r25, Y+2	; 0x02
    2c9e:	01 97       	sbiw	r24, 0x01	; 1
    2ca0:	f1 f7       	brne	.-4      	; 0x2c9e <HLCD_voidWriteCmd+0x4e2>
    2ca2:	9a 83       	std	Y+2, r25	; 0x02
    2ca4:	89 83       	std	Y+1, r24	; 0x01
	_delay_ms(1) ;
#endif
}
    2ca6:	e9 96       	adiw	r28, 0x39	; 57
    2ca8:	0f b6       	in	r0, 0x3f	; 63
    2caa:	f8 94       	cli
    2cac:	de bf       	out	0x3e, r29	; 62
    2cae:	0f be       	out	0x3f, r0	; 63
    2cb0:	cd bf       	out	0x3d, r28	; 61
    2cb2:	cf 91       	pop	r28
    2cb4:	df 91       	pop	r29
    2cb6:	08 95       	ret

00002cb8 <HLCD_voidDisplayStr>:
void HLCD_voidDisplayStr(u8* AP_u8Str)
{
    2cb8:	df 93       	push	r29
    2cba:	cf 93       	push	r28
    2cbc:	00 d0       	rcall	.+0      	; 0x2cbe <HLCD_voidDisplayStr+0x6>
    2cbe:	0f 92       	push	r0
    2cc0:	cd b7       	in	r28, 0x3d	; 61
    2cc2:	de b7       	in	r29, 0x3e	; 62
    2cc4:	9b 83       	std	Y+3, r25	; 0x03
    2cc6:	8a 83       	std	Y+2, r24	; 0x02
	u8 L_u8Iterator = 0 ;
    2cc8:	19 82       	std	Y+1, r1	; 0x01
    2cca:	0e c0       	rjmp	.+28     	; 0x2ce8 <HLCD_voidDisplayStr+0x30>
	while (AP_u8Str [L_u8Iterator] != '\0')
	{
		HLCD_voidWriteData(AP_u8Str [L_u8Iterator]) ;
    2ccc:	89 81       	ldd	r24, Y+1	; 0x01
    2cce:	28 2f       	mov	r18, r24
    2cd0:	30 e0       	ldi	r19, 0x00	; 0
    2cd2:	8a 81       	ldd	r24, Y+2	; 0x02
    2cd4:	9b 81       	ldd	r25, Y+3	; 0x03
    2cd6:	fc 01       	movw	r30, r24
    2cd8:	e2 0f       	add	r30, r18
    2cda:	f3 1f       	adc	r31, r19
    2cdc:	80 81       	ld	r24, Z
    2cde:	0e 94 60 11 	call	0x22c0	; 0x22c0 <HLCD_voidWriteData>
		L_u8Iterator ++ ;
    2ce2:	89 81       	ldd	r24, Y+1	; 0x01
    2ce4:	8f 5f       	subi	r24, 0xFF	; 255
    2ce6:	89 83       	std	Y+1, r24	; 0x01
#endif
}
void HLCD_voidDisplayStr(u8* AP_u8Str)
{
	u8 L_u8Iterator = 0 ;
	while (AP_u8Str [L_u8Iterator] != '\0')
    2ce8:	89 81       	ldd	r24, Y+1	; 0x01
    2cea:	28 2f       	mov	r18, r24
    2cec:	30 e0       	ldi	r19, 0x00	; 0
    2cee:	8a 81       	ldd	r24, Y+2	; 0x02
    2cf0:	9b 81       	ldd	r25, Y+3	; 0x03
    2cf2:	fc 01       	movw	r30, r24
    2cf4:	e2 0f       	add	r30, r18
    2cf6:	f3 1f       	adc	r31, r19
    2cf8:	80 81       	ld	r24, Z
    2cfa:	88 23       	and	r24, r24
    2cfc:	39 f7       	brne	.-50     	; 0x2ccc <HLCD_voidDisplayStr+0x14>
	{
		HLCD_voidWriteData(AP_u8Str [L_u8Iterator]) ;
		L_u8Iterator ++ ;
	}
}
    2cfe:	0f 90       	pop	r0
    2d00:	0f 90       	pop	r0
    2d02:	0f 90       	pop	r0
    2d04:	cf 91       	pop	r28
    2d06:	df 91       	pop	r29
    2d08:	08 95       	ret

00002d0a <HLCD_voidClrScreen>:
void HLCD_voidClrScreen (void)
{
    2d0a:	df 93       	push	r29
    2d0c:	cf 93       	push	r28
    2d0e:	cd b7       	in	r28, 0x3d	; 61
    2d10:	de b7       	in	r29, 0x3e	; 62
    2d12:	2e 97       	sbiw	r28, 0x0e	; 14
    2d14:	0f b6       	in	r0, 0x3f	; 63
    2d16:	f8 94       	cli
    2d18:	de bf       	out	0x3e, r29	; 62
    2d1a:	0f be       	out	0x3f, r0	; 63
    2d1c:	cd bf       	out	0x3d, r28	; 61
	HLCD_voidWriteCmd(0x01) ;
    2d1e:	81 e0       	ldi	r24, 0x01	; 1
    2d20:	0e 94 de 13 	call	0x27bc	; 0x27bc <HLCD_voidWriteCmd>
    2d24:	80 e0       	ldi	r24, 0x00	; 0
    2d26:	90 e0       	ldi	r25, 0x00	; 0
    2d28:	a0 e4       	ldi	r26, 0x40	; 64
    2d2a:	b0 e4       	ldi	r27, 0x40	; 64
    2d2c:	8b 87       	std	Y+11, r24	; 0x0b
    2d2e:	9c 87       	std	Y+12, r25	; 0x0c
    2d30:	ad 87       	std	Y+13, r26	; 0x0d
    2d32:	be 87       	std	Y+14, r27	; 0x0e
 */
void
_delay_ms(double __ms)
{
	uint16_t __ticks;
	double __tmp = ((F_CPU) / 4e3) * __ms;
    2d34:	6b 85       	ldd	r22, Y+11	; 0x0b
    2d36:	7c 85       	ldd	r23, Y+12	; 0x0c
    2d38:	8d 85       	ldd	r24, Y+13	; 0x0d
    2d3a:	9e 85       	ldd	r25, Y+14	; 0x0e
    2d3c:	20 e0       	ldi	r18, 0x00	; 0
    2d3e:	30 e0       	ldi	r19, 0x00	; 0
    2d40:	4a ef       	ldi	r20, 0xFA	; 250
    2d42:	54 e4       	ldi	r21, 0x44	; 68
    2d44:	0e 94 1f 02 	call	0x43e	; 0x43e <__mulsf3>
    2d48:	dc 01       	movw	r26, r24
    2d4a:	cb 01       	movw	r24, r22
    2d4c:	8f 83       	std	Y+7, r24	; 0x07
    2d4e:	98 87       	std	Y+8, r25	; 0x08
    2d50:	a9 87       	std	Y+9, r26	; 0x09
    2d52:	ba 87       	std	Y+10, r27	; 0x0a
	if (__tmp < 1.0)
    2d54:	6f 81       	ldd	r22, Y+7	; 0x07
    2d56:	78 85       	ldd	r23, Y+8	; 0x08
    2d58:	89 85       	ldd	r24, Y+9	; 0x09
    2d5a:	9a 85       	ldd	r25, Y+10	; 0x0a
    2d5c:	20 e0       	ldi	r18, 0x00	; 0
    2d5e:	30 e0       	ldi	r19, 0x00	; 0
    2d60:	40 e8       	ldi	r20, 0x80	; 128
    2d62:	5f e3       	ldi	r21, 0x3F	; 63
    2d64:	0e 94 79 03 	call	0x6f2	; 0x6f2 <__ltsf2>
    2d68:	88 23       	and	r24, r24
    2d6a:	2c f4       	brge	.+10     	; 0x2d76 <HLCD_voidClrScreen+0x6c>
		__ticks = 1;
    2d6c:	81 e0       	ldi	r24, 0x01	; 1
    2d6e:	90 e0       	ldi	r25, 0x00	; 0
    2d70:	9e 83       	std	Y+6, r25	; 0x06
    2d72:	8d 83       	std	Y+5, r24	; 0x05
    2d74:	3f c0       	rjmp	.+126    	; 0x2df4 <HLCD_voidClrScreen+0xea>
	else if (__tmp > 65535)
    2d76:	6f 81       	ldd	r22, Y+7	; 0x07
    2d78:	78 85       	ldd	r23, Y+8	; 0x08
    2d7a:	89 85       	ldd	r24, Y+9	; 0x09
    2d7c:	9a 85       	ldd	r25, Y+10	; 0x0a
    2d7e:	20 e0       	ldi	r18, 0x00	; 0
    2d80:	3f ef       	ldi	r19, 0xFF	; 255
    2d82:	4f e7       	ldi	r20, 0x7F	; 127
    2d84:	57 e4       	ldi	r21, 0x47	; 71
    2d86:	0e 94 19 03 	call	0x632	; 0x632 <__gtsf2>
    2d8a:	18 16       	cp	r1, r24
    2d8c:	4c f5       	brge	.+82     	; 0x2de0 <HLCD_voidClrScreen+0xd6>
	{
		//	__ticks = requested delay in 1/10 ms
		__ticks = (uint16_t) (__ms * 10.0);
    2d8e:	6b 85       	ldd	r22, Y+11	; 0x0b
    2d90:	7c 85       	ldd	r23, Y+12	; 0x0c
    2d92:	8d 85       	ldd	r24, Y+13	; 0x0d
    2d94:	9e 85       	ldd	r25, Y+14	; 0x0e
    2d96:	20 e0       	ldi	r18, 0x00	; 0
    2d98:	30 e0       	ldi	r19, 0x00	; 0
    2d9a:	40 e2       	ldi	r20, 0x20	; 32
    2d9c:	51 e4       	ldi	r21, 0x41	; 65
    2d9e:	0e 94 1f 02 	call	0x43e	; 0x43e <__mulsf3>
    2da2:	dc 01       	movw	r26, r24
    2da4:	cb 01       	movw	r24, r22
    2da6:	bc 01       	movw	r22, r24
    2da8:	cd 01       	movw	r24, r26
    2daa:	0e 94 49 00 	call	0x92	; 0x92 <__fixunssfsi>
    2dae:	dc 01       	movw	r26, r24
    2db0:	cb 01       	movw	r24, r22
    2db2:	9e 83       	std	Y+6, r25	; 0x06
    2db4:	8d 83       	std	Y+5, r24	; 0x05
    2db6:	0f c0       	rjmp	.+30     	; 0x2dd6 <HLCD_voidClrScreen+0xcc>
    2db8:	88 ec       	ldi	r24, 0xC8	; 200
    2dba:	90 e0       	ldi	r25, 0x00	; 0
    2dbc:	9c 83       	std	Y+4, r25	; 0x04
    2dbe:	8b 83       	std	Y+3, r24	; 0x03
    2dc0:	8b 81       	ldd	r24, Y+3	; 0x03
    2dc2:	9c 81       	ldd	r25, Y+4	; 0x04
    2dc4:	01 97       	sbiw	r24, 0x01	; 1
    2dc6:	f1 f7       	brne	.-4      	; 0x2dc4 <HLCD_voidClrScreen+0xba>
    2dc8:	9c 83       	std	Y+4, r25	; 0x04
    2dca:	8b 83       	std	Y+3, r24	; 0x03
		while(__ticks)
		{
			// wait 1/10 ms
			_delay_loop_2(((F_CPU) / 4e3) / 10);
			__ticks --;
    2dcc:	8d 81       	ldd	r24, Y+5	; 0x05
    2dce:	9e 81       	ldd	r25, Y+6	; 0x06
    2dd0:	01 97       	sbiw	r24, 0x01	; 1
    2dd2:	9e 83       	std	Y+6, r25	; 0x06
    2dd4:	8d 83       	std	Y+5, r24	; 0x05
		__ticks = 1;
	else if (__tmp > 65535)
	{
		//	__ticks = requested delay in 1/10 ms
		__ticks = (uint16_t) (__ms * 10.0);
		while(__ticks)
    2dd6:	8d 81       	ldd	r24, Y+5	; 0x05
    2dd8:	9e 81       	ldd	r25, Y+6	; 0x06
    2dda:	00 97       	sbiw	r24, 0x00	; 0
    2ddc:	69 f7       	brne	.-38     	; 0x2db8 <HLCD_voidClrScreen+0xae>
    2dde:	14 c0       	rjmp	.+40     	; 0x2e08 <HLCD_voidClrScreen+0xfe>
			__ticks --;
		}
		return;
	}
	else
		__ticks = (uint16_t)__tmp;
    2de0:	6f 81       	ldd	r22, Y+7	; 0x07
    2de2:	78 85       	ldd	r23, Y+8	; 0x08
    2de4:	89 85       	ldd	r24, Y+9	; 0x09
    2de6:	9a 85       	ldd	r25, Y+10	; 0x0a
    2de8:	0e 94 49 00 	call	0x92	; 0x92 <__fixunssfsi>
    2dec:	dc 01       	movw	r26, r24
    2dee:	cb 01       	movw	r24, r22
    2df0:	9e 83       	std	Y+6, r25	; 0x06
    2df2:	8d 83       	std	Y+5, r24	; 0x05
    2df4:	8d 81       	ldd	r24, Y+5	; 0x05
    2df6:	9e 81       	ldd	r25, Y+6	; 0x06
    2df8:	9a 83       	std	Y+2, r25	; 0x02
    2dfa:	89 83       	std	Y+1, r24	; 0x01
    2dfc:	89 81       	ldd	r24, Y+1	; 0x01
    2dfe:	9a 81       	ldd	r25, Y+2	; 0x02
    2e00:	01 97       	sbiw	r24, 0x01	; 1
    2e02:	f1 f7       	brne	.-4      	; 0x2e00 <HLCD_voidClrScreen+0xf6>
    2e04:	9a 83       	std	Y+2, r25	; 0x02
    2e06:	89 83       	std	Y+1, r24	; 0x01
	_delay_ms(3) ;
}
    2e08:	2e 96       	adiw	r28, 0x0e	; 14
    2e0a:	0f b6       	in	r0, 0x3f	; 63
    2e0c:	f8 94       	cli
    2e0e:	de bf       	out	0x3e, r29	; 62
    2e10:	0f be       	out	0x3f, r0	; 63
    2e12:	cd bf       	out	0x3d, r28	; 61
    2e14:	cf 91       	pop	r28
    2e16:	df 91       	pop	r29
    2e18:	08 95       	ret

00002e1a <HLCD_voidShiftLeft>:
void HLCD_voidShiftLeft (void)
{
    2e1a:	df 93       	push	r29
    2e1c:	cf 93       	push	r28
    2e1e:	cd b7       	in	r28, 0x3d	; 61
    2e20:	de b7       	in	r29, 0x3e	; 62
    2e22:	2e 97       	sbiw	r28, 0x0e	; 14
    2e24:	0f b6       	in	r0, 0x3f	; 63
    2e26:	f8 94       	cli
    2e28:	de bf       	out	0x3e, r29	; 62
    2e2a:	0f be       	out	0x3f, r0	; 63
    2e2c:	cd bf       	out	0x3d, r28	; 61
	HLCD_voidWriteCmd(0x18) ;
    2e2e:	88 e1       	ldi	r24, 0x18	; 24
    2e30:	0e 94 de 13 	call	0x27bc	; 0x27bc <HLCD_voidWriteCmd>
    2e34:	80 e0       	ldi	r24, 0x00	; 0
    2e36:	90 e0       	ldi	r25, 0x00	; 0
    2e38:	a0 e8       	ldi	r26, 0x80	; 128
    2e3a:	bf e3       	ldi	r27, 0x3F	; 63
    2e3c:	8b 87       	std	Y+11, r24	; 0x0b
    2e3e:	9c 87       	std	Y+12, r25	; 0x0c
    2e40:	ad 87       	std	Y+13, r26	; 0x0d
    2e42:	be 87       	std	Y+14, r27	; 0x0e
 */
void
_delay_ms(double __ms)
{
	uint16_t __ticks;
	double __tmp = ((F_CPU) / 4e3) * __ms;
    2e44:	6b 85       	ldd	r22, Y+11	; 0x0b
    2e46:	7c 85       	ldd	r23, Y+12	; 0x0c
    2e48:	8d 85       	ldd	r24, Y+13	; 0x0d
    2e4a:	9e 85       	ldd	r25, Y+14	; 0x0e
    2e4c:	20 e0       	ldi	r18, 0x00	; 0
    2e4e:	30 e0       	ldi	r19, 0x00	; 0
    2e50:	4a ef       	ldi	r20, 0xFA	; 250
    2e52:	54 e4       	ldi	r21, 0x44	; 68
    2e54:	0e 94 1f 02 	call	0x43e	; 0x43e <__mulsf3>
    2e58:	dc 01       	movw	r26, r24
    2e5a:	cb 01       	movw	r24, r22
    2e5c:	8f 83       	std	Y+7, r24	; 0x07
    2e5e:	98 87       	std	Y+8, r25	; 0x08
    2e60:	a9 87       	std	Y+9, r26	; 0x09
    2e62:	ba 87       	std	Y+10, r27	; 0x0a
	if (__tmp < 1.0)
    2e64:	6f 81       	ldd	r22, Y+7	; 0x07
    2e66:	78 85       	ldd	r23, Y+8	; 0x08
    2e68:	89 85       	ldd	r24, Y+9	; 0x09
    2e6a:	9a 85       	ldd	r25, Y+10	; 0x0a
    2e6c:	20 e0       	ldi	r18, 0x00	; 0
    2e6e:	30 e0       	ldi	r19, 0x00	; 0
    2e70:	40 e8       	ldi	r20, 0x80	; 128
    2e72:	5f e3       	ldi	r21, 0x3F	; 63
    2e74:	0e 94 79 03 	call	0x6f2	; 0x6f2 <__ltsf2>
    2e78:	88 23       	and	r24, r24
    2e7a:	2c f4       	brge	.+10     	; 0x2e86 <HLCD_voidShiftLeft+0x6c>
		__ticks = 1;
    2e7c:	81 e0       	ldi	r24, 0x01	; 1
    2e7e:	90 e0       	ldi	r25, 0x00	; 0
    2e80:	9e 83       	std	Y+6, r25	; 0x06
    2e82:	8d 83       	std	Y+5, r24	; 0x05
    2e84:	3f c0       	rjmp	.+126    	; 0x2f04 <HLCD_voidShiftLeft+0xea>
	else if (__tmp > 65535)
    2e86:	6f 81       	ldd	r22, Y+7	; 0x07
    2e88:	78 85       	ldd	r23, Y+8	; 0x08
    2e8a:	89 85       	ldd	r24, Y+9	; 0x09
    2e8c:	9a 85       	ldd	r25, Y+10	; 0x0a
    2e8e:	20 e0       	ldi	r18, 0x00	; 0
    2e90:	3f ef       	ldi	r19, 0xFF	; 255
    2e92:	4f e7       	ldi	r20, 0x7F	; 127
    2e94:	57 e4       	ldi	r21, 0x47	; 71
    2e96:	0e 94 19 03 	call	0x632	; 0x632 <__gtsf2>
    2e9a:	18 16       	cp	r1, r24
    2e9c:	4c f5       	brge	.+82     	; 0x2ef0 <HLCD_voidShiftLeft+0xd6>
	{
		//	__ticks = requested delay in 1/10 ms
		__ticks = (uint16_t) (__ms * 10.0);
    2e9e:	6b 85       	ldd	r22, Y+11	; 0x0b
    2ea0:	7c 85       	ldd	r23, Y+12	; 0x0c
    2ea2:	8d 85       	ldd	r24, Y+13	; 0x0d
    2ea4:	9e 85       	ldd	r25, Y+14	; 0x0e
    2ea6:	20 e0       	ldi	r18, 0x00	; 0
    2ea8:	30 e0       	ldi	r19, 0x00	; 0
    2eaa:	40 e2       	ldi	r20, 0x20	; 32
    2eac:	51 e4       	ldi	r21, 0x41	; 65
    2eae:	0e 94 1f 02 	call	0x43e	; 0x43e <__mulsf3>
    2eb2:	dc 01       	movw	r26, r24
    2eb4:	cb 01       	movw	r24, r22
    2eb6:	bc 01       	movw	r22, r24
    2eb8:	cd 01       	movw	r24, r26
    2eba:	0e 94 49 00 	call	0x92	; 0x92 <__fixunssfsi>
    2ebe:	dc 01       	movw	r26, r24
    2ec0:	cb 01       	movw	r24, r22
    2ec2:	9e 83       	std	Y+6, r25	; 0x06
    2ec4:	8d 83       	std	Y+5, r24	; 0x05
    2ec6:	0f c0       	rjmp	.+30     	; 0x2ee6 <HLCD_voidShiftLeft+0xcc>
    2ec8:	88 ec       	ldi	r24, 0xC8	; 200
    2eca:	90 e0       	ldi	r25, 0x00	; 0
    2ecc:	9c 83       	std	Y+4, r25	; 0x04
    2ece:	8b 83       	std	Y+3, r24	; 0x03
    2ed0:	8b 81       	ldd	r24, Y+3	; 0x03
    2ed2:	9c 81       	ldd	r25, Y+4	; 0x04
    2ed4:	01 97       	sbiw	r24, 0x01	; 1
    2ed6:	f1 f7       	brne	.-4      	; 0x2ed4 <HLCD_voidShiftLeft+0xba>
    2ed8:	9c 83       	std	Y+4, r25	; 0x04
    2eda:	8b 83       	std	Y+3, r24	; 0x03
		while(__ticks)
		{
			// wait 1/10 ms
			_delay_loop_2(((F_CPU) / 4e3) / 10);
			__ticks --;
    2edc:	8d 81       	ldd	r24, Y+5	; 0x05
    2ede:	9e 81       	ldd	r25, Y+6	; 0x06
    2ee0:	01 97       	sbiw	r24, 0x01	; 1
    2ee2:	9e 83       	std	Y+6, r25	; 0x06
    2ee4:	8d 83       	std	Y+5, r24	; 0x05
		__ticks = 1;
	else if (__tmp > 65535)
	{
		//	__ticks = requested delay in 1/10 ms
		__ticks = (uint16_t) (__ms * 10.0);
		while(__ticks)
    2ee6:	8d 81       	ldd	r24, Y+5	; 0x05
    2ee8:	9e 81       	ldd	r25, Y+6	; 0x06
    2eea:	00 97       	sbiw	r24, 0x00	; 0
    2eec:	69 f7       	brne	.-38     	; 0x2ec8 <HLCD_voidShiftLeft+0xae>
    2eee:	14 c0       	rjmp	.+40     	; 0x2f18 <HLCD_voidShiftLeft+0xfe>
			__ticks --;
		}
		return;
	}
	else
		__ticks = (uint16_t)__tmp;
    2ef0:	6f 81       	ldd	r22, Y+7	; 0x07
    2ef2:	78 85       	ldd	r23, Y+8	; 0x08
    2ef4:	89 85       	ldd	r24, Y+9	; 0x09
    2ef6:	9a 85       	ldd	r25, Y+10	; 0x0a
    2ef8:	0e 94 49 00 	call	0x92	; 0x92 <__fixunssfsi>
    2efc:	dc 01       	movw	r26, r24
    2efe:	cb 01       	movw	r24, r22
    2f00:	9e 83       	std	Y+6, r25	; 0x06
    2f02:	8d 83       	std	Y+5, r24	; 0x05
    2f04:	8d 81       	ldd	r24, Y+5	; 0x05
    2f06:	9e 81       	ldd	r25, Y+6	; 0x06
    2f08:	9a 83       	std	Y+2, r25	; 0x02
    2f0a:	89 83       	std	Y+1, r24	; 0x01
    2f0c:	89 81       	ldd	r24, Y+1	; 0x01
    2f0e:	9a 81       	ldd	r25, Y+2	; 0x02
    2f10:	01 97       	sbiw	r24, 0x01	; 1
    2f12:	f1 f7       	brne	.-4      	; 0x2f10 <HLCD_voidShiftLeft+0xf6>
    2f14:	9a 83       	std	Y+2, r25	; 0x02
    2f16:	89 83       	std	Y+1, r24	; 0x01
		_delay_ms(1) ;
}
    2f18:	2e 96       	adiw	r28, 0x0e	; 14
    2f1a:	0f b6       	in	r0, 0x3f	; 63
    2f1c:	f8 94       	cli
    2f1e:	de bf       	out	0x3e, r29	; 62
    2f20:	0f be       	out	0x3f, r0	; 63
    2f22:	cd bf       	out	0x3d, r28	; 61
    2f24:	cf 91       	pop	r28
    2f26:	df 91       	pop	r29
    2f28:	08 95       	ret

00002f2a <HLCD_voidShiftRight>:
void HLCD_voidShiftRight(void)
{
    2f2a:	df 93       	push	r29
    2f2c:	cf 93       	push	r28
    2f2e:	cd b7       	in	r28, 0x3d	; 61
    2f30:	de b7       	in	r29, 0x3e	; 62
    2f32:	2e 97       	sbiw	r28, 0x0e	; 14
    2f34:	0f b6       	in	r0, 0x3f	; 63
    2f36:	f8 94       	cli
    2f38:	de bf       	out	0x3e, r29	; 62
    2f3a:	0f be       	out	0x3f, r0	; 63
    2f3c:	cd bf       	out	0x3d, r28	; 61
	HLCD_voidWriteCmd(0x1C) ;
    2f3e:	8c e1       	ldi	r24, 0x1C	; 28
    2f40:	0e 94 de 13 	call	0x27bc	; 0x27bc <HLCD_voidWriteCmd>
    2f44:	80 e0       	ldi	r24, 0x00	; 0
    2f46:	90 e0       	ldi	r25, 0x00	; 0
    2f48:	a0 e8       	ldi	r26, 0x80	; 128
    2f4a:	bf e3       	ldi	r27, 0x3F	; 63
    2f4c:	8b 87       	std	Y+11, r24	; 0x0b
    2f4e:	9c 87       	std	Y+12, r25	; 0x0c
    2f50:	ad 87       	std	Y+13, r26	; 0x0d
    2f52:	be 87       	std	Y+14, r27	; 0x0e
 */
void
_delay_ms(double __ms)
{
	uint16_t __ticks;
	double __tmp = ((F_CPU) / 4e3) * __ms;
    2f54:	6b 85       	ldd	r22, Y+11	; 0x0b
    2f56:	7c 85       	ldd	r23, Y+12	; 0x0c
    2f58:	8d 85       	ldd	r24, Y+13	; 0x0d
    2f5a:	9e 85       	ldd	r25, Y+14	; 0x0e
    2f5c:	20 e0       	ldi	r18, 0x00	; 0
    2f5e:	30 e0       	ldi	r19, 0x00	; 0
    2f60:	4a ef       	ldi	r20, 0xFA	; 250
    2f62:	54 e4       	ldi	r21, 0x44	; 68
    2f64:	0e 94 1f 02 	call	0x43e	; 0x43e <__mulsf3>
    2f68:	dc 01       	movw	r26, r24
    2f6a:	cb 01       	movw	r24, r22
    2f6c:	8f 83       	std	Y+7, r24	; 0x07
    2f6e:	98 87       	std	Y+8, r25	; 0x08
    2f70:	a9 87       	std	Y+9, r26	; 0x09
    2f72:	ba 87       	std	Y+10, r27	; 0x0a
	if (__tmp < 1.0)
    2f74:	6f 81       	ldd	r22, Y+7	; 0x07
    2f76:	78 85       	ldd	r23, Y+8	; 0x08
    2f78:	89 85       	ldd	r24, Y+9	; 0x09
    2f7a:	9a 85       	ldd	r25, Y+10	; 0x0a
    2f7c:	20 e0       	ldi	r18, 0x00	; 0
    2f7e:	30 e0       	ldi	r19, 0x00	; 0
    2f80:	40 e8       	ldi	r20, 0x80	; 128
    2f82:	5f e3       	ldi	r21, 0x3F	; 63
    2f84:	0e 94 79 03 	call	0x6f2	; 0x6f2 <__ltsf2>
    2f88:	88 23       	and	r24, r24
    2f8a:	2c f4       	brge	.+10     	; 0x2f96 <HLCD_voidShiftRight+0x6c>
		__ticks = 1;
    2f8c:	81 e0       	ldi	r24, 0x01	; 1
    2f8e:	90 e0       	ldi	r25, 0x00	; 0
    2f90:	9e 83       	std	Y+6, r25	; 0x06
    2f92:	8d 83       	std	Y+5, r24	; 0x05
    2f94:	3f c0       	rjmp	.+126    	; 0x3014 <HLCD_voidShiftRight+0xea>
	else if (__tmp > 65535)
    2f96:	6f 81       	ldd	r22, Y+7	; 0x07
    2f98:	78 85       	ldd	r23, Y+8	; 0x08
    2f9a:	89 85       	ldd	r24, Y+9	; 0x09
    2f9c:	9a 85       	ldd	r25, Y+10	; 0x0a
    2f9e:	20 e0       	ldi	r18, 0x00	; 0
    2fa0:	3f ef       	ldi	r19, 0xFF	; 255
    2fa2:	4f e7       	ldi	r20, 0x7F	; 127
    2fa4:	57 e4       	ldi	r21, 0x47	; 71
    2fa6:	0e 94 19 03 	call	0x632	; 0x632 <__gtsf2>
    2faa:	18 16       	cp	r1, r24
    2fac:	4c f5       	brge	.+82     	; 0x3000 <HLCD_voidShiftRight+0xd6>
	{
		//	__ticks = requested delay in 1/10 ms
		__ticks = (uint16_t) (__ms * 10.0);
    2fae:	6b 85       	ldd	r22, Y+11	; 0x0b
    2fb0:	7c 85       	ldd	r23, Y+12	; 0x0c
    2fb2:	8d 85       	ldd	r24, Y+13	; 0x0d
    2fb4:	9e 85       	ldd	r25, Y+14	; 0x0e
    2fb6:	20 e0       	ldi	r18, 0x00	; 0
    2fb8:	30 e0       	ldi	r19, 0x00	; 0
    2fba:	40 e2       	ldi	r20, 0x20	; 32
    2fbc:	51 e4       	ldi	r21, 0x41	; 65
    2fbe:	0e 94 1f 02 	call	0x43e	; 0x43e <__mulsf3>
    2fc2:	dc 01       	movw	r26, r24
    2fc4:	cb 01       	movw	r24, r22
    2fc6:	bc 01       	movw	r22, r24
    2fc8:	cd 01       	movw	r24, r26
    2fca:	0e 94 49 00 	call	0x92	; 0x92 <__fixunssfsi>
    2fce:	dc 01       	movw	r26, r24
    2fd0:	cb 01       	movw	r24, r22
    2fd2:	9e 83       	std	Y+6, r25	; 0x06
    2fd4:	8d 83       	std	Y+5, r24	; 0x05
    2fd6:	0f c0       	rjmp	.+30     	; 0x2ff6 <HLCD_voidShiftRight+0xcc>
    2fd8:	88 ec       	ldi	r24, 0xC8	; 200
    2fda:	90 e0       	ldi	r25, 0x00	; 0
    2fdc:	9c 83       	std	Y+4, r25	; 0x04
    2fde:	8b 83       	std	Y+3, r24	; 0x03
    2fe0:	8b 81       	ldd	r24, Y+3	; 0x03
    2fe2:	9c 81       	ldd	r25, Y+4	; 0x04
    2fe4:	01 97       	sbiw	r24, 0x01	; 1
    2fe6:	f1 f7       	brne	.-4      	; 0x2fe4 <HLCD_voidShiftRight+0xba>
    2fe8:	9c 83       	std	Y+4, r25	; 0x04
    2fea:	8b 83       	std	Y+3, r24	; 0x03
		while(__ticks)
		{
			// wait 1/10 ms
			_delay_loop_2(((F_CPU) / 4e3) / 10);
			__ticks --;
    2fec:	8d 81       	ldd	r24, Y+5	; 0x05
    2fee:	9e 81       	ldd	r25, Y+6	; 0x06
    2ff0:	01 97       	sbiw	r24, 0x01	; 1
    2ff2:	9e 83       	std	Y+6, r25	; 0x06
    2ff4:	8d 83       	std	Y+5, r24	; 0x05
		__ticks = 1;
	else if (__tmp > 65535)
	{
		//	__ticks = requested delay in 1/10 ms
		__ticks = (uint16_t) (__ms * 10.0);
		while(__ticks)
    2ff6:	8d 81       	ldd	r24, Y+5	; 0x05
    2ff8:	9e 81       	ldd	r25, Y+6	; 0x06
    2ffa:	00 97       	sbiw	r24, 0x00	; 0
    2ffc:	69 f7       	brne	.-38     	; 0x2fd8 <HLCD_voidShiftRight+0xae>
    2ffe:	14 c0       	rjmp	.+40     	; 0x3028 <HLCD_voidShiftRight+0xfe>
			__ticks --;
		}
		return;
	}
	else
		__ticks = (uint16_t)__tmp;
    3000:	6f 81       	ldd	r22, Y+7	; 0x07
    3002:	78 85       	ldd	r23, Y+8	; 0x08
    3004:	89 85       	ldd	r24, Y+9	; 0x09
    3006:	9a 85       	ldd	r25, Y+10	; 0x0a
    3008:	0e 94 49 00 	call	0x92	; 0x92 <__fixunssfsi>
    300c:	dc 01       	movw	r26, r24
    300e:	cb 01       	movw	r24, r22
    3010:	9e 83       	std	Y+6, r25	; 0x06
    3012:	8d 83       	std	Y+5, r24	; 0x05
    3014:	8d 81       	ldd	r24, Y+5	; 0x05
    3016:	9e 81       	ldd	r25, Y+6	; 0x06
    3018:	9a 83       	std	Y+2, r25	; 0x02
    301a:	89 83       	std	Y+1, r24	; 0x01
    301c:	89 81       	ldd	r24, Y+1	; 0x01
    301e:	9a 81       	ldd	r25, Y+2	; 0x02
    3020:	01 97       	sbiw	r24, 0x01	; 1
    3022:	f1 f7       	brne	.-4      	; 0x3020 <HLCD_voidShiftRight+0xf6>
    3024:	9a 83       	std	Y+2, r25	; 0x02
    3026:	89 83       	std	Y+1, r24	; 0x01
	_delay_ms(1) ;
}
    3028:	2e 96       	adiw	r28, 0x0e	; 14
    302a:	0f b6       	in	r0, 0x3f	; 63
    302c:	f8 94       	cli
    302e:	de bf       	out	0x3e, r29	; 62
    3030:	0f be       	out	0x3f, r0	; 63
    3032:	cd bf       	out	0x3d, r28	; 61
    3034:	cf 91       	pop	r28
    3036:	df 91       	pop	r29
    3038:	08 95       	ret

0000303a <HLCD_voidMoveCursor>:
void HLCD_voidMoveCursor(u8 A_u8Row , u8 A_u8Col)
{
    303a:	df 93       	push	r29
    303c:	cf 93       	push	r28
    303e:	00 d0       	rcall	.+0      	; 0x3040 <HLCD_voidMoveCursor+0x6>
    3040:	0f 92       	push	r0
    3042:	cd b7       	in	r28, 0x3d	; 61
    3044:	de b7       	in	r29, 0x3e	; 62
    3046:	8a 83       	std	Y+2, r24	; 0x02
    3048:	6b 83       	std	Y+3, r22	; 0x03
	u8 L_u8DDRAMAddress ;
	if (A_u8Row == LCD_ROW0)
    304a:	8a 81       	ldd	r24, Y+2	; 0x02
    304c:	88 23       	and	r24, r24
    304e:	19 f4       	brne	.+6      	; 0x3056 <HLCD_voidMoveCursor+0x1c>
	{
		L_u8DDRAMAddress = A_u8Col ;
    3050:	8b 81       	ldd	r24, Y+3	; 0x03
    3052:	89 83       	std	Y+1, r24	; 0x01
    3054:	06 c0       	rjmp	.+12     	; 0x3062 <HLCD_voidMoveCursor+0x28>
	}
	else if (A_u8Row == LCD_ROW1)
    3056:	8a 81       	ldd	r24, Y+2	; 0x02
    3058:	81 30       	cpi	r24, 0x01	; 1
    305a:	19 f4       	brne	.+6      	; 0x3062 <HLCD_voidMoveCursor+0x28>
	{
		L_u8DDRAMAddress = A_u8Col + 0x40;
    305c:	8b 81       	ldd	r24, Y+3	; 0x03
    305e:	80 5c       	subi	r24, 0xC0	; 192
    3060:	89 83       	std	Y+1, r24	; 0x01
	}
	HLCD_voidWriteCmd(L_u8DDRAMAddress + 0x80) ;
    3062:	89 81       	ldd	r24, Y+1	; 0x01
    3064:	80 58       	subi	r24, 0x80	; 128
    3066:	0e 94 de 13 	call	0x27bc	; 0x27bc <HLCD_voidWriteCmd>
}
    306a:	0f 90       	pop	r0
    306c:	0f 90       	pop	r0
    306e:	0f 90       	pop	r0
    3070:	cf 91       	pop	r28
    3072:	df 91       	pop	r29
    3074:	08 95       	ret

00003076 <HLCD_voidDisplayCustomChar>:
void HLCD_voidDisplayCustomChar (u8 AR_u8Pattern [] , u8 A_u8BlockNumber , u8 A_u8Row , u8 A_u8Col)
{
    3076:	df 93       	push	r29
    3078:	cf 93       	push	r28
    307a:	cd b7       	in	r28, 0x3d	; 61
    307c:	de b7       	in	r29, 0x3e	; 62
    307e:	27 97       	sbiw	r28, 0x07	; 7
    3080:	0f b6       	in	r0, 0x3f	; 63
    3082:	f8 94       	cli
    3084:	de bf       	out	0x3e, r29	; 62
    3086:	0f be       	out	0x3f, r0	; 63
    3088:	cd bf       	out	0x3d, r28	; 61
    308a:	9c 83       	std	Y+4, r25	; 0x04
    308c:	8b 83       	std	Y+3, r24	; 0x03
    308e:	6d 83       	std	Y+5, r22	; 0x05
    3090:	4e 83       	std	Y+6, r20	; 0x06
    3092:	2f 83       	std	Y+7, r18	; 0x07
	u8 L_u8Iterator ;
	u8 L_u8CGRAMAddress = 0x40 + A_u8BlockNumber*8 ;
    3094:	8d 81       	ldd	r24, Y+5	; 0x05
    3096:	88 2f       	mov	r24, r24
    3098:	90 e0       	ldi	r25, 0x00	; 0
    309a:	08 96       	adiw	r24, 0x08	; 8
    309c:	88 0f       	add	r24, r24
    309e:	99 1f       	adc	r25, r25
    30a0:	88 0f       	add	r24, r24
    30a2:	99 1f       	adc	r25, r25
    30a4:	88 0f       	add	r24, r24
    30a6:	99 1f       	adc	r25, r25
    30a8:	89 83       	std	Y+1, r24	; 0x01
	HLCD_voidWriteCmd(L_u8CGRAMAddress) ;
    30aa:	89 81       	ldd	r24, Y+1	; 0x01
    30ac:	0e 94 de 13 	call	0x27bc	; 0x27bc <HLCD_voidWriteCmd>
	for (L_u8Iterator = 0 ; L_u8Iterator < 8 ; L_u8Iterator++)
    30b0:	1a 82       	std	Y+2, r1	; 0x02
    30b2:	0e c0       	rjmp	.+28     	; 0x30d0 <HLCD_voidDisplayCustomChar+0x5a>
	{
		HLCD_voidWriteData(AR_u8Pattern [L_u8Iterator]) ;
    30b4:	8a 81       	ldd	r24, Y+2	; 0x02
    30b6:	28 2f       	mov	r18, r24
    30b8:	30 e0       	ldi	r19, 0x00	; 0
    30ba:	8b 81       	ldd	r24, Y+3	; 0x03
    30bc:	9c 81       	ldd	r25, Y+4	; 0x04
    30be:	fc 01       	movw	r30, r24
    30c0:	e2 0f       	add	r30, r18
    30c2:	f3 1f       	adc	r31, r19
    30c4:	80 81       	ld	r24, Z
    30c6:	0e 94 60 11 	call	0x22c0	; 0x22c0 <HLCD_voidWriteData>
void HLCD_voidDisplayCustomChar (u8 AR_u8Pattern [] , u8 A_u8BlockNumber , u8 A_u8Row , u8 A_u8Col)
{
	u8 L_u8Iterator ;
	u8 L_u8CGRAMAddress = 0x40 + A_u8BlockNumber*8 ;
	HLCD_voidWriteCmd(L_u8CGRAMAddress) ;
	for (L_u8Iterator = 0 ; L_u8Iterator < 8 ; L_u8Iterator++)
    30ca:	8a 81       	ldd	r24, Y+2	; 0x02
    30cc:	8f 5f       	subi	r24, 0xFF	; 255
    30ce:	8a 83       	std	Y+2, r24	; 0x02
    30d0:	8a 81       	ldd	r24, Y+2	; 0x02
    30d2:	88 30       	cpi	r24, 0x08	; 8
    30d4:	78 f3       	brcs	.-34     	; 0x30b4 <HLCD_voidDisplayCustomChar+0x3e>
	{
		HLCD_voidWriteData(AR_u8Pattern [L_u8Iterator]) ;
	}
	HLCD_voidMoveCursor(A_u8Row, A_u8Col) ;
    30d6:	8e 81       	ldd	r24, Y+6	; 0x06
    30d8:	6f 81       	ldd	r22, Y+7	; 0x07
    30da:	0e 94 1d 18 	call	0x303a	; 0x303a <HLCD_voidMoveCursor>
	HLCD_voidWriteData(A_u8BlockNumber) ;
    30de:	8d 81       	ldd	r24, Y+5	; 0x05
    30e0:	0e 94 60 11 	call	0x22c0	; 0x22c0 <HLCD_voidWriteData>
}
    30e4:	27 96       	adiw	r28, 0x07	; 7
    30e6:	0f b6       	in	r0, 0x3f	; 63
    30e8:	f8 94       	cli
    30ea:	de bf       	out	0x3e, r29	; 62
    30ec:	0f be       	out	0x3f, r0	; 63
    30ee:	cd bf       	out	0x3d, r28	; 61
    30f0:	cf 91       	pop	r28
    30f2:	df 91       	pop	r29
    30f4:	08 95       	ret

000030f6 <HKP_voidInit>:
		{'7', '8', '9'},
		{'*', '0', '#'}
};

void HKP_voidInit          (u8 A_u8PortName)
{
    30f6:	df 93       	push	r29
    30f8:	cf 93       	push	r28
    30fa:	0f 92       	push	r0
    30fc:	cd b7       	in	r28, 0x3d	; 61
    30fe:	de b7       	in	r29, 0x3e	; 62
    3100:	89 83       	std	Y+1, r24	; 0x01
	MDIO_voidInitPort(A_u8PortName, 0xF0) ;
    3102:	89 81       	ldd	r24, Y+1	; 0x01
    3104:	60 ef       	ldi	r22, 0xF0	; 240
    3106:	0e 94 fe 08 	call	0x11fc	; 0x11fc <MDIO_voidInitPort>
	MDIO_voidSetPortValue(A_u8PortName, 0xFF) ;
    310a:	89 81       	ldd	r24, Y+1	; 0x01
    310c:	6f ef       	ldi	r22, 0xFF	; 255
    310e:	0e 94 3f 09 	call	0x127e	; 0x127e <MDIO_voidSetPortValue>
}
    3112:	0f 90       	pop	r0
    3114:	cf 91       	pop	r28
    3116:	df 91       	pop	r29
    3118:	08 95       	ret

0000311a <HKP_u8GetPressedValue>:

u8   HKP_u8GetPressedValue (u8 A_u8PortName)
{
    311a:	df 93       	push	r29
    311c:	cf 93       	push	r28
    311e:	cd b7       	in	r28, 0x3d	; 61
    3120:	de b7       	in	r29, 0x3e	; 62
    3122:	a0 97       	sbiw	r28, 0x20	; 32
    3124:	0f b6       	in	r0, 0x3f	; 63
    3126:	f8 94       	cli
    3128:	de bf       	out	0x3e, r29	; 62
    312a:	0f be       	out	0x3f, r0	; 63
    312c:	cd bf       	out	0x3d, r28	; 61
    312e:	8f 8f       	std	Y+31, r24	; 0x1f
	u8 L_u8Row ;
	u8 L_u8Col ;

	for (L_u8Col = 0; L_u8Col < 3; L_u8Col++) {
    3130:	1d 8e       	std	Y+29, r1	; 0x1d
    3132:	2f c1       	rjmp	.+606    	; 0x3392 <HKP_u8GetPressedValue+0x278>
	        MDIO_voidSetPinValue(A_u8PortName, L_u8Col + 4, DIO_LOW);
    3134:	8d 8d       	ldd	r24, Y+29	; 0x1d
    3136:	98 2f       	mov	r25, r24
    3138:	9c 5f       	subi	r25, 0xFC	; 252
    313a:	8f 8d       	ldd	r24, Y+31	; 0x1f
    313c:	69 2f       	mov	r22, r25
    313e:	40 e0       	ldi	r20, 0x00	; 0
    3140:	0e 94 e4 06 	call	0xdc8	; 0xdc8 <MDIO_voidSetPinValue>

	        for (L_u8Row = 0; L_u8Row < 4; L_u8Row++) {
    3144:	1e 8e       	std	Y+30, r1	; 0x1e
    3146:	16 c1       	rjmp	.+556    	; 0x3374 <HKP_u8GetPressedValue+0x25a>
	            if (MDIO_u8GetPinValue(A_u8PortName, L_u8Row) == KP_PRESSED) {
    3148:	8f 8d       	ldd	r24, Y+31	; 0x1f
    314a:	6e 8d       	ldd	r22, Y+30	; 0x1e
    314c:	0e 94 53 08 	call	0x10a6	; 0x10a6 <MDIO_u8GetPinValue>
    3150:	88 23       	and	r24, r24
    3152:	09 f0       	breq	.+2      	; 0x3156 <HKP_u8GetPressedValue+0x3c>
    3154:	0c c1       	rjmp	.+536    	; 0x336e <HKP_u8GetPressedValue+0x254>
    3156:	80 e0       	ldi	r24, 0x00	; 0
    3158:	90 e0       	ldi	r25, 0x00	; 0
    315a:	a0 ea       	ldi	r26, 0xA0	; 160
    315c:	b1 e4       	ldi	r27, 0x41	; 65
    315e:	89 8f       	std	Y+25, r24	; 0x19
    3160:	9a 8f       	std	Y+26, r25	; 0x1a
    3162:	ab 8f       	std	Y+27, r26	; 0x1b
    3164:	bc 8f       	std	Y+28, r27	; 0x1c
 */
void
_delay_ms(double __ms)
{
	uint16_t __ticks;
	double __tmp = ((F_CPU) / 4e3) * __ms;
    3166:	69 8d       	ldd	r22, Y+25	; 0x19
    3168:	7a 8d       	ldd	r23, Y+26	; 0x1a
    316a:	8b 8d       	ldd	r24, Y+27	; 0x1b
    316c:	9c 8d       	ldd	r25, Y+28	; 0x1c
    316e:	20 e0       	ldi	r18, 0x00	; 0
    3170:	30 e0       	ldi	r19, 0x00	; 0
    3172:	4a ef       	ldi	r20, 0xFA	; 250
    3174:	54 e4       	ldi	r21, 0x44	; 68
    3176:	0e 94 1f 02 	call	0x43e	; 0x43e <__mulsf3>
    317a:	dc 01       	movw	r26, r24
    317c:	cb 01       	movw	r24, r22
    317e:	8d 8b       	std	Y+21, r24	; 0x15
    3180:	9e 8b       	std	Y+22, r25	; 0x16
    3182:	af 8b       	std	Y+23, r26	; 0x17
    3184:	b8 8f       	std	Y+24, r27	; 0x18
	if (__tmp < 1.0)
    3186:	6d 89       	ldd	r22, Y+21	; 0x15
    3188:	7e 89       	ldd	r23, Y+22	; 0x16
    318a:	8f 89       	ldd	r24, Y+23	; 0x17
    318c:	98 8d       	ldd	r25, Y+24	; 0x18
    318e:	20 e0       	ldi	r18, 0x00	; 0
    3190:	30 e0       	ldi	r19, 0x00	; 0
    3192:	40 e8       	ldi	r20, 0x80	; 128
    3194:	5f e3       	ldi	r21, 0x3F	; 63
    3196:	0e 94 79 03 	call	0x6f2	; 0x6f2 <__ltsf2>
    319a:	88 23       	and	r24, r24
    319c:	2c f4       	brge	.+10     	; 0x31a8 <HKP_u8GetPressedValue+0x8e>
		__ticks = 1;
    319e:	81 e0       	ldi	r24, 0x01	; 1
    31a0:	90 e0       	ldi	r25, 0x00	; 0
    31a2:	9c 8b       	std	Y+20, r25	; 0x14
    31a4:	8b 8b       	std	Y+19, r24	; 0x13
    31a6:	3f c0       	rjmp	.+126    	; 0x3226 <HKP_u8GetPressedValue+0x10c>
	else if (__tmp > 65535)
    31a8:	6d 89       	ldd	r22, Y+21	; 0x15
    31aa:	7e 89       	ldd	r23, Y+22	; 0x16
    31ac:	8f 89       	ldd	r24, Y+23	; 0x17
    31ae:	98 8d       	ldd	r25, Y+24	; 0x18
    31b0:	20 e0       	ldi	r18, 0x00	; 0
    31b2:	3f ef       	ldi	r19, 0xFF	; 255
    31b4:	4f e7       	ldi	r20, 0x7F	; 127
    31b6:	57 e4       	ldi	r21, 0x47	; 71
    31b8:	0e 94 19 03 	call	0x632	; 0x632 <__gtsf2>
    31bc:	18 16       	cp	r1, r24
    31be:	4c f5       	brge	.+82     	; 0x3212 <HKP_u8GetPressedValue+0xf8>
	{
		//	__ticks = requested delay in 1/10 ms
		__ticks = (uint16_t) (__ms * 10.0);
    31c0:	69 8d       	ldd	r22, Y+25	; 0x19
    31c2:	7a 8d       	ldd	r23, Y+26	; 0x1a
    31c4:	8b 8d       	ldd	r24, Y+27	; 0x1b
    31c6:	9c 8d       	ldd	r25, Y+28	; 0x1c
    31c8:	20 e0       	ldi	r18, 0x00	; 0
    31ca:	30 e0       	ldi	r19, 0x00	; 0
    31cc:	40 e2       	ldi	r20, 0x20	; 32
    31ce:	51 e4       	ldi	r21, 0x41	; 65
    31d0:	0e 94 1f 02 	call	0x43e	; 0x43e <__mulsf3>
    31d4:	dc 01       	movw	r26, r24
    31d6:	cb 01       	movw	r24, r22
    31d8:	bc 01       	movw	r22, r24
    31da:	cd 01       	movw	r24, r26
    31dc:	0e 94 49 00 	call	0x92	; 0x92 <__fixunssfsi>
    31e0:	dc 01       	movw	r26, r24
    31e2:	cb 01       	movw	r24, r22
    31e4:	9c 8b       	std	Y+20, r25	; 0x14
    31e6:	8b 8b       	std	Y+19, r24	; 0x13
    31e8:	0f c0       	rjmp	.+30     	; 0x3208 <HKP_u8GetPressedValue+0xee>
    31ea:	88 ec       	ldi	r24, 0xC8	; 200
    31ec:	90 e0       	ldi	r25, 0x00	; 0
    31ee:	9a 8b       	std	Y+18, r25	; 0x12
    31f0:	89 8b       	std	Y+17, r24	; 0x11
    31f2:	89 89       	ldd	r24, Y+17	; 0x11
    31f4:	9a 89       	ldd	r25, Y+18	; 0x12
    31f6:	01 97       	sbiw	r24, 0x01	; 1
    31f8:	f1 f7       	brne	.-4      	; 0x31f6 <HKP_u8GetPressedValue+0xdc>
    31fa:	9a 8b       	std	Y+18, r25	; 0x12
    31fc:	89 8b       	std	Y+17, r24	; 0x11
		while(__ticks)
		{
			// wait 1/10 ms
			_delay_loop_2(((F_CPU) / 4e3) / 10);
			__ticks --;
    31fe:	8b 89       	ldd	r24, Y+19	; 0x13
    3200:	9c 89       	ldd	r25, Y+20	; 0x14
    3202:	01 97       	sbiw	r24, 0x01	; 1
    3204:	9c 8b       	std	Y+20, r25	; 0x14
    3206:	8b 8b       	std	Y+19, r24	; 0x13
		__ticks = 1;
	else if (__tmp > 65535)
	{
		//	__ticks = requested delay in 1/10 ms
		__ticks = (uint16_t) (__ms * 10.0);
		while(__ticks)
    3208:	8b 89       	ldd	r24, Y+19	; 0x13
    320a:	9c 89       	ldd	r25, Y+20	; 0x14
    320c:	00 97       	sbiw	r24, 0x00	; 0
    320e:	69 f7       	brne	.-38     	; 0x31ea <HKP_u8GetPressedValue+0xd0>
    3210:	14 c0       	rjmp	.+40     	; 0x323a <HKP_u8GetPressedValue+0x120>
			__ticks --;
		}
		return;
	}
	else
		__ticks = (uint16_t)__tmp;
    3212:	6d 89       	ldd	r22, Y+21	; 0x15
    3214:	7e 89       	ldd	r23, Y+22	; 0x16
    3216:	8f 89       	ldd	r24, Y+23	; 0x17
    3218:	98 8d       	ldd	r25, Y+24	; 0x18
    321a:	0e 94 49 00 	call	0x92	; 0x92 <__fixunssfsi>
    321e:	dc 01       	movw	r26, r24
    3220:	cb 01       	movw	r24, r22
    3222:	9c 8b       	std	Y+20, r25	; 0x14
    3224:	8b 8b       	std	Y+19, r24	; 0x13
    3226:	8b 89       	ldd	r24, Y+19	; 0x13
    3228:	9c 89       	ldd	r25, Y+20	; 0x14
    322a:	98 8b       	std	Y+16, r25	; 0x10
    322c:	8f 87       	std	Y+15, r24	; 0x0f
    322e:	8f 85       	ldd	r24, Y+15	; 0x0f
    3230:	98 89       	ldd	r25, Y+16	; 0x10
    3232:	01 97       	sbiw	r24, 0x01	; 1
    3234:	f1 f7       	brne	.-4      	; 0x3232 <HKP_u8GetPressedValue+0x118>
    3236:	98 8b       	std	Y+16, r25	; 0x10
    3238:	8f 87       	std	Y+15, r24	; 0x0f
	                _delay_ms(20);

	                if (MDIO_u8GetPinValue(A_u8PortName, L_u8Row) == KP_PRESSED) {
    323a:	8f 8d       	ldd	r24, Y+31	; 0x1f
    323c:	6e 8d       	ldd	r22, Y+30	; 0x1e
    323e:	0e 94 53 08 	call	0x10a6	; 0x10a6 <MDIO_u8GetPinValue>
    3242:	88 23       	and	r24, r24
    3244:	09 f0       	breq	.+2      	; 0x3248 <HKP_u8GetPressedValue+0x12e>
    3246:	93 c0       	rjmp	.+294    	; 0x336e <HKP_u8GetPressedValue+0x254>
	                    while (MDIO_u8GetPinValue(A_u8PortName, L_u8Row) == KP_PRESSED);
    3248:	8f 8d       	ldd	r24, Y+31	; 0x1f
    324a:	6e 8d       	ldd	r22, Y+30	; 0x1e
    324c:	0e 94 53 08 	call	0x10a6	; 0x10a6 <MDIO_u8GetPinValue>
    3250:	88 23       	and	r24, r24
    3252:	d1 f3       	breq	.-12     	; 0x3248 <HKP_u8GetPressedValue+0x12e>
    3254:	80 e0       	ldi	r24, 0x00	; 0
    3256:	90 e0       	ldi	r25, 0x00	; 0
    3258:	a0 ea       	ldi	r26, 0xA0	; 160
    325a:	b1 e4       	ldi	r27, 0x41	; 65
    325c:	8b 87       	std	Y+11, r24	; 0x0b
    325e:	9c 87       	std	Y+12, r25	; 0x0c
    3260:	ad 87       	std	Y+13, r26	; 0x0d
    3262:	be 87       	std	Y+14, r27	; 0x0e
 */
void
_delay_ms(double __ms)
{
	uint16_t __ticks;
	double __tmp = ((F_CPU) / 4e3) * __ms;
    3264:	6b 85       	ldd	r22, Y+11	; 0x0b
    3266:	7c 85       	ldd	r23, Y+12	; 0x0c
    3268:	8d 85       	ldd	r24, Y+13	; 0x0d
    326a:	9e 85       	ldd	r25, Y+14	; 0x0e
    326c:	20 e0       	ldi	r18, 0x00	; 0
    326e:	30 e0       	ldi	r19, 0x00	; 0
    3270:	4a ef       	ldi	r20, 0xFA	; 250
    3272:	54 e4       	ldi	r21, 0x44	; 68
    3274:	0e 94 1f 02 	call	0x43e	; 0x43e <__mulsf3>
    3278:	dc 01       	movw	r26, r24
    327a:	cb 01       	movw	r24, r22
    327c:	8f 83       	std	Y+7, r24	; 0x07
    327e:	98 87       	std	Y+8, r25	; 0x08
    3280:	a9 87       	std	Y+9, r26	; 0x09
    3282:	ba 87       	std	Y+10, r27	; 0x0a
	if (__tmp < 1.0)
    3284:	6f 81       	ldd	r22, Y+7	; 0x07
    3286:	78 85       	ldd	r23, Y+8	; 0x08
    3288:	89 85       	ldd	r24, Y+9	; 0x09
    328a:	9a 85       	ldd	r25, Y+10	; 0x0a
    328c:	20 e0       	ldi	r18, 0x00	; 0
    328e:	30 e0       	ldi	r19, 0x00	; 0
    3290:	40 e8       	ldi	r20, 0x80	; 128
    3292:	5f e3       	ldi	r21, 0x3F	; 63
    3294:	0e 94 79 03 	call	0x6f2	; 0x6f2 <__ltsf2>
    3298:	88 23       	and	r24, r24
    329a:	2c f4       	brge	.+10     	; 0x32a6 <HKP_u8GetPressedValue+0x18c>
		__ticks = 1;
    329c:	81 e0       	ldi	r24, 0x01	; 1
    329e:	90 e0       	ldi	r25, 0x00	; 0
    32a0:	9e 83       	std	Y+6, r25	; 0x06
    32a2:	8d 83       	std	Y+5, r24	; 0x05
    32a4:	3f c0       	rjmp	.+126    	; 0x3324 <HKP_u8GetPressedValue+0x20a>
	else if (__tmp > 65535)
    32a6:	6f 81       	ldd	r22, Y+7	; 0x07
    32a8:	78 85       	ldd	r23, Y+8	; 0x08
    32aa:	89 85       	ldd	r24, Y+9	; 0x09
    32ac:	9a 85       	ldd	r25, Y+10	; 0x0a
    32ae:	20 e0       	ldi	r18, 0x00	; 0
    32b0:	3f ef       	ldi	r19, 0xFF	; 255
    32b2:	4f e7       	ldi	r20, 0x7F	; 127
    32b4:	57 e4       	ldi	r21, 0x47	; 71
    32b6:	0e 94 19 03 	call	0x632	; 0x632 <__gtsf2>
    32ba:	18 16       	cp	r1, r24
    32bc:	4c f5       	brge	.+82     	; 0x3310 <HKP_u8GetPressedValue+0x1f6>
	{
		//	__ticks = requested delay in 1/10 ms
		__ticks = (uint16_t) (__ms * 10.0);
    32be:	6b 85       	ldd	r22, Y+11	; 0x0b
    32c0:	7c 85       	ldd	r23, Y+12	; 0x0c
    32c2:	8d 85       	ldd	r24, Y+13	; 0x0d
    32c4:	9e 85       	ldd	r25, Y+14	; 0x0e
    32c6:	20 e0       	ldi	r18, 0x00	; 0
    32c8:	30 e0       	ldi	r19, 0x00	; 0
    32ca:	40 e2       	ldi	r20, 0x20	; 32
    32cc:	51 e4       	ldi	r21, 0x41	; 65
    32ce:	0e 94 1f 02 	call	0x43e	; 0x43e <__mulsf3>
    32d2:	dc 01       	movw	r26, r24
    32d4:	cb 01       	movw	r24, r22
    32d6:	bc 01       	movw	r22, r24
    32d8:	cd 01       	movw	r24, r26
    32da:	0e 94 49 00 	call	0x92	; 0x92 <__fixunssfsi>
    32de:	dc 01       	movw	r26, r24
    32e0:	cb 01       	movw	r24, r22
    32e2:	9e 83       	std	Y+6, r25	; 0x06
    32e4:	8d 83       	std	Y+5, r24	; 0x05
    32e6:	0f c0       	rjmp	.+30     	; 0x3306 <HKP_u8GetPressedValue+0x1ec>
    32e8:	88 ec       	ldi	r24, 0xC8	; 200
    32ea:	90 e0       	ldi	r25, 0x00	; 0
    32ec:	9c 83       	std	Y+4, r25	; 0x04
    32ee:	8b 83       	std	Y+3, r24	; 0x03
    32f0:	8b 81       	ldd	r24, Y+3	; 0x03
    32f2:	9c 81       	ldd	r25, Y+4	; 0x04
    32f4:	01 97       	sbiw	r24, 0x01	; 1
    32f6:	f1 f7       	brne	.-4      	; 0x32f4 <HKP_u8GetPressedValue+0x1da>
    32f8:	9c 83       	std	Y+4, r25	; 0x04
    32fa:	8b 83       	std	Y+3, r24	; 0x03
		while(__ticks)
		{
			// wait 1/10 ms
			_delay_loop_2(((F_CPU) / 4e3) / 10);
			__ticks --;
    32fc:	8d 81       	ldd	r24, Y+5	; 0x05
    32fe:	9e 81       	ldd	r25, Y+6	; 0x06
    3300:	01 97       	sbiw	r24, 0x01	; 1
    3302:	9e 83       	std	Y+6, r25	; 0x06
    3304:	8d 83       	std	Y+5, r24	; 0x05
		__ticks = 1;
	else if (__tmp > 65535)
	{
		//	__ticks = requested delay in 1/10 ms
		__ticks = (uint16_t) (__ms * 10.0);
		while(__ticks)
    3306:	8d 81       	ldd	r24, Y+5	; 0x05
    3308:	9e 81       	ldd	r25, Y+6	; 0x06
    330a:	00 97       	sbiw	r24, 0x00	; 0
    330c:	69 f7       	brne	.-38     	; 0x32e8 <HKP_u8GetPressedValue+0x1ce>
    330e:	14 c0       	rjmp	.+40     	; 0x3338 <HKP_u8GetPressedValue+0x21e>
			__ticks --;
		}
		return;
	}
	else
		__ticks = (uint16_t)__tmp;
    3310:	6f 81       	ldd	r22, Y+7	; 0x07
    3312:	78 85       	ldd	r23, Y+8	; 0x08
    3314:	89 85       	ldd	r24, Y+9	; 0x09
    3316:	9a 85       	ldd	r25, Y+10	; 0x0a
    3318:	0e 94 49 00 	call	0x92	; 0x92 <__fixunssfsi>
    331c:	dc 01       	movw	r26, r24
    331e:	cb 01       	movw	r24, r22
    3320:	9e 83       	std	Y+6, r25	; 0x06
    3322:	8d 83       	std	Y+5, r24	; 0x05
    3324:	8d 81       	ldd	r24, Y+5	; 0x05
    3326:	9e 81       	ldd	r25, Y+6	; 0x06
    3328:	9a 83       	std	Y+2, r25	; 0x02
    332a:	89 83       	std	Y+1, r24	; 0x01
    332c:	89 81       	ldd	r24, Y+1	; 0x01
    332e:	9a 81       	ldd	r25, Y+2	; 0x02
    3330:	01 97       	sbiw	r24, 0x01	; 1
    3332:	f1 f7       	brne	.-4      	; 0x3330 <HKP_u8GetPressedValue+0x216>
    3334:	9a 83       	std	Y+2, r25	; 0x02
    3336:	89 83       	std	Y+1, r24	; 0x01
	                    _delay_ms(20);

	                    MDIO_voidSetPinValue(A_u8PortName, L_u8Col + 4, DIO_HIGH);
    3338:	8d 8d       	ldd	r24, Y+29	; 0x1d
    333a:	98 2f       	mov	r25, r24
    333c:	9c 5f       	subi	r25, 0xFC	; 252
    333e:	8f 8d       	ldd	r24, Y+31	; 0x1f
    3340:	69 2f       	mov	r22, r25
    3342:	41 e0       	ldi	r20, 0x01	; 1
    3344:	0e 94 e4 06 	call	0xdc8	; 0xdc8 <MDIO_voidSetPinValue>

	                    return G_u8KpData[L_u8Row][L_u8Col];
    3348:	8e 8d       	ldd	r24, Y+30	; 0x1e
    334a:	28 2f       	mov	r18, r24
    334c:	30 e0       	ldi	r19, 0x00	; 0
    334e:	8d 8d       	ldd	r24, Y+29	; 0x1d
    3350:	48 2f       	mov	r20, r24
    3352:	50 e0       	ldi	r21, 0x00	; 0
    3354:	c9 01       	movw	r24, r18
    3356:	88 0f       	add	r24, r24
    3358:	99 1f       	adc	r25, r25
    335a:	82 0f       	add	r24, r18
    335c:	93 1f       	adc	r25, r19
    335e:	84 0f       	add	r24, r20
    3360:	95 1f       	adc	r25, r21
    3362:	fc 01       	movw	r30, r24
    3364:	e5 51       	subi	r30, 0x15	; 21
    3366:	ff 4f       	sbci	r31, 0xFF	; 255
    3368:	80 81       	ld	r24, Z
    336a:	88 a3       	std	Y+32, r24	; 0x20
    336c:	18 c0       	rjmp	.+48     	; 0x339e <HKP_u8GetPressedValue+0x284>
	u8 L_u8Col ;

	for (L_u8Col = 0; L_u8Col < 3; L_u8Col++) {
	        MDIO_voidSetPinValue(A_u8PortName, L_u8Col + 4, DIO_LOW);

	        for (L_u8Row = 0; L_u8Row < 4; L_u8Row++) {
    336e:	8e 8d       	ldd	r24, Y+30	; 0x1e
    3370:	8f 5f       	subi	r24, 0xFF	; 255
    3372:	8e 8f       	std	Y+30, r24	; 0x1e
    3374:	8e 8d       	ldd	r24, Y+30	; 0x1e
    3376:	84 30       	cpi	r24, 0x04	; 4
    3378:	08 f4       	brcc	.+2      	; 0x337c <HKP_u8GetPressedValue+0x262>
    337a:	e6 ce       	rjmp	.-564    	; 0x3148 <HKP_u8GetPressedValue+0x2e>

	                    return G_u8KpData[L_u8Row][L_u8Col];
	                }
	            }
	        }
	        MDIO_voidSetPinValue(A_u8PortName, L_u8Col + 4, DIO_HIGH);
    337c:	8d 8d       	ldd	r24, Y+29	; 0x1d
    337e:	98 2f       	mov	r25, r24
    3380:	9c 5f       	subi	r25, 0xFC	; 252
    3382:	8f 8d       	ldd	r24, Y+31	; 0x1f
    3384:	69 2f       	mov	r22, r25
    3386:	41 e0       	ldi	r20, 0x01	; 1
    3388:	0e 94 e4 06 	call	0xdc8	; 0xdc8 <MDIO_voidSetPinValue>
u8   HKP_u8GetPressedValue (u8 A_u8PortName)
{
	u8 L_u8Row ;
	u8 L_u8Col ;

	for (L_u8Col = 0; L_u8Col < 3; L_u8Col++) {
    338c:	8d 8d       	ldd	r24, Y+29	; 0x1d
    338e:	8f 5f       	subi	r24, 0xFF	; 255
    3390:	8d 8f       	std	Y+29, r24	; 0x1d
    3392:	8d 8d       	ldd	r24, Y+29	; 0x1d
    3394:	83 30       	cpi	r24, 0x03	; 3
    3396:	08 f4       	brcc	.+2      	; 0x339a <HKP_u8GetPressedValue+0x280>
    3398:	cd ce       	rjmp	.-614    	; 0x3134 <HKP_u8GetPressedValue+0x1a>
	            }
	        }
	        MDIO_voidSetPinValue(A_u8PortName, L_u8Col + 4, DIO_HIGH);
	    }

	    return KP_NOT_PRESSED;
    339a:	8f ef       	ldi	r24, 0xFF	; 255
    339c:	88 a3       	std	Y+32, r24	; 0x20
    339e:	88 a1       	ldd	r24, Y+32	; 0x20

}
    33a0:	a0 96       	adiw	r28, 0x20	; 32
    33a2:	0f b6       	in	r0, 0x3f	; 63
    33a4:	f8 94       	cli
    33a6:	de bf       	out	0x3e, r29	; 62
    33a8:	0f be       	out	0x3f, r0	; 63
    33aa:	cd bf       	out	0x3d, r28	; 61
    33ac:	cf 91       	pop	r28
    33ae:	df 91       	pop	r29
    33b0:	08 95       	ret

000033b2 <HDcMotor_voidInit>:
#include "../../MCAL/MDIO/DIO.h"

#include "DcMotor.h"

void HDcMotor_voidInit (u8 A_u8APort , u8 A_u8APin , u8 A_u8BPort , u8 A_u8BPin)
{
    33b2:	df 93       	push	r29
    33b4:	cf 93       	push	r28
    33b6:	00 d0       	rcall	.+0      	; 0x33b8 <HDcMotor_voidInit+0x6>
    33b8:	00 d0       	rcall	.+0      	; 0x33ba <HDcMotor_voidInit+0x8>
    33ba:	cd b7       	in	r28, 0x3d	; 61
    33bc:	de b7       	in	r29, 0x3e	; 62
    33be:	89 83       	std	Y+1, r24	; 0x01
    33c0:	6a 83       	std	Y+2, r22	; 0x02
    33c2:	4b 83       	std	Y+3, r20	; 0x03
    33c4:	2c 83       	std	Y+4, r18	; 0x04
	MDIO_voidInitPin(A_u8APort, A_u8APin, DIO_OUTPUT) ;
    33c6:	89 81       	ldd	r24, Y+1	; 0x01
    33c8:	6a 81       	ldd	r22, Y+2	; 0x02
    33ca:	41 e0       	ldi	r20, 0x01	; 1
    33cc:	0e 94 f2 05 	call	0xbe4	; 0xbe4 <MDIO_voidInitPin>
	MDIO_voidInitPin(A_u8BPort, A_u8BPin, DIO_OUTPUT) ;
    33d0:	8b 81       	ldd	r24, Y+3	; 0x03
    33d2:	6c 81       	ldd	r22, Y+4	; 0x04
    33d4:	41 e0       	ldi	r20, 0x01	; 1
    33d6:	0e 94 f2 05 	call	0xbe4	; 0xbe4 <MDIO_voidInitPin>
}
    33da:	0f 90       	pop	r0
    33dc:	0f 90       	pop	r0
    33de:	0f 90       	pop	r0
    33e0:	0f 90       	pop	r0
    33e2:	cf 91       	pop	r28
    33e4:	df 91       	pop	r29
    33e6:	08 95       	ret

000033e8 <HDcMotor_voidCW>:
void HDcMotor_voidCW   (u8 A_u8APort , u8 A_u8APin , u8 A_u8BPort , u8 A_u8BPin)
{
    33e8:	df 93       	push	r29
    33ea:	cf 93       	push	r28
    33ec:	00 d0       	rcall	.+0      	; 0x33ee <HDcMotor_voidCW+0x6>
    33ee:	00 d0       	rcall	.+0      	; 0x33f0 <HDcMotor_voidCW+0x8>
    33f0:	cd b7       	in	r28, 0x3d	; 61
    33f2:	de b7       	in	r29, 0x3e	; 62
    33f4:	89 83       	std	Y+1, r24	; 0x01
    33f6:	6a 83       	std	Y+2, r22	; 0x02
    33f8:	4b 83       	std	Y+3, r20	; 0x03
    33fa:	2c 83       	std	Y+4, r18	; 0x04
	MDIO_voidSetPinValue(A_u8APort, A_u8APin, DIO_HIGH) ;
    33fc:	89 81       	ldd	r24, Y+1	; 0x01
    33fe:	6a 81       	ldd	r22, Y+2	; 0x02
    3400:	41 e0       	ldi	r20, 0x01	; 1
    3402:	0e 94 e4 06 	call	0xdc8	; 0xdc8 <MDIO_voidSetPinValue>
	MDIO_voidSetPinValue(A_u8BPort, A_u8BPin, DIO_LOW) ;
    3406:	8b 81       	ldd	r24, Y+3	; 0x03
    3408:	6c 81       	ldd	r22, Y+4	; 0x04
    340a:	40 e0       	ldi	r20, 0x00	; 0
    340c:	0e 94 e4 06 	call	0xdc8	; 0xdc8 <MDIO_voidSetPinValue>
}
    3410:	0f 90       	pop	r0
    3412:	0f 90       	pop	r0
    3414:	0f 90       	pop	r0
    3416:	0f 90       	pop	r0
    3418:	cf 91       	pop	r28
    341a:	df 91       	pop	r29
    341c:	08 95       	ret

0000341e <HDcMotor_voidCCW>:
void HDcMotor_voidCCW  (u8 A_u8APort , u8 A_u8APin , u8 A_u8BPort , u8 A_u8BPin)
{
    341e:	df 93       	push	r29
    3420:	cf 93       	push	r28
    3422:	00 d0       	rcall	.+0      	; 0x3424 <HDcMotor_voidCCW+0x6>
    3424:	00 d0       	rcall	.+0      	; 0x3426 <HDcMotor_voidCCW+0x8>
    3426:	cd b7       	in	r28, 0x3d	; 61
    3428:	de b7       	in	r29, 0x3e	; 62
    342a:	89 83       	std	Y+1, r24	; 0x01
    342c:	6a 83       	std	Y+2, r22	; 0x02
    342e:	4b 83       	std	Y+3, r20	; 0x03
    3430:	2c 83       	std	Y+4, r18	; 0x04
	MDIO_voidSetPinValue(A_u8APort, A_u8APin, DIO_LOW) ;
    3432:	89 81       	ldd	r24, Y+1	; 0x01
    3434:	6a 81       	ldd	r22, Y+2	; 0x02
    3436:	40 e0       	ldi	r20, 0x00	; 0
    3438:	0e 94 e4 06 	call	0xdc8	; 0xdc8 <MDIO_voidSetPinValue>
	MDIO_voidSetPinValue(A_u8BPort, A_u8BPin, DIO_HIGH) ;
    343c:	8b 81       	ldd	r24, Y+3	; 0x03
    343e:	6c 81       	ldd	r22, Y+4	; 0x04
    3440:	41 e0       	ldi	r20, 0x01	; 1
    3442:	0e 94 e4 06 	call	0xdc8	; 0xdc8 <MDIO_voidSetPinValue>
}
    3446:	0f 90       	pop	r0
    3448:	0f 90       	pop	r0
    344a:	0f 90       	pop	r0
    344c:	0f 90       	pop	r0
    344e:	cf 91       	pop	r28
    3450:	df 91       	pop	r29
    3452:	08 95       	ret

00003454 <HDcMotor_voidStop>:
void HDcMotor_voidStop (u8 A_u8APort , u8 A_u8APin , u8 A_u8BPort , u8 A_u8BPin)
{
    3454:	df 93       	push	r29
    3456:	cf 93       	push	r28
    3458:	00 d0       	rcall	.+0      	; 0x345a <HDcMotor_voidStop+0x6>
    345a:	00 d0       	rcall	.+0      	; 0x345c <HDcMotor_voidStop+0x8>
    345c:	cd b7       	in	r28, 0x3d	; 61
    345e:	de b7       	in	r29, 0x3e	; 62
    3460:	89 83       	std	Y+1, r24	; 0x01
    3462:	6a 83       	std	Y+2, r22	; 0x02
    3464:	4b 83       	std	Y+3, r20	; 0x03
    3466:	2c 83       	std	Y+4, r18	; 0x04
	MDIO_voidSetPinValue(A_u8APort, A_u8APin, DIO_LOW) ;
    3468:	89 81       	ldd	r24, Y+1	; 0x01
    346a:	6a 81       	ldd	r22, Y+2	; 0x02
    346c:	40 e0       	ldi	r20, 0x00	; 0
    346e:	0e 94 e4 06 	call	0xdc8	; 0xdc8 <MDIO_voidSetPinValue>
	MDIO_voidSetPinValue(A_u8BPort, A_u8BPin, DIO_LOW) ;
    3472:	8b 81       	ldd	r24, Y+3	; 0x03
    3474:	6c 81       	ldd	r22, Y+4	; 0x04
    3476:	40 e0       	ldi	r20, 0x00	; 0
    3478:	0e 94 e4 06 	call	0xdc8	; 0xdc8 <MDIO_voidSetPinValue>
}
    347c:	0f 90       	pop	r0
    347e:	0f 90       	pop	r0
    3480:	0f 90       	pop	r0
    3482:	0f 90       	pop	r0
    3484:	cf 91       	pop	r28
    3486:	df 91       	pop	r29
    3488:	08 95       	ret

0000348a <HBuzzer_voidBuzzerInit>:

#include "../../MCAL/MDIO/DIO.h"
#include "Buzzer.h"

void HBuzzer_voidBuzzerInit  (u8 A_u8PortName , u8 A_u8PinNumber)
{
    348a:	df 93       	push	r29
    348c:	cf 93       	push	r28
    348e:	00 d0       	rcall	.+0      	; 0x3490 <HBuzzer_voidBuzzerInit+0x6>
    3490:	cd b7       	in	r28, 0x3d	; 61
    3492:	de b7       	in	r29, 0x3e	; 62
    3494:	89 83       	std	Y+1, r24	; 0x01
    3496:	6a 83       	std	Y+2, r22	; 0x02
	MDIO_voidInitPin(A_u8PortName, A_u8PinNumber, DIO_OUTPUT) ;
    3498:	89 81       	ldd	r24, Y+1	; 0x01
    349a:	6a 81       	ldd	r22, Y+2	; 0x02
    349c:	41 e0       	ldi	r20, 0x01	; 1
    349e:	0e 94 f2 05 	call	0xbe4	; 0xbe4 <MDIO_voidInitPin>
}
    34a2:	0f 90       	pop	r0
    34a4:	0f 90       	pop	r0
    34a6:	cf 91       	pop	r28
    34a8:	df 91       	pop	r29
    34aa:	08 95       	ret

000034ac <HBuzzer_voidBuzzerOn>:
void HBuzzer_voidBuzzerOn    (u8 A_u8PortName , u8 A_u8PinNumber)
{
    34ac:	df 93       	push	r29
    34ae:	cf 93       	push	r28
    34b0:	00 d0       	rcall	.+0      	; 0x34b2 <HBuzzer_voidBuzzerOn+0x6>
    34b2:	cd b7       	in	r28, 0x3d	; 61
    34b4:	de b7       	in	r29, 0x3e	; 62
    34b6:	89 83       	std	Y+1, r24	; 0x01
    34b8:	6a 83       	std	Y+2, r22	; 0x02
	MDIO_voidSetPinValue(A_u8PortName, A_u8PinNumber, DIO_HIGH) ;
    34ba:	89 81       	ldd	r24, Y+1	; 0x01
    34bc:	6a 81       	ldd	r22, Y+2	; 0x02
    34be:	41 e0       	ldi	r20, 0x01	; 1
    34c0:	0e 94 e4 06 	call	0xdc8	; 0xdc8 <MDIO_voidSetPinValue>
}
    34c4:	0f 90       	pop	r0
    34c6:	0f 90       	pop	r0
    34c8:	cf 91       	pop	r28
    34ca:	df 91       	pop	r29
    34cc:	08 95       	ret

000034ce <HBuzzer_voidBuzzerOff>:
void HBuzzer_voidBuzzerOff   (u8 A_u8PortName , u8 A_u8PinNumber)
{
    34ce:	df 93       	push	r29
    34d0:	cf 93       	push	r28
    34d2:	00 d0       	rcall	.+0      	; 0x34d4 <HBuzzer_voidBuzzerOff+0x6>
    34d4:	cd b7       	in	r28, 0x3d	; 61
    34d6:	de b7       	in	r29, 0x3e	; 62
    34d8:	89 83       	std	Y+1, r24	; 0x01
    34da:	6a 83       	std	Y+2, r22	; 0x02
	MDIO_voidSetPinValue(A_u8PortName, A_u8PinNumber, DIO_LOW) ;
    34dc:	89 81       	ldd	r24, Y+1	; 0x01
    34de:	6a 81       	ldd	r22, Y+2	; 0x02
    34e0:	40 e0       	ldi	r20, 0x00	; 0
    34e2:	0e 94 e4 06 	call	0xdc8	; 0xdc8 <MDIO_voidSetPinValue>
}
    34e6:	0f 90       	pop	r0
    34e8:	0f 90       	pop	r0
    34ea:	cf 91       	pop	r28
    34ec:	df 91       	pop	r29
    34ee:	08 95       	ret

000034f0 <HBuzzer_voidBuzzerTog>:
void HBuzzer_voidBuzzerTog   (u8 A_u8PortName , u8 A_u8PinNumber)
{
    34f0:	df 93       	push	r29
    34f2:	cf 93       	push	r28
    34f4:	00 d0       	rcall	.+0      	; 0x34f6 <HBuzzer_voidBuzzerTog+0x6>
    34f6:	cd b7       	in	r28, 0x3d	; 61
    34f8:	de b7       	in	r29, 0x3e	; 62
    34fa:	89 83       	std	Y+1, r24	; 0x01
    34fc:	6a 83       	std	Y+2, r22	; 0x02
	MDIO_voidTogPinValue(A_u8PortName , A_u8PinNumber) ;
    34fe:	89 81       	ldd	r24, Y+1	; 0x01
    3500:	6a 81       	ldd	r22, Y+2	; 0x02
    3502:	0e 94 d6 07 	call	0xfac	; 0xfac <MDIO_voidTogPinValue>
}
    3506:	0f 90       	pop	r0
    3508:	0f 90       	pop	r0
    350a:	cf 91       	pop	r28
    350c:	df 91       	pop	r29
    350e:	08 95       	ret

00003510 <Update_Dashboard>:
u8 state_LED2 = 0;
u8 state_TV   = 0;
u8 state_AC   = 0;

// تحديث شاشة الـ LCD بحالة الأجهزة
void Update_Dashboard(void) {
    3510:	df 93       	push	r29
    3512:	cf 93       	push	r28
    3514:	cd b7       	in	r28, 0x3d	; 61
    3516:	de b7       	in	r29, 0x3e	; 62
    HLCD_voidClrScreen();
    3518:	0e 94 85 16 	call	0x2d0a	; 0x2d0a <HLCD_voidClrScreen>

    // السطر الأول: LED1 و LED2
    HLCD_voidMoveCursor(LCD_ROW0, LCD_COL0);
    351c:	80 e0       	ldi	r24, 0x00	; 0
    351e:	60 e0       	ldi	r22, 0x00	; 0
    3520:	0e 94 1d 18 	call	0x303a	; 0x303a <HLCD_voidMoveCursor>
    if(state_LED1) HLCD_voidDisplayStr((u8*)"LED1:ON ");
    3524:	80 91 f8 00 	lds	r24, 0x00F8
    3528:	88 23       	and	r24, r24
    352a:	29 f0       	breq	.+10     	; 0x3536 <Update_Dashboard+0x26>
    352c:	80 e6       	ldi	r24, 0x60	; 96
    352e:	90 e0       	ldi	r25, 0x00	; 0
    3530:	0e 94 5c 16 	call	0x2cb8	; 0x2cb8 <HLCD_voidDisplayStr>
    3534:	04 c0       	rjmp	.+8      	; 0x353e <Update_Dashboard+0x2e>
    else           HLCD_voidDisplayStr((u8*)"LED1:OFF");
    3536:	89 e6       	ldi	r24, 0x69	; 105
    3538:	90 e0       	ldi	r25, 0x00	; 0
    353a:	0e 94 5c 16 	call	0x2cb8	; 0x2cb8 <HLCD_voidDisplayStr>

    HLCD_voidMoveCursor(LCD_ROW0, LCD_COL9);
    353e:	80 e0       	ldi	r24, 0x00	; 0
    3540:	69 e0       	ldi	r22, 0x09	; 9
    3542:	0e 94 1d 18 	call	0x303a	; 0x303a <HLCD_voidMoveCursor>
    if(state_LED2) HLCD_voidDisplayStr((u8*)"LED2:ON ");
    3546:	80 91 f9 00 	lds	r24, 0x00F9
    354a:	88 23       	and	r24, r24
    354c:	29 f0       	breq	.+10     	; 0x3558 <Update_Dashboard+0x48>
    354e:	82 e7       	ldi	r24, 0x72	; 114
    3550:	90 e0       	ldi	r25, 0x00	; 0
    3552:	0e 94 5c 16 	call	0x2cb8	; 0x2cb8 <HLCD_voidDisplayStr>
    3556:	04 c0       	rjmp	.+8      	; 0x3560 <Update_Dashboard+0x50>
    else           HLCD_voidDisplayStr((u8*)"LED2:OFF");
    3558:	8b e7       	ldi	r24, 0x7B	; 123
    355a:	90 e0       	ldi	r25, 0x00	; 0
    355c:	0e 94 5c 16 	call	0x2cb8	; 0x2cb8 <HLCD_voidDisplayStr>

    // السطر الثاني: TV و AC
    HLCD_voidMoveCursor(LCD_ROW1, LCD_COL0);
    3560:	81 e0       	ldi	r24, 0x01	; 1
    3562:	60 e0       	ldi	r22, 0x00	; 0
    3564:	0e 94 1d 18 	call	0x303a	; 0x303a <HLCD_voidMoveCursor>
    if(state_TV)   HLCD_voidDisplayStr((u8*)"TV  :ON ");
    3568:	80 91 fa 00 	lds	r24, 0x00FA
    356c:	88 23       	and	r24, r24
    356e:	29 f0       	breq	.+10     	; 0x357a <Update_Dashboard+0x6a>
    3570:	84 e8       	ldi	r24, 0x84	; 132
    3572:	90 e0       	ldi	r25, 0x00	; 0
    3574:	0e 94 5c 16 	call	0x2cb8	; 0x2cb8 <HLCD_voidDisplayStr>
    3578:	04 c0       	rjmp	.+8      	; 0x3582 <Update_Dashboard+0x72>
    else           HLCD_voidDisplayStr((u8*)"TV  :OFF");
    357a:	8d e8       	ldi	r24, 0x8D	; 141
    357c:	90 e0       	ldi	r25, 0x00	; 0
    357e:	0e 94 5c 16 	call	0x2cb8	; 0x2cb8 <HLCD_voidDisplayStr>

    HLCD_voidMoveCursor(LCD_ROW1, LCD_COL9);
    3582:	81 e0       	ldi	r24, 0x01	; 1
    3584:	69 e0       	ldi	r22, 0x09	; 9
    3586:	0e 94 1d 18 	call	0x303a	; 0x303a <HLCD_voidMoveCursor>
    if(state_AC)   HLCD_voidDisplayStr((u8*)"AC  :ON ");
    358a:	80 91 fb 00 	lds	r24, 0x00FB
    358e:	88 23       	and	r24, r24
    3590:	29 f0       	breq	.+10     	; 0x359c <Update_Dashboard+0x8c>
    3592:	86 e9       	ldi	r24, 0x96	; 150
    3594:	90 e0       	ldi	r25, 0x00	; 0
    3596:	0e 94 5c 16 	call	0x2cb8	; 0x2cb8 <HLCD_voidDisplayStr>
    359a:	04 c0       	rjmp	.+8      	; 0x35a4 <Update_Dashboard+0x94>
    else           HLCD_voidDisplayStr((u8*)"AC  :OFF");
    359c:	8f e9       	ldi	r24, 0x9F	; 159
    359e:	90 e0       	ldi	r25, 0x00	; 0
    35a0:	0e 94 5c 16 	call	0x2cb8	; 0x2cb8 <HLCD_voidDisplayStr>
}
    35a4:	cf 91       	pop	r28
    35a6:	df 91       	pop	r29
    35a8:	08 95       	ret

000035aa <Buzzer_ClickFeedback>:

// صوت تأكيد عند الضغط على أي زر
void Buzzer_ClickFeedback(void) {
    35aa:	df 93       	push	r29
    35ac:	cf 93       	push	r28
    35ae:	cd b7       	in	r28, 0x3d	; 61
    35b0:	de b7       	in	r29, 0x3e	; 62
    35b2:	2e 97       	sbiw	r28, 0x0e	; 14
    35b4:	0f b6       	in	r0, 0x3f	; 63
    35b6:	f8 94       	cli
    35b8:	de bf       	out	0x3e, r29	; 62
    35ba:	0f be       	out	0x3f, r0	; 63
    35bc:	cd bf       	out	0x3d, r28	; 61
    HBuzzer_voidBuzzerOn(DIO_PORTD, DIO_PIN6);
    35be:	83 e0       	ldi	r24, 0x03	; 3
    35c0:	66 e0       	ldi	r22, 0x06	; 6
    35c2:	0e 94 56 1a 	call	0x34ac	; 0x34ac <HBuzzer_voidBuzzerOn>
    35c6:	80 e0       	ldi	r24, 0x00	; 0
    35c8:	90 e0       	ldi	r25, 0x00	; 0
    35ca:	a8 e4       	ldi	r26, 0x48	; 72
    35cc:	b2 e4       	ldi	r27, 0x42	; 66
    35ce:	8b 87       	std	Y+11, r24	; 0x0b
    35d0:	9c 87       	std	Y+12, r25	; 0x0c
    35d2:	ad 87       	std	Y+13, r26	; 0x0d
    35d4:	be 87       	std	Y+14, r27	; 0x0e
 */
void
_delay_ms(double __ms)
{
	uint16_t __ticks;
	double __tmp = ((F_CPU) / 4e3) * __ms;
    35d6:	6b 85       	ldd	r22, Y+11	; 0x0b
    35d8:	7c 85       	ldd	r23, Y+12	; 0x0c
    35da:	8d 85       	ldd	r24, Y+13	; 0x0d
    35dc:	9e 85       	ldd	r25, Y+14	; 0x0e
    35de:	20 e0       	ldi	r18, 0x00	; 0
    35e0:	30 e0       	ldi	r19, 0x00	; 0
    35e2:	4a ef       	ldi	r20, 0xFA	; 250
    35e4:	54 e4       	ldi	r21, 0x44	; 68
    35e6:	0e 94 1f 02 	call	0x43e	; 0x43e <__mulsf3>
    35ea:	dc 01       	movw	r26, r24
    35ec:	cb 01       	movw	r24, r22
    35ee:	8f 83       	std	Y+7, r24	; 0x07
    35f0:	98 87       	std	Y+8, r25	; 0x08
    35f2:	a9 87       	std	Y+9, r26	; 0x09
    35f4:	ba 87       	std	Y+10, r27	; 0x0a
	if (__tmp < 1.0)
    35f6:	6f 81       	ldd	r22, Y+7	; 0x07
    35f8:	78 85       	ldd	r23, Y+8	; 0x08
    35fa:	89 85       	ldd	r24, Y+9	; 0x09
    35fc:	9a 85       	ldd	r25, Y+10	; 0x0a
    35fe:	20 e0       	ldi	r18, 0x00	; 0
    3600:	30 e0       	ldi	r19, 0x00	; 0
    3602:	40 e8       	ldi	r20, 0x80	; 128
    3604:	5f e3       	ldi	r21, 0x3F	; 63
    3606:	0e 94 79 03 	call	0x6f2	; 0x6f2 <__ltsf2>
    360a:	88 23       	and	r24, r24
    360c:	2c f4       	brge	.+10     	; 0x3618 <Buzzer_ClickFeedback+0x6e>
		__ticks = 1;
    360e:	81 e0       	ldi	r24, 0x01	; 1
    3610:	90 e0       	ldi	r25, 0x00	; 0
    3612:	9e 83       	std	Y+6, r25	; 0x06
    3614:	8d 83       	std	Y+5, r24	; 0x05
    3616:	3f c0       	rjmp	.+126    	; 0x3696 <Buzzer_ClickFeedback+0xec>
	else if (__tmp > 65535)
    3618:	6f 81       	ldd	r22, Y+7	; 0x07
    361a:	78 85       	ldd	r23, Y+8	; 0x08
    361c:	89 85       	ldd	r24, Y+9	; 0x09
    361e:	9a 85       	ldd	r25, Y+10	; 0x0a
    3620:	20 e0       	ldi	r18, 0x00	; 0
    3622:	3f ef       	ldi	r19, 0xFF	; 255
    3624:	4f e7       	ldi	r20, 0x7F	; 127
    3626:	57 e4       	ldi	r21, 0x47	; 71
    3628:	0e 94 19 03 	call	0x632	; 0x632 <__gtsf2>
    362c:	18 16       	cp	r1, r24
    362e:	4c f5       	brge	.+82     	; 0x3682 <Buzzer_ClickFeedback+0xd8>
	{
		//	__ticks = requested delay in 1/10 ms
		__ticks = (uint16_t) (__ms * 10.0);
    3630:	6b 85       	ldd	r22, Y+11	; 0x0b
    3632:	7c 85       	ldd	r23, Y+12	; 0x0c
    3634:	8d 85       	ldd	r24, Y+13	; 0x0d
    3636:	9e 85       	ldd	r25, Y+14	; 0x0e
    3638:	20 e0       	ldi	r18, 0x00	; 0
    363a:	30 e0       	ldi	r19, 0x00	; 0
    363c:	40 e2       	ldi	r20, 0x20	; 32
    363e:	51 e4       	ldi	r21, 0x41	; 65
    3640:	0e 94 1f 02 	call	0x43e	; 0x43e <__mulsf3>
    3644:	dc 01       	movw	r26, r24
    3646:	cb 01       	movw	r24, r22
    3648:	bc 01       	movw	r22, r24
    364a:	cd 01       	movw	r24, r26
    364c:	0e 94 49 00 	call	0x92	; 0x92 <__fixunssfsi>
    3650:	dc 01       	movw	r26, r24
    3652:	cb 01       	movw	r24, r22
    3654:	9e 83       	std	Y+6, r25	; 0x06
    3656:	8d 83       	std	Y+5, r24	; 0x05
    3658:	0f c0       	rjmp	.+30     	; 0x3678 <Buzzer_ClickFeedback+0xce>
    365a:	88 ec       	ldi	r24, 0xC8	; 200
    365c:	90 e0       	ldi	r25, 0x00	; 0
    365e:	9c 83       	std	Y+4, r25	; 0x04
    3660:	8b 83       	std	Y+3, r24	; 0x03
    3662:	8b 81       	ldd	r24, Y+3	; 0x03
    3664:	9c 81       	ldd	r25, Y+4	; 0x04
    3666:	01 97       	sbiw	r24, 0x01	; 1
    3668:	f1 f7       	brne	.-4      	; 0x3666 <Buzzer_ClickFeedback+0xbc>
    366a:	9c 83       	std	Y+4, r25	; 0x04
    366c:	8b 83       	std	Y+3, r24	; 0x03
		while(__ticks)
		{
			// wait 1/10 ms
			_delay_loop_2(((F_CPU) / 4e3) / 10);
			__ticks --;
    366e:	8d 81       	ldd	r24, Y+5	; 0x05
    3670:	9e 81       	ldd	r25, Y+6	; 0x06
    3672:	01 97       	sbiw	r24, 0x01	; 1
    3674:	9e 83       	std	Y+6, r25	; 0x06
    3676:	8d 83       	std	Y+5, r24	; 0x05
		__ticks = 1;
	else if (__tmp > 65535)
	{
		//	__ticks = requested delay in 1/10 ms
		__ticks = (uint16_t) (__ms * 10.0);
		while(__ticks)
    3678:	8d 81       	ldd	r24, Y+5	; 0x05
    367a:	9e 81       	ldd	r25, Y+6	; 0x06
    367c:	00 97       	sbiw	r24, 0x00	; 0
    367e:	69 f7       	brne	.-38     	; 0x365a <Buzzer_ClickFeedback+0xb0>
    3680:	14 c0       	rjmp	.+40     	; 0x36aa <Buzzer_ClickFeedback+0x100>
			__ticks --;
		}
		return;
	}
	else
		__ticks = (uint16_t)__tmp;
    3682:	6f 81       	ldd	r22, Y+7	; 0x07
    3684:	78 85       	ldd	r23, Y+8	; 0x08
    3686:	89 85       	ldd	r24, Y+9	; 0x09
    3688:	9a 85       	ldd	r25, Y+10	; 0x0a
    368a:	0e 94 49 00 	call	0x92	; 0x92 <__fixunssfsi>
    368e:	dc 01       	movw	r26, r24
    3690:	cb 01       	movw	r24, r22
    3692:	9e 83       	std	Y+6, r25	; 0x06
    3694:	8d 83       	std	Y+5, r24	; 0x05
    3696:	8d 81       	ldd	r24, Y+5	; 0x05
    3698:	9e 81       	ldd	r25, Y+6	; 0x06
    369a:	9a 83       	std	Y+2, r25	; 0x02
    369c:	89 83       	std	Y+1, r24	; 0x01
    369e:	89 81       	ldd	r24, Y+1	; 0x01
    36a0:	9a 81       	ldd	r25, Y+2	; 0x02
    36a2:	01 97       	sbiw	r24, 0x01	; 1
    36a4:	f1 f7       	brne	.-4      	; 0x36a2 <Buzzer_ClickFeedback+0xf8>
    36a6:	9a 83       	std	Y+2, r25	; 0x02
    36a8:	89 83       	std	Y+1, r24	; 0x01
    _delay_ms(50);
    HBuzzer_voidBuzzerOff(DIO_PORTD, DIO_PIN6);
    36aa:	83 e0       	ldi	r24, 0x03	; 3
    36ac:	66 e0       	ldi	r22, 0x06	; 6
    36ae:	0e 94 67 1a 	call	0x34ce	; 0x34ce <HBuzzer_voidBuzzerOff>
}
    36b2:	2e 96       	adiw	r28, 0x0e	; 14
    36b4:	0f b6       	in	r0, 0x3f	; 63
    36b6:	f8 94       	cli
    36b8:	de bf       	out	0x3e, r29	; 62
    36ba:	0f be       	out	0x3f, r0	; 63
    36bc:	cd bf       	out	0x3d, r28	; 61
    36be:	cf 91       	pop	r28
    36c0:	df 91       	pop	r29
    36c2:	08 95       	ret

000036c4 <main>:

int main(void) {
    36c4:	0f 93       	push	r16
    36c6:	1f 93       	push	r17
    36c8:	df 93       	push	r29
    36ca:	cf 93       	push	r28
    36cc:	cd b7       	in	r28, 0x3d	; 61
    36ce:	de b7       	in	r29, 0x3e	; 62
    36d0:	cf 58       	subi	r28, 0x8F	; 143
    36d2:	d0 40       	sbci	r29, 0x00	; 0
    36d4:	0f b6       	in	r0, 0x3f	; 63
    36d6:	f8 94       	cli
    36d8:	de bf       	out	0x3e, r29	; 62
    36da:	0f be       	out	0x3f, r0	; 63
    36dc:	cd bf       	out	0x3d, r28	; 61
    // 1. تهيئة الموديولات
    HLCD_voidInit();
    36de:	0e 94 15 0e 	call	0x1c2a	; 0x1c2a <HLCD_voidInit>
    MADC_voidInit(ADC_PRESCALLER_64, REF_AVCC);
    36e2:	85 e0       	ldi	r24, 0x05	; 5
    36e4:	61 e0       	ldi	r22, 0x01	; 1
    36e6:	0e 94 0c 0a 	call	0x1418	; 0x1418 <MADC_voidInit>
    HKP_voidInit(DIO_PORTC); // Keypad على Port C
    36ea:	82 e0       	ldi	r24, 0x02	; 2
    36ec:	0e 94 7b 18 	call	0x30f6	; 0x30f6 <HKP_voidInit>

    // تهيئة 4 ليدات على Port D (Pins 2, 3, 4, 5)
    HLED_voidLedInit(DIO_PORTD, DIO_PIN2);
    36f0:	83 e0       	ldi	r24, 0x03	; 3
    36f2:	62 e0       	ldi	r22, 0x02	; 2
    36f4:	0e 94 d2 0d 	call	0x1ba4	; 0x1ba4 <HLED_voidLedInit>
    HLED_voidLedInit(DIO_PORTD, DIO_PIN3);
    36f8:	83 e0       	ldi	r24, 0x03	; 3
    36fa:	63 e0       	ldi	r22, 0x03	; 3
    36fc:	0e 94 d2 0d 	call	0x1ba4	; 0x1ba4 <HLED_voidLedInit>
    HLED_voidLedInit(DIO_PORTD, DIO_PIN4);
    3700:	83 e0       	ldi	r24, 0x03	; 3
    3702:	64 e0       	ldi	r22, 0x04	; 4
    3704:	0e 94 d2 0d 	call	0x1ba4	; 0x1ba4 <HLED_voidLedInit>
    HLED_voidLedInit(DIO_PORTD, DIO_PIN5);
    3708:	83 e0       	ldi	r24, 0x03	; 3
    370a:	65 e0       	ldi	r22, 0x05	; 5
    370c:	0e 94 d2 0d 	call	0x1ba4	; 0x1ba4 <HLED_voidLedInit>

    // تهيئة 4 أزرار على Port A (Pins 1, 2, 3, 4)
    HPB_voidInit(DIO_PORTA, DIO_PIN1);
    3710:	80 e0       	ldi	r24, 0x00	; 0
    3712:	61 e0       	ldi	r22, 0x01	; 1
    3714:	0e 94 a7 0c 	call	0x194e	; 0x194e <HPB_voidInit>
    HPB_voidInit(DIO_PORTA, DIO_PIN2);
    3718:	80 e0       	ldi	r24, 0x00	; 0
    371a:	62 e0       	ldi	r22, 0x02	; 2
    371c:	0e 94 a7 0c 	call	0x194e	; 0x194e <HPB_voidInit>
    HPB_voidInit(DIO_PORTA, DIO_PIN3);
    3720:	80 e0       	ldi	r24, 0x00	; 0
    3722:	63 e0       	ldi	r22, 0x03	; 3
    3724:	0e 94 a7 0c 	call	0x194e	; 0x194e <HPB_voidInit>
    HPB_voidInit(DIO_PORTA, DIO_PIN4);
    3728:	80 e0       	ldi	r24, 0x00	; 0
    372a:	64 e0       	ldi	r22, 0x04	; 4
    372c:	0e 94 a7 0c 	call	0x194e	; 0x194e <HPB_voidInit>

    // تهيئة محرك التكييف DC Motor على Port D (Pins 0, 1)
    HDcMotor_voidInit(DIO_PORTD, DIO_PIN0, DIO_PORTD, DIO_PIN1);
    3730:	83 e0       	ldi	r24, 0x03	; 3
    3732:	60 e0       	ldi	r22, 0x00	; 0
    3734:	43 e0       	ldi	r20, 0x03	; 3
    3736:	21 e0       	ldi	r18, 0x01	; 1
    3738:	0e 94 d9 19 	call	0x33b2	; 0x33b2 <HDcMotor_voidInit>

    // تهيئة الـ Buzzer على Port D (Pin 6)
    HBuzzer_voidBuzzerInit(DIO_PORTD, DIO_PIN6);
    373c:	83 e0       	ldi	r24, 0x03	; 3
    373e:	66 e0       	ldi	r22, 0x06	; 6
    3740:	0e 94 45 1a 	call	0x348a	; 0x348a <HBuzzer_voidBuzzerInit>

    u8 stored_pass[4];
    u8 entered_pass[4];
    u8 is_authenticated = 0;
    3744:	fe 01       	movw	r30, r28
    3746:	e9 57       	subi	r30, 0x79	; 121
    3748:	ff 4f       	sbci	r31, 0xFF	; 255
    374a:	10 82       	st	Z, r1

    // 2. إعداد كلمة المرور الافتراضية في EEPROM إذا كانت غير مهيأة
    if(MEEPROM_u8Read(0x0000) == 0xFF) {
    374c:	80 e0       	ldi	r24, 0x00	; 0
    374e:	90 e0       	ldi	r25, 0x00	; 0
    3750:	0e 94 d6 05 	call	0xbac	; 0xbac <MEEPROM_u8Read>
    3754:	8f 3f       	cpi	r24, 0xFF	; 255
    3756:	a1 f4       	brne	.+40     	; 0x3780 <main+0xbc>
        MEEPROM_voidWrite(0x0000, '1');
    3758:	80 e0       	ldi	r24, 0x00	; 0
    375a:	90 e0       	ldi	r25, 0x00	; 0
    375c:	61 e3       	ldi	r22, 0x31	; 49
    375e:	0e 94 a3 05 	call	0xb46	; 0xb46 <MEEPROM_voidWrite>
        MEEPROM_voidWrite(0x0001, '2');
    3762:	81 e0       	ldi	r24, 0x01	; 1
    3764:	90 e0       	ldi	r25, 0x00	; 0
    3766:	62 e3       	ldi	r22, 0x32	; 50
    3768:	0e 94 a3 05 	call	0xb46	; 0xb46 <MEEPROM_voidWrite>
        MEEPROM_voidWrite(0x0002, '3');
    376c:	82 e0       	ldi	r24, 0x02	; 2
    376e:	90 e0       	ldi	r25, 0x00	; 0
    3770:	63 e3       	ldi	r22, 0x33	; 51
    3772:	0e 94 a3 05 	call	0xb46	; 0xb46 <MEEPROM_voidWrite>
        MEEPROM_voidWrite(0x0003, '4');
    3776:	83 e0       	ldi	r24, 0x03	; 3
    3778:	90 e0       	ldi	r25, 0x00	; 0
    377a:	64 e3       	ldi	r22, 0x34	; 52
    377c:	0e 94 a3 05 	call	0xb46	; 0xb46 <MEEPROM_voidWrite>
    }

    // قراءة كلمة المرور المحفوظة
    stored_pass[0] = MEEPROM_u8Read(0x0000);
    3780:	80 e0       	ldi	r24, 0x00	; 0
    3782:	90 e0       	ldi	r25, 0x00	; 0
    3784:	0e 94 d6 05 	call	0xbac	; 0xbac <MEEPROM_u8Read>
    3788:	fe 01       	movw	r30, r28
    378a:	e8 57       	subi	r30, 0x78	; 120
    378c:	ff 4f       	sbci	r31, 0xFF	; 255
    378e:	80 83       	st	Z, r24
    stored_pass[1] = MEEPROM_u8Read(0x0001);
    3790:	81 e0       	ldi	r24, 0x01	; 1
    3792:	90 e0       	ldi	r25, 0x00	; 0
    3794:	0e 94 d6 05 	call	0xbac	; 0xbac <MEEPROM_u8Read>
    3798:	fe 01       	movw	r30, r28
    379a:	e8 57       	subi	r30, 0x78	; 120
    379c:	ff 4f       	sbci	r31, 0xFF	; 255
    379e:	81 83       	std	Z+1, r24	; 0x01
    stored_pass[2] = MEEPROM_u8Read(0x0002);
    37a0:	82 e0       	ldi	r24, 0x02	; 2
    37a2:	90 e0       	ldi	r25, 0x00	; 0
    37a4:	0e 94 d6 05 	call	0xbac	; 0xbac <MEEPROM_u8Read>
    37a8:	fe 01       	movw	r30, r28
    37aa:	e8 57       	subi	r30, 0x78	; 120
    37ac:	ff 4f       	sbci	r31, 0xFF	; 255
    37ae:	82 83       	std	Z+2, r24	; 0x02
    stored_pass[3] = MEEPROM_u8Read(0x0003);
    37b0:	83 e0       	ldi	r24, 0x03	; 3
    37b2:	90 e0       	ldi	r25, 0x00	; 0
    37b4:	0e 94 d6 05 	call	0xbac	; 0xbac <MEEPROM_u8Read>
    37b8:	fe 01       	movw	r30, r28
    37ba:	e8 57       	subi	r30, 0x78	; 120
    37bc:	ff 4f       	sbci	r31, 0xFF	; 255
    37be:	83 83       	std	Z+3, r24	; 0x03
    37c0:	fb c3       	rjmp	.+2038   	; 0x3fb8 <main+0x8f4>

    // 3. حلقة تسجيل الدخول باستخدام الـ Keypad
    while (is_authenticated == 0) {
        HLCD_voidClrScreen();
    37c2:	0e 94 85 16 	call	0x2d0a	; 0x2d0a <HLCD_voidClrScreen>
        HLCD_voidMoveCursor(LCD_ROW0, LCD_COL0);
    37c6:	80 e0       	ldi	r24, 0x00	; 0
    37c8:	60 e0       	ldi	r22, 0x00	; 0
    37ca:	0e 94 1d 18 	call	0x303a	; 0x303a <HLCD_voidMoveCursor>
        HLCD_voidDisplayStr((u8*)"Enter Password:");
    37ce:	88 ea       	ldi	r24, 0xA8	; 168
    37d0:	90 e0       	ldi	r25, 0x00	; 0
    37d2:	0e 94 5c 16 	call	0x2cb8	; 0x2cb8 <HLCD_voidDisplayStr>

        HLCD_voidMoveCursor(LCD_ROW1, LCD_COL0);
    37d6:	81 e0       	ldi	r24, 0x01	; 1
    37d8:	60 e0       	ldi	r22, 0x00	; 0
    37da:	0e 94 1d 18 	call	0x303a	; 0x303a <HLCD_voidMoveCursor>

        u8 key_pressed = KP_NOT_PRESSED;
    37de:	fe 01       	movw	r30, r28
    37e0:	ea 57       	subi	r30, 0x7A	; 122
    37e2:	ff 4f       	sbci	r31, 0xFF	; 255
    37e4:	8f ef       	ldi	r24, 0xFF	; 255
    37e6:	80 83       	st	Z, r24
        for(u8 i = 0; i < 4; ) {
    37e8:	fe 01       	movw	r30, r28
    37ea:	eb 57       	subi	r30, 0x7B	; 123
    37ec:	ff 4f       	sbci	r31, 0xFF	; 255
    37ee:	10 82       	st	Z, r1
    37f0:	e4 c0       	rjmp	.+456    	; 0x39ba <main+0x2f6>
            key_pressed = HKP_u8GetPressedValue(DIO_PORTC);
    37f2:	82 e0       	ldi	r24, 0x02	; 2
    37f4:	0e 94 8d 18 	call	0x311a	; 0x311a <HKP_u8GetPressedValue>
    37f8:	fe 01       	movw	r30, r28
    37fa:	ea 57       	subi	r30, 0x7A	; 122
    37fc:	ff 4f       	sbci	r31, 0xFF	; 255
    37fe:	80 83       	st	Z, r24

            if(key_pressed != KP_NOT_PRESSED) {
    3800:	fe 01       	movw	r30, r28
    3802:	ea 57       	subi	r30, 0x7A	; 122
    3804:	ff 4f       	sbci	r31, 0xFF	; 255
    3806:	80 81       	ld	r24, Z
    3808:	8f 3f       	cpi	r24, 0xFF	; 255
    380a:	09 f4       	brne	.+2      	; 0x380e <main+0x14a>
    380c:	d6 c0       	rjmp	.+428    	; 0x39ba <main+0x2f6>
                entered_pass[i] = key_pressed;
    380e:	fe 01       	movw	r30, r28
    3810:	eb 57       	subi	r30, 0x7B	; 123
    3812:	ff 4f       	sbci	r31, 0xFF	; 255
    3814:	80 81       	ld	r24, Z
    3816:	28 2f       	mov	r18, r24
    3818:	30 e0       	ldi	r19, 0x00	; 0
    381a:	ce 01       	movw	r24, r28
    381c:	84 57       	subi	r24, 0x74	; 116
    381e:	9f 4f       	sbci	r25, 0xFF	; 255
    3820:	dc 01       	movw	r26, r24
    3822:	a2 0f       	add	r26, r18
    3824:	b3 1f       	adc	r27, r19
    3826:	fe 01       	movw	r30, r28
    3828:	ea 57       	subi	r30, 0x7A	; 122
    382a:	ff 4f       	sbci	r31, 0xFF	; 255
    382c:	80 81       	ld	r24, Z
    382e:	8c 93       	st	X, r24
                HLCD_voidWriteData('*'); // طباعة النجمة على السطر الثاني
    3830:	8a e2       	ldi	r24, 0x2A	; 42
    3832:	0e 94 60 11 	call	0x22c0	; 0x22c0 <HLCD_voidWriteData>
                i++;
    3836:	de 01       	movw	r26, r28
    3838:	ab 57       	subi	r26, 0x7B	; 123
    383a:	bf 4f       	sbci	r27, 0xFF	; 255
    383c:	fe 01       	movw	r30, r28
    383e:	eb 57       	subi	r30, 0x7B	; 123
    3840:	ff 4f       	sbci	r31, 0xFF	; 255
    3842:	80 81       	ld	r24, Z
    3844:	8f 5f       	subi	r24, 0xFF	; 255
    3846:	8c 93       	st	X, r24

                // انتظار حتى يرفع المستخدم يده عن الزر لمنع التكرار
                while(HKP_u8GetPressedValue(DIO_PORTC) != KP_NOT_PRESSED);
    3848:	82 e0       	ldi	r24, 0x02	; 2
    384a:	0e 94 8d 18 	call	0x311a	; 0x311a <HKP_u8GetPressedValue>
    384e:	8f 3f       	cpi	r24, 0xFF	; 255
    3850:	d9 f7       	brne	.-10     	; 0x3848 <main+0x184>
    3852:	fe 01       	movw	r30, r28
    3854:	e5 58       	subi	r30, 0x85	; 133
    3856:	ff 4f       	sbci	r31, 0xFF	; 255
    3858:	80 e0       	ldi	r24, 0x00	; 0
    385a:	90 e0       	ldi	r25, 0x00	; 0
    385c:	a8 e4       	ldi	r26, 0x48	; 72
    385e:	b2 e4       	ldi	r27, 0x42	; 66
    3860:	80 83       	st	Z, r24
    3862:	91 83       	std	Z+1, r25	; 0x01
    3864:	a2 83       	std	Z+2, r26	; 0x02
    3866:	b3 83       	std	Z+3, r27	; 0x03
 */
void
_delay_ms(double __ms)
{
	uint16_t __ticks;
	double __tmp = ((F_CPU) / 4e3) * __ms;
    3868:	8e 01       	movw	r16, r28
    386a:	09 58       	subi	r16, 0x89	; 137
    386c:	1f 4f       	sbci	r17, 0xFF	; 255
    386e:	fe 01       	movw	r30, r28
    3870:	e5 58       	subi	r30, 0x85	; 133
    3872:	ff 4f       	sbci	r31, 0xFF	; 255
    3874:	60 81       	ld	r22, Z
    3876:	71 81       	ldd	r23, Z+1	; 0x01
    3878:	82 81       	ldd	r24, Z+2	; 0x02
    387a:	93 81       	ldd	r25, Z+3	; 0x03
    387c:	20 e0       	ldi	r18, 0x00	; 0
    387e:	30 e0       	ldi	r19, 0x00	; 0
    3880:	4a ef       	ldi	r20, 0xFA	; 250
    3882:	54 e4       	ldi	r21, 0x44	; 68
    3884:	0e 94 1f 02 	call	0x43e	; 0x43e <__mulsf3>
    3888:	dc 01       	movw	r26, r24
    388a:	cb 01       	movw	r24, r22
    388c:	f8 01       	movw	r30, r16
    388e:	80 83       	st	Z, r24
    3890:	91 83       	std	Z+1, r25	; 0x01
    3892:	a2 83       	std	Z+2, r26	; 0x02
    3894:	b3 83       	std	Z+3, r27	; 0x03
	if (__tmp < 1.0)
    3896:	fe 01       	movw	r30, r28
    3898:	e9 58       	subi	r30, 0x89	; 137
    389a:	ff 4f       	sbci	r31, 0xFF	; 255
    389c:	60 81       	ld	r22, Z
    389e:	71 81       	ldd	r23, Z+1	; 0x01
    38a0:	82 81       	ldd	r24, Z+2	; 0x02
    38a2:	93 81       	ldd	r25, Z+3	; 0x03
    38a4:	20 e0       	ldi	r18, 0x00	; 0
    38a6:	30 e0       	ldi	r19, 0x00	; 0
    38a8:	40 e8       	ldi	r20, 0x80	; 128
    38aa:	5f e3       	ldi	r21, 0x3F	; 63
    38ac:	0e 94 79 03 	call	0x6f2	; 0x6f2 <__ltsf2>
    38b0:	88 23       	and	r24, r24
    38b2:	44 f4       	brge	.+16     	; 0x38c4 <main+0x200>
		__ticks = 1;
    38b4:	fe 01       	movw	r30, r28
    38b6:	eb 58       	subi	r30, 0x8B	; 139
    38b8:	ff 4f       	sbci	r31, 0xFF	; 255
    38ba:	81 e0       	ldi	r24, 0x01	; 1
    38bc:	90 e0       	ldi	r25, 0x00	; 0
    38be:	91 83       	std	Z+1, r25	; 0x01
    38c0:	80 83       	st	Z, r24
    38c2:	64 c0       	rjmp	.+200    	; 0x398c <main+0x2c8>
	else if (__tmp > 65535)
    38c4:	fe 01       	movw	r30, r28
    38c6:	e9 58       	subi	r30, 0x89	; 137
    38c8:	ff 4f       	sbci	r31, 0xFF	; 255
    38ca:	60 81       	ld	r22, Z
    38cc:	71 81       	ldd	r23, Z+1	; 0x01
    38ce:	82 81       	ldd	r24, Z+2	; 0x02
    38d0:	93 81       	ldd	r25, Z+3	; 0x03
    38d2:	20 e0       	ldi	r18, 0x00	; 0
    38d4:	3f ef       	ldi	r19, 0xFF	; 255
    38d6:	4f e7       	ldi	r20, 0x7F	; 127
    38d8:	57 e4       	ldi	r21, 0x47	; 71
    38da:	0e 94 19 03 	call	0x632	; 0x632 <__gtsf2>
    38de:	18 16       	cp	r1, r24
    38e0:	0c f0       	brlt	.+2      	; 0x38e4 <main+0x220>
    38e2:	43 c0       	rjmp	.+134    	; 0x396a <main+0x2a6>
	{
		//	__ticks = requested delay in 1/10 ms
		__ticks = (uint16_t) (__ms * 10.0);
    38e4:	fe 01       	movw	r30, r28
    38e6:	e5 58       	subi	r30, 0x85	; 133
    38e8:	ff 4f       	sbci	r31, 0xFF	; 255
    38ea:	60 81       	ld	r22, Z
    38ec:	71 81       	ldd	r23, Z+1	; 0x01
    38ee:	82 81       	ldd	r24, Z+2	; 0x02
    38f0:	93 81       	ldd	r25, Z+3	; 0x03
    38f2:	20 e0       	ldi	r18, 0x00	; 0
    38f4:	30 e0       	ldi	r19, 0x00	; 0
    38f6:	40 e2       	ldi	r20, 0x20	; 32
    38f8:	51 e4       	ldi	r21, 0x41	; 65
    38fa:	0e 94 1f 02 	call	0x43e	; 0x43e <__mulsf3>
    38fe:	dc 01       	movw	r26, r24
    3900:	cb 01       	movw	r24, r22
    3902:	8e 01       	movw	r16, r28
    3904:	0b 58       	subi	r16, 0x8B	; 139
    3906:	1f 4f       	sbci	r17, 0xFF	; 255
    3908:	bc 01       	movw	r22, r24
    390a:	cd 01       	movw	r24, r26
    390c:	0e 94 49 00 	call	0x92	; 0x92 <__fixunssfsi>
    3910:	dc 01       	movw	r26, r24
    3912:	cb 01       	movw	r24, r22
    3914:	f8 01       	movw	r30, r16
    3916:	91 83       	std	Z+1, r25	; 0x01
    3918:	80 83       	st	Z, r24
    391a:	1f c0       	rjmp	.+62     	; 0x395a <main+0x296>
    391c:	fe 01       	movw	r30, r28
    391e:	ed 58       	subi	r30, 0x8D	; 141
    3920:	ff 4f       	sbci	r31, 0xFF	; 255
    3922:	88 ec       	ldi	r24, 0xC8	; 200
    3924:	90 e0       	ldi	r25, 0x00	; 0
    3926:	91 83       	std	Z+1, r25	; 0x01
    3928:	80 83       	st	Z, r24
    392a:	fe 01       	movw	r30, r28
    392c:	ed 58       	subi	r30, 0x8D	; 141
    392e:	ff 4f       	sbci	r31, 0xFF	; 255
    3930:	80 81       	ld	r24, Z
    3932:	91 81       	ldd	r25, Z+1	; 0x01
    3934:	01 97       	sbiw	r24, 0x01	; 1
    3936:	f1 f7       	brne	.-4      	; 0x3934 <main+0x270>
    3938:	fe 01       	movw	r30, r28
    393a:	ed 58       	subi	r30, 0x8D	; 141
    393c:	ff 4f       	sbci	r31, 0xFF	; 255
    393e:	91 83       	std	Z+1, r25	; 0x01
    3940:	80 83       	st	Z, r24
		while(__ticks)
		{
			// wait 1/10 ms
			_delay_loop_2(((F_CPU) / 4e3) / 10);
			__ticks --;
    3942:	de 01       	movw	r26, r28
    3944:	ab 58       	subi	r26, 0x8B	; 139
    3946:	bf 4f       	sbci	r27, 0xFF	; 255
    3948:	fe 01       	movw	r30, r28
    394a:	eb 58       	subi	r30, 0x8B	; 139
    394c:	ff 4f       	sbci	r31, 0xFF	; 255
    394e:	80 81       	ld	r24, Z
    3950:	91 81       	ldd	r25, Z+1	; 0x01
    3952:	01 97       	sbiw	r24, 0x01	; 1
    3954:	11 96       	adiw	r26, 0x01	; 1
    3956:	9c 93       	st	X, r25
    3958:	8e 93       	st	-X, r24
		__ticks = 1;
	else if (__tmp > 65535)
	{
		//	__ticks = requested delay in 1/10 ms
		__ticks = (uint16_t) (__ms * 10.0);
		while(__ticks)
    395a:	fe 01       	movw	r30, r28
    395c:	eb 58       	subi	r30, 0x8B	; 139
    395e:	ff 4f       	sbci	r31, 0xFF	; 255
    3960:	80 81       	ld	r24, Z
    3962:	91 81       	ldd	r25, Z+1	; 0x01
    3964:	00 97       	sbiw	r24, 0x00	; 0
    3966:	d1 f6       	brne	.-76     	; 0x391c <main+0x258>
    3968:	28 c0       	rjmp	.+80     	; 0x39ba <main+0x2f6>
			__ticks --;
		}
		return;
	}
	else
		__ticks = (uint16_t)__tmp;
    396a:	8e 01       	movw	r16, r28
    396c:	0b 58       	subi	r16, 0x8B	; 139
    396e:	1f 4f       	sbci	r17, 0xFF	; 255
    3970:	fe 01       	movw	r30, r28
    3972:	e9 58       	subi	r30, 0x89	; 137
    3974:	ff 4f       	sbci	r31, 0xFF	; 255
    3976:	60 81       	ld	r22, Z
    3978:	71 81       	ldd	r23, Z+1	; 0x01
    397a:	82 81       	ldd	r24, Z+2	; 0x02
    397c:	93 81       	ldd	r25, Z+3	; 0x03
    397e:	0e 94 49 00 	call	0x92	; 0x92 <__fixunssfsi>
    3982:	dc 01       	movw	r26, r24
    3984:	cb 01       	movw	r24, r22
    3986:	f8 01       	movw	r30, r16
    3988:	91 83       	std	Z+1, r25	; 0x01
    398a:	80 83       	st	Z, r24
    398c:	de 01       	movw	r26, r28
    398e:	af 58       	subi	r26, 0x8F	; 143
    3990:	bf 4f       	sbci	r27, 0xFF	; 255
    3992:	fe 01       	movw	r30, r28
    3994:	eb 58       	subi	r30, 0x8B	; 139
    3996:	ff 4f       	sbci	r31, 0xFF	; 255
    3998:	80 81       	ld	r24, Z
    399a:	91 81       	ldd	r25, Z+1	; 0x01
    399c:	11 96       	adiw	r26, 0x01	; 1
    399e:	9c 93       	st	X, r25
    39a0:	8e 93       	st	-X, r24
    39a2:	fe 01       	movw	r30, r28
    39a4:	ef 58       	subi	r30, 0x8F	; 143
    39a6:	ff 4f       	sbci	r31, 0xFF	; 255
    39a8:	80 81       	ld	r24, Z
    39aa:	91 81       	ldd	r25, Z+1	; 0x01
    39ac:	01 97       	sbiw	r24, 0x01	; 1
    39ae:	f1 f7       	brne	.-4      	; 0x39ac <main+0x2e8>
    39b0:	fe 01       	movw	r30, r28
    39b2:	ef 58       	subi	r30, 0x8F	; 143
    39b4:	ff 4f       	sbci	r31, 0xFF	; 255
    39b6:	91 83       	std	Z+1, r25	; 0x01
    39b8:	80 83       	st	Z, r24
        HLCD_voidDisplayStr((u8*)"Enter Password:");

        HLCD_voidMoveCursor(LCD_ROW1, LCD_COL0);

        u8 key_pressed = KP_NOT_PRESSED;
        for(u8 i = 0; i < 4; ) {
    39ba:	fe 01       	movw	r30, r28
    39bc:	eb 57       	subi	r30, 0x7B	; 123
    39be:	ff 4f       	sbci	r31, 0xFF	; 255
    39c0:	80 81       	ld	r24, Z
    39c2:	84 30       	cpi	r24, 0x04	; 4
    39c4:	08 f4       	brcc	.+2      	; 0x39c8 <main+0x304>
    39c6:	15 cf       	rjmp	.-470    	; 0x37f2 <main+0x12e>
    39c8:	fe 01       	movw	r30, r28
    39ca:	e3 59       	subi	r30, 0x93	; 147
    39cc:	ff 4f       	sbci	r31, 0xFF	; 255
    39ce:	80 e0       	ldi	r24, 0x00	; 0
    39d0:	90 e0       	ldi	r25, 0x00	; 0
    39d2:	a6 e9       	ldi	r26, 0x96	; 150
    39d4:	b3 e4       	ldi	r27, 0x43	; 67
    39d6:	80 83       	st	Z, r24
    39d8:	91 83       	std	Z+1, r25	; 0x01
    39da:	a2 83       	std	Z+2, r26	; 0x02
    39dc:	b3 83       	std	Z+3, r27	; 0x03
 */
void
_delay_ms(double __ms)
{
	uint16_t __ticks;
	double __tmp = ((F_CPU) / 4e3) * __ms;
    39de:	8e 01       	movw	r16, r28
    39e0:	07 59       	subi	r16, 0x97	; 151
    39e2:	1f 4f       	sbci	r17, 0xFF	; 255
    39e4:	fe 01       	movw	r30, r28
    39e6:	e3 59       	subi	r30, 0x93	; 147
    39e8:	ff 4f       	sbci	r31, 0xFF	; 255
    39ea:	60 81       	ld	r22, Z
    39ec:	71 81       	ldd	r23, Z+1	; 0x01
    39ee:	82 81       	ldd	r24, Z+2	; 0x02
    39f0:	93 81       	ldd	r25, Z+3	; 0x03
    39f2:	20 e0       	ldi	r18, 0x00	; 0
    39f4:	30 e0       	ldi	r19, 0x00	; 0
    39f6:	4a ef       	ldi	r20, 0xFA	; 250
    39f8:	54 e4       	ldi	r21, 0x44	; 68
    39fa:	0e 94 1f 02 	call	0x43e	; 0x43e <__mulsf3>
    39fe:	dc 01       	movw	r26, r24
    3a00:	cb 01       	movw	r24, r22
    3a02:	f8 01       	movw	r30, r16
    3a04:	80 83       	st	Z, r24
    3a06:	91 83       	std	Z+1, r25	; 0x01
    3a08:	a2 83       	std	Z+2, r26	; 0x02
    3a0a:	b3 83       	std	Z+3, r27	; 0x03
	if (__tmp < 1.0)
    3a0c:	fe 01       	movw	r30, r28
    3a0e:	e7 59       	subi	r30, 0x97	; 151
    3a10:	ff 4f       	sbci	r31, 0xFF	; 255
    3a12:	60 81       	ld	r22, Z
    3a14:	71 81       	ldd	r23, Z+1	; 0x01
    3a16:	82 81       	ldd	r24, Z+2	; 0x02
    3a18:	93 81       	ldd	r25, Z+3	; 0x03
    3a1a:	20 e0       	ldi	r18, 0x00	; 0
    3a1c:	30 e0       	ldi	r19, 0x00	; 0
    3a1e:	40 e8       	ldi	r20, 0x80	; 128
    3a20:	5f e3       	ldi	r21, 0x3F	; 63
    3a22:	0e 94 79 03 	call	0x6f2	; 0x6f2 <__ltsf2>
    3a26:	88 23       	and	r24, r24
    3a28:	44 f4       	brge	.+16     	; 0x3a3a <main+0x376>
		__ticks = 1;
    3a2a:	fe 01       	movw	r30, r28
    3a2c:	e9 59       	subi	r30, 0x99	; 153
    3a2e:	ff 4f       	sbci	r31, 0xFF	; 255
    3a30:	81 e0       	ldi	r24, 0x01	; 1
    3a32:	90 e0       	ldi	r25, 0x00	; 0
    3a34:	91 83       	std	Z+1, r25	; 0x01
    3a36:	80 83       	st	Z, r24
    3a38:	64 c0       	rjmp	.+200    	; 0x3b02 <main+0x43e>
	else if (__tmp > 65535)
    3a3a:	fe 01       	movw	r30, r28
    3a3c:	e7 59       	subi	r30, 0x97	; 151
    3a3e:	ff 4f       	sbci	r31, 0xFF	; 255
    3a40:	60 81       	ld	r22, Z
    3a42:	71 81       	ldd	r23, Z+1	; 0x01
    3a44:	82 81       	ldd	r24, Z+2	; 0x02
    3a46:	93 81       	ldd	r25, Z+3	; 0x03
    3a48:	20 e0       	ldi	r18, 0x00	; 0
    3a4a:	3f ef       	ldi	r19, 0xFF	; 255
    3a4c:	4f e7       	ldi	r20, 0x7F	; 127
    3a4e:	57 e4       	ldi	r21, 0x47	; 71
    3a50:	0e 94 19 03 	call	0x632	; 0x632 <__gtsf2>
    3a54:	18 16       	cp	r1, r24
    3a56:	0c f0       	brlt	.+2      	; 0x3a5a <main+0x396>
    3a58:	43 c0       	rjmp	.+134    	; 0x3ae0 <main+0x41c>
	{
		//	__ticks = requested delay in 1/10 ms
		__ticks = (uint16_t) (__ms * 10.0);
    3a5a:	fe 01       	movw	r30, r28
    3a5c:	e3 59       	subi	r30, 0x93	; 147
    3a5e:	ff 4f       	sbci	r31, 0xFF	; 255
    3a60:	60 81       	ld	r22, Z
    3a62:	71 81       	ldd	r23, Z+1	; 0x01
    3a64:	82 81       	ldd	r24, Z+2	; 0x02
    3a66:	93 81       	ldd	r25, Z+3	; 0x03
    3a68:	20 e0       	ldi	r18, 0x00	; 0
    3a6a:	30 e0       	ldi	r19, 0x00	; 0
    3a6c:	40 e2       	ldi	r20, 0x20	; 32
    3a6e:	51 e4       	ldi	r21, 0x41	; 65
    3a70:	0e 94 1f 02 	call	0x43e	; 0x43e <__mulsf3>
    3a74:	dc 01       	movw	r26, r24
    3a76:	cb 01       	movw	r24, r22
    3a78:	8e 01       	movw	r16, r28
    3a7a:	09 59       	subi	r16, 0x99	; 153
    3a7c:	1f 4f       	sbci	r17, 0xFF	; 255
    3a7e:	bc 01       	movw	r22, r24
    3a80:	cd 01       	movw	r24, r26
    3a82:	0e 94 49 00 	call	0x92	; 0x92 <__fixunssfsi>
    3a86:	dc 01       	movw	r26, r24
    3a88:	cb 01       	movw	r24, r22
    3a8a:	f8 01       	movw	r30, r16
    3a8c:	91 83       	std	Z+1, r25	; 0x01
    3a8e:	80 83       	st	Z, r24
    3a90:	1f c0       	rjmp	.+62     	; 0x3ad0 <main+0x40c>
    3a92:	fe 01       	movw	r30, r28
    3a94:	eb 59       	subi	r30, 0x9B	; 155
    3a96:	ff 4f       	sbci	r31, 0xFF	; 255
    3a98:	88 ec       	ldi	r24, 0xC8	; 200
    3a9a:	90 e0       	ldi	r25, 0x00	; 0
    3a9c:	91 83       	std	Z+1, r25	; 0x01
    3a9e:	80 83       	st	Z, r24
    3aa0:	fe 01       	movw	r30, r28
    3aa2:	eb 59       	subi	r30, 0x9B	; 155
    3aa4:	ff 4f       	sbci	r31, 0xFF	; 255
    3aa6:	80 81       	ld	r24, Z
    3aa8:	91 81       	ldd	r25, Z+1	; 0x01
    3aaa:	01 97       	sbiw	r24, 0x01	; 1
    3aac:	f1 f7       	brne	.-4      	; 0x3aaa <main+0x3e6>
    3aae:	fe 01       	movw	r30, r28
    3ab0:	eb 59       	subi	r30, 0x9B	; 155
    3ab2:	ff 4f       	sbci	r31, 0xFF	; 255
    3ab4:	91 83       	std	Z+1, r25	; 0x01
    3ab6:	80 83       	st	Z, r24
		while(__ticks)
		{
			// wait 1/10 ms
			_delay_loop_2(((F_CPU) / 4e3) / 10);
			__ticks --;
    3ab8:	de 01       	movw	r26, r28
    3aba:	a9 59       	subi	r26, 0x99	; 153
    3abc:	bf 4f       	sbci	r27, 0xFF	; 255
    3abe:	fe 01       	movw	r30, r28
    3ac0:	e9 59       	subi	r30, 0x99	; 153
    3ac2:	ff 4f       	sbci	r31, 0xFF	; 255
    3ac4:	80 81       	ld	r24, Z
    3ac6:	91 81       	ldd	r25, Z+1	; 0x01
    3ac8:	01 97       	sbiw	r24, 0x01	; 1
    3aca:	11 96       	adiw	r26, 0x01	; 1
    3acc:	9c 93       	st	X, r25
    3ace:	8e 93       	st	-X, r24
		__ticks = 1;
	else if (__tmp > 65535)
	{
		//	__ticks = requested delay in 1/10 ms
		__ticks = (uint16_t) (__ms * 10.0);
		while(__ticks)
    3ad0:	fe 01       	movw	r30, r28
    3ad2:	e9 59       	subi	r30, 0x99	; 153
    3ad4:	ff 4f       	sbci	r31, 0xFF	; 255
    3ad6:	80 81       	ld	r24, Z
    3ad8:	91 81       	ldd	r25, Z+1	; 0x01
    3ada:	00 97       	sbiw	r24, 0x00	; 0
    3adc:	d1 f6       	brne	.-76     	; 0x3a92 <main+0x3ce>
    3ade:	28 c0       	rjmp	.+80     	; 0x3b30 <main+0x46c>
			__ticks --;
		}
		return;
	}
	else
		__ticks = (uint16_t)__tmp;
    3ae0:	8e 01       	movw	r16, r28
    3ae2:	09 59       	subi	r16, 0x99	; 153
    3ae4:	1f 4f       	sbci	r17, 0xFF	; 255
    3ae6:	fe 01       	movw	r30, r28
    3ae8:	e7 59       	subi	r30, 0x97	; 151
    3aea:	ff 4f       	sbci	r31, 0xFF	; 255
    3aec:	60 81       	ld	r22, Z
    3aee:	71 81       	ldd	r23, Z+1	; 0x01
    3af0:	82 81       	ldd	r24, Z+2	; 0x02
    3af2:	93 81       	ldd	r25, Z+3	; 0x03
    3af4:	0e 94 49 00 	call	0x92	; 0x92 <__fixunssfsi>
    3af8:	dc 01       	movw	r26, r24
    3afa:	cb 01       	movw	r24, r22
    3afc:	f8 01       	movw	r30, r16
    3afe:	91 83       	std	Z+1, r25	; 0x01
    3b00:	80 83       	st	Z, r24
    3b02:	de 01       	movw	r26, r28
    3b04:	ad 59       	subi	r26, 0x9D	; 157
    3b06:	bf 4f       	sbci	r27, 0xFF	; 255
    3b08:	fe 01       	movw	r30, r28
    3b0a:	e9 59       	subi	r30, 0x99	; 153
    3b0c:	ff 4f       	sbci	r31, 0xFF	; 255
    3b0e:	80 81       	ld	r24, Z
    3b10:	91 81       	ldd	r25, Z+1	; 0x01
    3b12:	11 96       	adiw	r26, 0x01	; 1
    3b14:	9c 93       	st	X, r25
    3b16:	8e 93       	st	-X, r24
    3b18:	fe 01       	movw	r30, r28
    3b1a:	ed 59       	subi	r30, 0x9D	; 157
    3b1c:	ff 4f       	sbci	r31, 0xFF	; 255
    3b1e:	80 81       	ld	r24, Z
    3b20:	91 81       	ldd	r25, Z+1	; 0x01
    3b22:	01 97       	sbiw	r24, 0x01	; 1
    3b24:	f1 f7       	brne	.-4      	; 0x3b22 <main+0x45e>
    3b26:	fe 01       	movw	r30, r28
    3b28:	ed 59       	subi	r30, 0x9D	; 157
    3b2a:	ff 4f       	sbci	r31, 0xFF	; 255
    3b2c:	91 83       	std	Z+1, r25	; 0x01
    3b2e:	80 83       	st	Z, r24
        }

        _delay_ms(300);

        // 4. مطابقة كلمة المرور
        if (entered_pass[0] == stored_pass[0] &&
    3b30:	fe 01       	movw	r30, r28
    3b32:	e4 57       	subi	r30, 0x74	; 116
    3b34:	ff 4f       	sbci	r31, 0xFF	; 255
    3b36:	90 81       	ld	r25, Z
    3b38:	fe 01       	movw	r30, r28
    3b3a:	e8 57       	subi	r30, 0x78	; 120
    3b3c:	ff 4f       	sbci	r31, 0xFF	; 255
    3b3e:	80 81       	ld	r24, Z
    3b40:	98 17       	cp	r25, r24
    3b42:	09 f0       	breq	.+2      	; 0x3b46 <main+0x482>
    3b44:	a6 c1       	rjmp	.+844    	; 0x3e92 <main+0x7ce>
    3b46:	fe 01       	movw	r30, r28
    3b48:	e4 57       	subi	r30, 0x74	; 116
    3b4a:	ff 4f       	sbci	r31, 0xFF	; 255
    3b4c:	91 81       	ldd	r25, Z+1	; 0x01
    3b4e:	fe 01       	movw	r30, r28
    3b50:	e8 57       	subi	r30, 0x78	; 120
    3b52:	ff 4f       	sbci	r31, 0xFF	; 255
    3b54:	81 81       	ldd	r24, Z+1	; 0x01
    3b56:	98 17       	cp	r25, r24
    3b58:	09 f0       	breq	.+2      	; 0x3b5c <main+0x498>
    3b5a:	9b c1       	rjmp	.+822    	; 0x3e92 <main+0x7ce>
    3b5c:	fe 01       	movw	r30, r28
    3b5e:	e4 57       	subi	r30, 0x74	; 116
    3b60:	ff 4f       	sbci	r31, 0xFF	; 255
    3b62:	92 81       	ldd	r25, Z+2	; 0x02
    3b64:	fe 01       	movw	r30, r28
    3b66:	e8 57       	subi	r30, 0x78	; 120
    3b68:	ff 4f       	sbci	r31, 0xFF	; 255
    3b6a:	82 81       	ldd	r24, Z+2	; 0x02
    3b6c:	98 17       	cp	r25, r24
    3b6e:	09 f0       	breq	.+2      	; 0x3b72 <main+0x4ae>
    3b70:	90 c1       	rjmp	.+800    	; 0x3e92 <main+0x7ce>
    3b72:	fe 01       	movw	r30, r28
    3b74:	e4 57       	subi	r30, 0x74	; 116
    3b76:	ff 4f       	sbci	r31, 0xFF	; 255
    3b78:	93 81       	ldd	r25, Z+3	; 0x03
    3b7a:	fe 01       	movw	r30, r28
    3b7c:	e8 57       	subi	r30, 0x78	; 120
    3b7e:	ff 4f       	sbci	r31, 0xFF	; 255
    3b80:	83 81       	ldd	r24, Z+3	; 0x03
    3b82:	98 17       	cp	r25, r24
    3b84:	09 f0       	breq	.+2      	; 0x3b88 <main+0x4c4>
    3b86:	85 c1       	rjmp	.+778    	; 0x3e92 <main+0x7ce>
            entered_pass[1] == stored_pass[1] &&
            entered_pass[2] == stored_pass[2] &&
            entered_pass[3] == stored_pass[3]) {

            HLCD_voidClrScreen();
    3b88:	0e 94 85 16 	call	0x2d0a	; 0x2d0a <HLCD_voidClrScreen>
            HLCD_voidDisplayStr((u8*)"Correct Pass");
    3b8c:	88 eb       	ldi	r24, 0xB8	; 184
    3b8e:	90 e0       	ldi	r25, 0x00	; 0
    3b90:	0e 94 5c 16 	call	0x2cb8	; 0x2cb8 <HLCD_voidDisplayStr>
    3b94:	fe 01       	movw	r30, r28
    3b96:	e1 5a       	subi	r30, 0xA1	; 161
    3b98:	ff 4f       	sbci	r31, 0xFF	; 255
    3b9a:	80 e0       	ldi	r24, 0x00	; 0
    3b9c:	90 e0       	ldi	r25, 0x00	; 0
    3b9e:	aa e7       	ldi	r26, 0x7A	; 122
    3ba0:	b4 e4       	ldi	r27, 0x44	; 68
    3ba2:	80 83       	st	Z, r24
    3ba4:	91 83       	std	Z+1, r25	; 0x01
    3ba6:	a2 83       	std	Z+2, r26	; 0x02
    3ba8:	b3 83       	std	Z+3, r27	; 0x03
 */
void
_delay_ms(double __ms)
{
	uint16_t __ticks;
	double __tmp = ((F_CPU) / 4e3) * __ms;
    3baa:	8e 01       	movw	r16, r28
    3bac:	05 5a       	subi	r16, 0xA5	; 165
    3bae:	1f 4f       	sbci	r17, 0xFF	; 255
    3bb0:	fe 01       	movw	r30, r28
    3bb2:	e1 5a       	subi	r30, 0xA1	; 161
    3bb4:	ff 4f       	sbci	r31, 0xFF	; 255
    3bb6:	60 81       	ld	r22, Z
    3bb8:	71 81       	ldd	r23, Z+1	; 0x01
    3bba:	82 81       	ldd	r24, Z+2	; 0x02
    3bbc:	93 81       	ldd	r25, Z+3	; 0x03
    3bbe:	20 e0       	ldi	r18, 0x00	; 0
    3bc0:	30 e0       	ldi	r19, 0x00	; 0
    3bc2:	4a ef       	ldi	r20, 0xFA	; 250
    3bc4:	54 e4       	ldi	r21, 0x44	; 68
    3bc6:	0e 94 1f 02 	call	0x43e	; 0x43e <__mulsf3>
    3bca:	dc 01       	movw	r26, r24
    3bcc:	cb 01       	movw	r24, r22
    3bce:	f8 01       	movw	r30, r16
    3bd0:	80 83       	st	Z, r24
    3bd2:	91 83       	std	Z+1, r25	; 0x01
    3bd4:	a2 83       	std	Z+2, r26	; 0x02
    3bd6:	b3 83       	std	Z+3, r27	; 0x03
	if (__tmp < 1.0)
    3bd8:	fe 01       	movw	r30, r28
    3bda:	e5 5a       	subi	r30, 0xA5	; 165
    3bdc:	ff 4f       	sbci	r31, 0xFF	; 255
    3bde:	60 81       	ld	r22, Z
    3be0:	71 81       	ldd	r23, Z+1	; 0x01
    3be2:	82 81       	ldd	r24, Z+2	; 0x02
    3be4:	93 81       	ldd	r25, Z+3	; 0x03
    3be6:	20 e0       	ldi	r18, 0x00	; 0
    3be8:	30 e0       	ldi	r19, 0x00	; 0
    3bea:	40 e8       	ldi	r20, 0x80	; 128
    3bec:	5f e3       	ldi	r21, 0x3F	; 63
    3bee:	0e 94 79 03 	call	0x6f2	; 0x6f2 <__ltsf2>
    3bf2:	88 23       	and	r24, r24
    3bf4:	44 f4       	brge	.+16     	; 0x3c06 <main+0x542>
		__ticks = 1;
    3bf6:	fe 01       	movw	r30, r28
    3bf8:	e7 5a       	subi	r30, 0xA7	; 167
    3bfa:	ff 4f       	sbci	r31, 0xFF	; 255
    3bfc:	81 e0       	ldi	r24, 0x01	; 1
    3bfe:	90 e0       	ldi	r25, 0x00	; 0
    3c00:	91 83       	std	Z+1, r25	; 0x01
    3c02:	80 83       	st	Z, r24
    3c04:	64 c0       	rjmp	.+200    	; 0x3cce <main+0x60a>
	else if (__tmp > 65535)
    3c06:	fe 01       	movw	r30, r28
    3c08:	e5 5a       	subi	r30, 0xA5	; 165
    3c0a:	ff 4f       	sbci	r31, 0xFF	; 255
    3c0c:	60 81       	ld	r22, Z
    3c0e:	71 81       	ldd	r23, Z+1	; 0x01
    3c10:	82 81       	ldd	r24, Z+2	; 0x02
    3c12:	93 81       	ldd	r25, Z+3	; 0x03
    3c14:	20 e0       	ldi	r18, 0x00	; 0
    3c16:	3f ef       	ldi	r19, 0xFF	; 255
    3c18:	4f e7       	ldi	r20, 0x7F	; 127
    3c1a:	57 e4       	ldi	r21, 0x47	; 71
    3c1c:	0e 94 19 03 	call	0x632	; 0x632 <__gtsf2>
    3c20:	18 16       	cp	r1, r24
    3c22:	0c f0       	brlt	.+2      	; 0x3c26 <main+0x562>
    3c24:	43 c0       	rjmp	.+134    	; 0x3cac <main+0x5e8>
	{
		//	__ticks = requested delay in 1/10 ms
		__ticks = (uint16_t) (__ms * 10.0);
    3c26:	fe 01       	movw	r30, r28
    3c28:	e1 5a       	subi	r30, 0xA1	; 161
    3c2a:	ff 4f       	sbci	r31, 0xFF	; 255
    3c2c:	60 81       	ld	r22, Z
    3c2e:	71 81       	ldd	r23, Z+1	; 0x01
    3c30:	82 81       	ldd	r24, Z+2	; 0x02
    3c32:	93 81       	ldd	r25, Z+3	; 0x03
    3c34:	20 e0       	ldi	r18, 0x00	; 0
    3c36:	30 e0       	ldi	r19, 0x00	; 0
    3c38:	40 e2       	ldi	r20, 0x20	; 32
    3c3a:	51 e4       	ldi	r21, 0x41	; 65
    3c3c:	0e 94 1f 02 	call	0x43e	; 0x43e <__mulsf3>
    3c40:	dc 01       	movw	r26, r24
    3c42:	cb 01       	movw	r24, r22
    3c44:	8e 01       	movw	r16, r28
    3c46:	07 5a       	subi	r16, 0xA7	; 167
    3c48:	1f 4f       	sbci	r17, 0xFF	; 255
    3c4a:	bc 01       	movw	r22, r24
    3c4c:	cd 01       	movw	r24, r26
    3c4e:	0e 94 49 00 	call	0x92	; 0x92 <__fixunssfsi>
    3c52:	dc 01       	movw	r26, r24
    3c54:	cb 01       	movw	r24, r22
    3c56:	f8 01       	movw	r30, r16
    3c58:	91 83       	std	Z+1, r25	; 0x01
    3c5a:	80 83       	st	Z, r24
    3c5c:	1f c0       	rjmp	.+62     	; 0x3c9c <main+0x5d8>
    3c5e:	fe 01       	movw	r30, r28
    3c60:	e9 5a       	subi	r30, 0xA9	; 169
    3c62:	ff 4f       	sbci	r31, 0xFF	; 255
    3c64:	88 ec       	ldi	r24, 0xC8	; 200
    3c66:	90 e0       	ldi	r25, 0x00	; 0
    3c68:	91 83       	std	Z+1, r25	; 0x01
    3c6a:	80 83       	st	Z, r24
    3c6c:	fe 01       	movw	r30, r28
    3c6e:	e9 5a       	subi	r30, 0xA9	; 169
    3c70:	ff 4f       	sbci	r31, 0xFF	; 255
    3c72:	80 81       	ld	r24, Z
    3c74:	91 81       	ldd	r25, Z+1	; 0x01
    3c76:	01 97       	sbiw	r24, 0x01	; 1
    3c78:	f1 f7       	brne	.-4      	; 0x3c76 <main+0x5b2>
    3c7a:	fe 01       	movw	r30, r28
    3c7c:	e9 5a       	subi	r30, 0xA9	; 169
    3c7e:	ff 4f       	sbci	r31, 0xFF	; 255
    3c80:	91 83       	std	Z+1, r25	; 0x01
    3c82:	80 83       	st	Z, r24
		while(__ticks)
		{
			// wait 1/10 ms
			_delay_loop_2(((F_CPU) / 4e3) / 10);
			__ticks --;
    3c84:	de 01       	movw	r26, r28
    3c86:	a7 5a       	subi	r26, 0xA7	; 167
    3c88:	bf 4f       	sbci	r27, 0xFF	; 255
    3c8a:	fe 01       	movw	r30, r28
    3c8c:	e7 5a       	subi	r30, 0xA7	; 167
    3c8e:	ff 4f       	sbci	r31, 0xFF	; 255
    3c90:	80 81       	ld	r24, Z
    3c92:	91 81       	ldd	r25, Z+1	; 0x01
    3c94:	01 97       	sbiw	r24, 0x01	; 1
    3c96:	11 96       	adiw	r26, 0x01	; 1
    3c98:	9c 93       	st	X, r25
    3c9a:	8e 93       	st	-X, r24
		__ticks = 1;
	else if (__tmp > 65535)
	{
		//	__ticks = requested delay in 1/10 ms
		__ticks = (uint16_t) (__ms * 10.0);
		while(__ticks)
    3c9c:	fe 01       	movw	r30, r28
    3c9e:	e7 5a       	subi	r30, 0xA7	; 167
    3ca0:	ff 4f       	sbci	r31, 0xFF	; 255
    3ca2:	80 81       	ld	r24, Z
    3ca4:	91 81       	ldd	r25, Z+1	; 0x01
    3ca6:	00 97       	sbiw	r24, 0x00	; 0
    3ca8:	d1 f6       	brne	.-76     	; 0x3c5e <main+0x59a>
    3caa:	27 c0       	rjmp	.+78     	; 0x3cfa <main+0x636>
			__ticks --;
		}
		return;
	}
	else
		__ticks = (uint16_t)__tmp;
    3cac:	8e 01       	movw	r16, r28
    3cae:	07 5a       	subi	r16, 0xA7	; 167
    3cb0:	1f 4f       	sbci	r17, 0xFF	; 255
    3cb2:	fe 01       	movw	r30, r28
    3cb4:	e5 5a       	subi	r30, 0xA5	; 165
    3cb6:	ff 4f       	sbci	r31, 0xFF	; 255
    3cb8:	60 81       	ld	r22, Z
    3cba:	71 81       	ldd	r23, Z+1	; 0x01
    3cbc:	82 81       	ldd	r24, Z+2	; 0x02
    3cbe:	93 81       	ldd	r25, Z+3	; 0x03
    3cc0:	0e 94 49 00 	call	0x92	; 0x92 <__fixunssfsi>
    3cc4:	dc 01       	movw	r26, r24
    3cc6:	cb 01       	movw	r24, r22
    3cc8:	f8 01       	movw	r30, r16
    3cca:	91 83       	std	Z+1, r25	; 0x01
    3ccc:	80 83       	st	Z, r24
    3cce:	de 01       	movw	r26, r28
    3cd0:	ab 5a       	subi	r26, 0xAB	; 171
    3cd2:	bf 4f       	sbci	r27, 0xFF	; 255
    3cd4:	fe 01       	movw	r30, r28
    3cd6:	e7 5a       	subi	r30, 0xA7	; 167
    3cd8:	ff 4f       	sbci	r31, 0xFF	; 255
    3cda:	80 81       	ld	r24, Z
    3cdc:	91 81       	ldd	r25, Z+1	; 0x01
    3cde:	8d 93       	st	X+, r24
    3ce0:	9c 93       	st	X, r25
    3ce2:	fe 01       	movw	r30, r28
    3ce4:	eb 5a       	subi	r30, 0xAB	; 171
    3ce6:	ff 4f       	sbci	r31, 0xFF	; 255
    3ce8:	80 81       	ld	r24, Z
    3cea:	91 81       	ldd	r25, Z+1	; 0x01
    3cec:	01 97       	sbiw	r24, 0x01	; 1
    3cee:	f1 f7       	brne	.-4      	; 0x3cec <main+0x628>
    3cf0:	fe 01       	movw	r30, r28
    3cf2:	eb 5a       	subi	r30, 0xAB	; 171
    3cf4:	ff 4f       	sbci	r31, 0xFF	; 255
    3cf6:	91 83       	std	Z+1, r25	; 0x01
    3cf8:	80 83       	st	Z, r24
            _delay_ms(1000);

            HLCD_voidClrScreen();
    3cfa:	0e 94 85 16 	call	0x2d0a	; 0x2d0a <HLCD_voidClrScreen>
            HLCD_voidMoveCursor(LCD_ROW0, LCD_COL0);
    3cfe:	80 e0       	ldi	r24, 0x00	; 0
    3d00:	60 e0       	ldi	r22, 0x00	; 0
    3d02:	0e 94 1d 18 	call	0x303a	; 0x303a <HLCD_voidMoveCursor>
            HLCD_voidDisplayStr((u8*)"Smart Home");
    3d06:	85 ec       	ldi	r24, 0xC5	; 197
    3d08:	90 e0       	ldi	r25, 0x00	; 0
    3d0a:	0e 94 5c 16 	call	0x2cb8	; 0x2cb8 <HLCD_voidDisplayStr>
            HLCD_voidMoveCursor(LCD_ROW1, LCD_COL0);
    3d0e:	81 e0       	ldi	r24, 0x01	; 1
    3d10:	60 e0       	ldi	r22, 0x00	; 0
    3d12:	0e 94 1d 18 	call	0x303a	; 0x303a <HLCD_voidMoveCursor>
            HLCD_voidDisplayStr((u8*)"Project");
    3d16:	80 ed       	ldi	r24, 0xD0	; 208
    3d18:	90 e0       	ldi	r25, 0x00	; 0
    3d1a:	0e 94 5c 16 	call	0x2cb8	; 0x2cb8 <HLCD_voidDisplayStr>
    3d1e:	fe 01       	movw	r30, r28
    3d20:	ef 5a       	subi	r30, 0xAF	; 175
    3d22:	ff 4f       	sbci	r31, 0xFF	; 255
    3d24:	80 e0       	ldi	r24, 0x00	; 0
    3d26:	90 e8       	ldi	r25, 0x80	; 128
    3d28:	ab eb       	ldi	r26, 0xBB	; 187
    3d2a:	b4 e4       	ldi	r27, 0x44	; 68
    3d2c:	80 83       	st	Z, r24
    3d2e:	91 83       	std	Z+1, r25	; 0x01
    3d30:	a2 83       	std	Z+2, r26	; 0x02
    3d32:	b3 83       	std	Z+3, r27	; 0x03
 */
void
_delay_ms(double __ms)
{
	uint16_t __ticks;
	double __tmp = ((F_CPU) / 4e3) * __ms;
    3d34:	8e 01       	movw	r16, r28
    3d36:	03 5b       	subi	r16, 0xB3	; 179
    3d38:	1f 4f       	sbci	r17, 0xFF	; 255
    3d3a:	fe 01       	movw	r30, r28
    3d3c:	ef 5a       	subi	r30, 0xAF	; 175
    3d3e:	ff 4f       	sbci	r31, 0xFF	; 255
    3d40:	60 81       	ld	r22, Z
    3d42:	71 81       	ldd	r23, Z+1	; 0x01
    3d44:	82 81       	ldd	r24, Z+2	; 0x02
    3d46:	93 81       	ldd	r25, Z+3	; 0x03
    3d48:	20 e0       	ldi	r18, 0x00	; 0
    3d4a:	30 e0       	ldi	r19, 0x00	; 0
    3d4c:	4a ef       	ldi	r20, 0xFA	; 250
    3d4e:	54 e4       	ldi	r21, 0x44	; 68
    3d50:	0e 94 1f 02 	call	0x43e	; 0x43e <__mulsf3>
    3d54:	dc 01       	movw	r26, r24
    3d56:	cb 01       	movw	r24, r22
    3d58:	f8 01       	movw	r30, r16
    3d5a:	80 83       	st	Z, r24
    3d5c:	91 83       	std	Z+1, r25	; 0x01
    3d5e:	a2 83       	std	Z+2, r26	; 0x02
    3d60:	b3 83       	std	Z+3, r27	; 0x03
	if (__tmp < 1.0)
    3d62:	fe 01       	movw	r30, r28
    3d64:	e3 5b       	subi	r30, 0xB3	; 179
    3d66:	ff 4f       	sbci	r31, 0xFF	; 255
    3d68:	60 81       	ld	r22, Z
    3d6a:	71 81       	ldd	r23, Z+1	; 0x01
    3d6c:	82 81       	ldd	r24, Z+2	; 0x02
    3d6e:	93 81       	ldd	r25, Z+3	; 0x03
    3d70:	20 e0       	ldi	r18, 0x00	; 0
    3d72:	30 e0       	ldi	r19, 0x00	; 0
    3d74:	40 e8       	ldi	r20, 0x80	; 128
    3d76:	5f e3       	ldi	r21, 0x3F	; 63
    3d78:	0e 94 79 03 	call	0x6f2	; 0x6f2 <__ltsf2>
    3d7c:	88 23       	and	r24, r24
    3d7e:	44 f4       	brge	.+16     	; 0x3d90 <main+0x6cc>
		__ticks = 1;
    3d80:	fe 01       	movw	r30, r28
    3d82:	e5 5b       	subi	r30, 0xB5	; 181
    3d84:	ff 4f       	sbci	r31, 0xFF	; 255
    3d86:	81 e0       	ldi	r24, 0x01	; 1
    3d88:	90 e0       	ldi	r25, 0x00	; 0
    3d8a:	91 83       	std	Z+1, r25	; 0x01
    3d8c:	80 83       	st	Z, r24
    3d8e:	64 c0       	rjmp	.+200    	; 0x3e58 <main+0x794>
	else if (__tmp > 65535)
    3d90:	fe 01       	movw	r30, r28
    3d92:	e3 5b       	subi	r30, 0xB3	; 179
    3d94:	ff 4f       	sbci	r31, 0xFF	; 255
    3d96:	60 81       	ld	r22, Z
    3d98:	71 81       	ldd	r23, Z+1	; 0x01
    3d9a:	82 81       	ldd	r24, Z+2	; 0x02
    3d9c:	93 81       	ldd	r25, Z+3	; 0x03
    3d9e:	20 e0       	ldi	r18, 0x00	; 0
    3da0:	3f ef       	ldi	r19, 0xFF	; 255
    3da2:	4f e7       	ldi	r20, 0x7F	; 127
    3da4:	57 e4       	ldi	r21, 0x47	; 71
    3da6:	0e 94 19 03 	call	0x632	; 0x632 <__gtsf2>
    3daa:	18 16       	cp	r1, r24
    3dac:	0c f0       	brlt	.+2      	; 0x3db0 <main+0x6ec>
    3dae:	43 c0       	rjmp	.+134    	; 0x3e36 <main+0x772>
	{
		//	__ticks = requested delay in 1/10 ms
		__ticks = (uint16_t) (__ms * 10.0);
    3db0:	fe 01       	movw	r30, r28
    3db2:	ef 5a       	subi	r30, 0xAF	; 175
    3db4:	ff 4f       	sbci	r31, 0xFF	; 255
    3db6:	60 81       	ld	r22, Z
    3db8:	71 81       	ldd	r23, Z+1	; 0x01
    3dba:	82 81       	ldd	r24, Z+2	; 0x02
    3dbc:	93 81       	ldd	r25, Z+3	; 0x03
    3dbe:	20 e0       	ldi	r18, 0x00	; 0
    3dc0:	30 e0       	ldi	r19, 0x00	; 0
    3dc2:	40 e2       	ldi	r20, 0x20	; 32
    3dc4:	51 e4       	ldi	r21, 0x41	; 65
    3dc6:	0e 94 1f 02 	call	0x43e	; 0x43e <__mulsf3>
    3dca:	dc 01       	movw	r26, r24
    3dcc:	cb 01       	movw	r24, r22
    3dce:	8e 01       	movw	r16, r28
    3dd0:	05 5b       	subi	r16, 0xB5	; 181
    3dd2:	1f 4f       	sbci	r17, 0xFF	; 255
    3dd4:	bc 01       	movw	r22, r24
    3dd6:	cd 01       	movw	r24, r26
    3dd8:	0e 94 49 00 	call	0x92	; 0x92 <__fixunssfsi>
    3ddc:	dc 01       	movw	r26, r24
    3dde:	cb 01       	movw	r24, r22
    3de0:	f8 01       	movw	r30, r16
    3de2:	91 83       	std	Z+1, r25	; 0x01
    3de4:	80 83       	st	Z, r24
    3de6:	1f c0       	rjmp	.+62     	; 0x3e26 <main+0x762>
    3de8:	fe 01       	movw	r30, r28
    3dea:	e7 5b       	subi	r30, 0xB7	; 183
    3dec:	ff 4f       	sbci	r31, 0xFF	; 255
    3dee:	88 ec       	ldi	r24, 0xC8	; 200
    3df0:	90 e0       	ldi	r25, 0x00	; 0
    3df2:	91 83       	std	Z+1, r25	; 0x01
    3df4:	80 83       	st	Z, r24
    3df6:	fe 01       	movw	r30, r28
    3df8:	e7 5b       	subi	r30, 0xB7	; 183
    3dfa:	ff 4f       	sbci	r31, 0xFF	; 255
    3dfc:	80 81       	ld	r24, Z
    3dfe:	91 81       	ldd	r25, Z+1	; 0x01
    3e00:	01 97       	sbiw	r24, 0x01	; 1
    3e02:	f1 f7       	brne	.-4      	; 0x3e00 <main+0x73c>
    3e04:	fe 01       	movw	r30, r28
    3e06:	e7 5b       	subi	r30, 0xB7	; 183
    3e08:	ff 4f       	sbci	r31, 0xFF	; 255
    3e0a:	91 83       	std	Z+1, r25	; 0x01
    3e0c:	80 83       	st	Z, r24
		while(__ticks)
		{
			// wait 1/10 ms
			_delay_loop_2(((F_CPU) / 4e3) / 10);
			__ticks --;
    3e0e:	de 01       	movw	r26, r28
    3e10:	a5 5b       	subi	r26, 0xB5	; 181
    3e12:	bf 4f       	sbci	r27, 0xFF	; 255
    3e14:	fe 01       	movw	r30, r28
    3e16:	e5 5b       	subi	r30, 0xB5	; 181
    3e18:	ff 4f       	sbci	r31, 0xFF	; 255
    3e1a:	80 81       	ld	r24, Z
    3e1c:	91 81       	ldd	r25, Z+1	; 0x01
    3e1e:	01 97       	sbiw	r24, 0x01	; 1
    3e20:	11 96       	adiw	r26, 0x01	; 1
    3e22:	9c 93       	st	X, r25
    3e24:	8e 93       	st	-X, r24
		__ticks = 1;
	else if (__tmp > 65535)
	{
		//	__ticks = requested delay in 1/10 ms
		__ticks = (uint16_t) (__ms * 10.0);
		while(__ticks)
    3e26:	fe 01       	movw	r30, r28
    3e28:	e5 5b       	subi	r30, 0xB5	; 181
    3e2a:	ff 4f       	sbci	r31, 0xFF	; 255
    3e2c:	80 81       	ld	r24, Z
    3e2e:	91 81       	ldd	r25, Z+1	; 0x01
    3e30:	00 97       	sbiw	r24, 0x00	; 0
    3e32:	d1 f6       	brne	.-76     	; 0x3de8 <main+0x724>
    3e34:	28 c0       	rjmp	.+80     	; 0x3e86 <main+0x7c2>
			__ticks --;
		}
		return;
	}
	else
		__ticks = (uint16_t)__tmp;
    3e36:	8e 01       	movw	r16, r28
    3e38:	05 5b       	subi	r16, 0xB5	; 181
    3e3a:	1f 4f       	sbci	r17, 0xFF	; 255
    3e3c:	fe 01       	movw	r30, r28
    3e3e:	e3 5b       	subi	r30, 0xB3	; 179
    3e40:	ff 4f       	sbci	r31, 0xFF	; 255
    3e42:	60 81       	ld	r22, Z
    3e44:	71 81       	ldd	r23, Z+1	; 0x01
    3e46:	82 81       	ldd	r24, Z+2	; 0x02
    3e48:	93 81       	ldd	r25, Z+3	; 0x03
    3e4a:	0e 94 49 00 	call	0x92	; 0x92 <__fixunssfsi>
    3e4e:	dc 01       	movw	r26, r24
    3e50:	cb 01       	movw	r24, r22
    3e52:	f8 01       	movw	r30, r16
    3e54:	91 83       	std	Z+1, r25	; 0x01
    3e56:	80 83       	st	Z, r24
    3e58:	de 01       	movw	r26, r28
    3e5a:	a9 5b       	subi	r26, 0xB9	; 185
    3e5c:	bf 4f       	sbci	r27, 0xFF	; 255
    3e5e:	fe 01       	movw	r30, r28
    3e60:	e5 5b       	subi	r30, 0xB5	; 181
    3e62:	ff 4f       	sbci	r31, 0xFF	; 255
    3e64:	80 81       	ld	r24, Z
    3e66:	91 81       	ldd	r25, Z+1	; 0x01
    3e68:	11 96       	adiw	r26, 0x01	; 1
    3e6a:	9c 93       	st	X, r25
    3e6c:	8e 93       	st	-X, r24
    3e6e:	fe 01       	movw	r30, r28
    3e70:	e9 5b       	subi	r30, 0xB9	; 185
    3e72:	ff 4f       	sbci	r31, 0xFF	; 255
    3e74:	80 81       	ld	r24, Z
    3e76:	91 81       	ldd	r25, Z+1	; 0x01
    3e78:	01 97       	sbiw	r24, 0x01	; 1
    3e7a:	f1 f7       	brne	.-4      	; 0x3e78 <main+0x7b4>
    3e7c:	fe 01       	movw	r30, r28
    3e7e:	e9 5b       	subi	r30, 0xB9	; 185
    3e80:	ff 4f       	sbci	r31, 0xFF	; 255
    3e82:	91 83       	std	Z+1, r25	; 0x01
    3e84:	80 83       	st	Z, r24
            _delay_ms(1500);

            is_authenticated = 1;
    3e86:	fe 01       	movw	r30, r28
    3e88:	e9 57       	subi	r30, 0x79	; 121
    3e8a:	ff 4f       	sbci	r31, 0xFF	; 255
    3e8c:	81 e0       	ldi	r24, 0x01	; 1
    3e8e:	80 83       	st	Z, r24
    3e90:	93 c0       	rjmp	.+294    	; 0x3fb8 <main+0x8f4>
        } else {
            HLCD_voidClrScreen();
    3e92:	0e 94 85 16 	call	0x2d0a	; 0x2d0a <HLCD_voidClrScreen>
            HLCD_voidDisplayStr((u8*)"Wrong Pass");
    3e96:	88 ed       	ldi	r24, 0xD8	; 216
    3e98:	90 e0       	ldi	r25, 0x00	; 0
    3e9a:	0e 94 5c 16 	call	0x2cb8	; 0x2cb8 <HLCD_voidDisplayStr>

            // تشغيل البزر كإنذار عند إدخال كلمة سر خاطئة
            HBuzzer_voidBuzzerOn(DIO_PORTD, DIO_PIN6);
    3e9e:	83 e0       	ldi	r24, 0x03	; 3
    3ea0:	66 e0       	ldi	r22, 0x06	; 6
    3ea2:	0e 94 56 1a 	call	0x34ac	; 0x34ac <HBuzzer_voidBuzzerOn>
    3ea6:	fe 01       	movw	r30, r28
    3ea8:	ed 5b       	subi	r30, 0xBD	; 189
    3eaa:	ff 4f       	sbci	r31, 0xFF	; 255
    3eac:	80 e0       	ldi	r24, 0x00	; 0
    3eae:	90 e0       	ldi	r25, 0x00	; 0
    3eb0:	aa e7       	ldi	r26, 0x7A	; 122
    3eb2:	b4 e4       	ldi	r27, 0x44	; 68
    3eb4:	80 83       	st	Z, r24
    3eb6:	91 83       	std	Z+1, r25	; 0x01
    3eb8:	a2 83       	std	Z+2, r26	; 0x02
    3eba:	b3 83       	std	Z+3, r27	; 0x03
 */
void
_delay_ms(double __ms)
{
	uint16_t __ticks;
	double __tmp = ((F_CPU) / 4e3) * __ms;
    3ebc:	8e 01       	movw	r16, r28
    3ebe:	01 5c       	subi	r16, 0xC1	; 193
    3ec0:	1f 4f       	sbci	r17, 0xFF	; 255
    3ec2:	fe 01       	movw	r30, r28
    3ec4:	ed 5b       	subi	r30, 0xBD	; 189
    3ec6:	ff 4f       	sbci	r31, 0xFF	; 255
    3ec8:	60 81       	ld	r22, Z
    3eca:	71 81       	ldd	r23, Z+1	; 0x01
    3ecc:	82 81       	ldd	r24, Z+2	; 0x02
    3ece:	93 81       	ldd	r25, Z+3	; 0x03
    3ed0:	20 e0       	ldi	r18, 0x00	; 0
    3ed2:	30 e0       	ldi	r19, 0x00	; 0
    3ed4:	4a ef       	ldi	r20, 0xFA	; 250
    3ed6:	54 e4       	ldi	r21, 0x44	; 68
    3ed8:	0e 94 1f 02 	call	0x43e	; 0x43e <__mulsf3>
    3edc:	dc 01       	movw	r26, r24
    3ede:	cb 01       	movw	r24, r22
    3ee0:	f8 01       	movw	r30, r16
    3ee2:	80 83       	st	Z, r24
    3ee4:	91 83       	std	Z+1, r25	; 0x01
    3ee6:	a2 83       	std	Z+2, r26	; 0x02
    3ee8:	b3 83       	std	Z+3, r27	; 0x03
	if (__tmp < 1.0)
    3eea:	fe 01       	movw	r30, r28
    3eec:	ff 96       	adiw	r30, 0x3f	; 63
    3eee:	60 81       	ld	r22, Z
    3ef0:	71 81       	ldd	r23, Z+1	; 0x01
    3ef2:	82 81       	ldd	r24, Z+2	; 0x02
    3ef4:	93 81       	ldd	r25, Z+3	; 0x03
    3ef6:	20 e0       	ldi	r18, 0x00	; 0
    3ef8:	30 e0       	ldi	r19, 0x00	; 0
    3efa:	40 e8       	ldi	r20, 0x80	; 128
    3efc:	5f e3       	ldi	r21, 0x3F	; 63
    3efe:	0e 94 79 03 	call	0x6f2	; 0x6f2 <__ltsf2>
    3f02:	88 23       	and	r24, r24
    3f04:	2c f4       	brge	.+10     	; 0x3f10 <main+0x84c>
		__ticks = 1;
    3f06:	81 e0       	ldi	r24, 0x01	; 1
    3f08:	90 e0       	ldi	r25, 0x00	; 0
    3f0a:	9e af       	std	Y+62, r25	; 0x3e
    3f0c:	8d af       	std	Y+61, r24	; 0x3d
    3f0e:	46 c0       	rjmp	.+140    	; 0x3f9c <main+0x8d8>
	else if (__tmp > 65535)
    3f10:	fe 01       	movw	r30, r28
    3f12:	ff 96       	adiw	r30, 0x3f	; 63
    3f14:	60 81       	ld	r22, Z
    3f16:	71 81       	ldd	r23, Z+1	; 0x01
    3f18:	82 81       	ldd	r24, Z+2	; 0x02
    3f1a:	93 81       	ldd	r25, Z+3	; 0x03
    3f1c:	20 e0       	ldi	r18, 0x00	; 0
    3f1e:	3f ef       	ldi	r19, 0xFF	; 255
    3f20:	4f e7       	ldi	r20, 0x7F	; 127
    3f22:	57 e4       	ldi	r21, 0x47	; 71
    3f24:	0e 94 19 03 	call	0x632	; 0x632 <__gtsf2>
    3f28:	18 16       	cp	r1, r24
    3f2a:	64 f5       	brge	.+88     	; 0x3f84 <main+0x8c0>
	{
		//	__ticks = requested delay in 1/10 ms
		__ticks = (uint16_t) (__ms * 10.0);
    3f2c:	fe 01       	movw	r30, r28
    3f2e:	ed 5b       	subi	r30, 0xBD	; 189
    3f30:	ff 4f       	sbci	r31, 0xFF	; 255
    3f32:	60 81       	ld	r22, Z
    3f34:	71 81       	ldd	r23, Z+1	; 0x01
    3f36:	82 81       	ldd	r24, Z+2	; 0x02
    3f38:	93 81       	ldd	r25, Z+3	; 0x03
    3f3a:	20 e0       	ldi	r18, 0x00	; 0
    3f3c:	30 e0       	ldi	r19, 0x00	; 0
    3f3e:	40 e2       	ldi	r20, 0x20	; 32
    3f40:	51 e4       	ldi	r21, 0x41	; 65
    3f42:	0e 94 1f 02 	call	0x43e	; 0x43e <__mulsf3>
    3f46:	dc 01       	movw	r26, r24
    3f48:	cb 01       	movw	r24, r22
    3f4a:	bc 01       	movw	r22, r24
    3f4c:	cd 01       	movw	r24, r26
    3f4e:	0e 94 49 00 	call	0x92	; 0x92 <__fixunssfsi>
    3f52:	dc 01       	movw	r26, r24
    3f54:	cb 01       	movw	r24, r22
    3f56:	9e af       	std	Y+62, r25	; 0x3e
    3f58:	8d af       	std	Y+61, r24	; 0x3d
    3f5a:	0f c0       	rjmp	.+30     	; 0x3f7a <main+0x8b6>
    3f5c:	88 ec       	ldi	r24, 0xC8	; 200
    3f5e:	90 e0       	ldi	r25, 0x00	; 0
    3f60:	9c af       	std	Y+60, r25	; 0x3c
    3f62:	8b af       	std	Y+59, r24	; 0x3b
    3f64:	8b ad       	ldd	r24, Y+59	; 0x3b
    3f66:	9c ad       	ldd	r25, Y+60	; 0x3c
    3f68:	01 97       	sbiw	r24, 0x01	; 1
    3f6a:	f1 f7       	brne	.-4      	; 0x3f68 <main+0x8a4>
    3f6c:	9c af       	std	Y+60, r25	; 0x3c
    3f6e:	8b af       	std	Y+59, r24	; 0x3b
		while(__ticks)
		{
			// wait 1/10 ms
			_delay_loop_2(((F_CPU) / 4e3) / 10);
			__ticks --;
    3f70:	8d ad       	ldd	r24, Y+61	; 0x3d
    3f72:	9e ad       	ldd	r25, Y+62	; 0x3e
    3f74:	01 97       	sbiw	r24, 0x01	; 1
    3f76:	9e af       	std	Y+62, r25	; 0x3e
    3f78:	8d af       	std	Y+61, r24	; 0x3d
		__ticks = 1;
	else if (__tmp > 65535)
	{
		//	__ticks = requested delay in 1/10 ms
		__ticks = (uint16_t) (__ms * 10.0);
		while(__ticks)
    3f7a:	8d ad       	ldd	r24, Y+61	; 0x3d
    3f7c:	9e ad       	ldd	r25, Y+62	; 0x3e
    3f7e:	00 97       	sbiw	r24, 0x00	; 0
    3f80:	69 f7       	brne	.-38     	; 0x3f5c <main+0x898>
    3f82:	16 c0       	rjmp	.+44     	; 0x3fb0 <main+0x8ec>
			__ticks --;
		}
		return;
	}
	else
		__ticks = (uint16_t)__tmp;
    3f84:	fe 01       	movw	r30, r28
    3f86:	ff 96       	adiw	r30, 0x3f	; 63
    3f88:	60 81       	ld	r22, Z
    3f8a:	71 81       	ldd	r23, Z+1	; 0x01
    3f8c:	82 81       	ldd	r24, Z+2	; 0x02
    3f8e:	93 81       	ldd	r25, Z+3	; 0x03
    3f90:	0e 94 49 00 	call	0x92	; 0x92 <__fixunssfsi>
    3f94:	dc 01       	movw	r26, r24
    3f96:	cb 01       	movw	r24, r22
    3f98:	9e af       	std	Y+62, r25	; 0x3e
    3f9a:	8d af       	std	Y+61, r24	; 0x3d
    3f9c:	8d ad       	ldd	r24, Y+61	; 0x3d
    3f9e:	9e ad       	ldd	r25, Y+62	; 0x3e
    3fa0:	9a af       	std	Y+58, r25	; 0x3a
    3fa2:	89 af       	std	Y+57, r24	; 0x39
    3fa4:	89 ad       	ldd	r24, Y+57	; 0x39
    3fa6:	9a ad       	ldd	r25, Y+58	; 0x3a
    3fa8:	01 97       	sbiw	r24, 0x01	; 1
    3faa:	f1 f7       	brne	.-4      	; 0x3fa8 <main+0x8e4>
    3fac:	9a af       	std	Y+58, r25	; 0x3a
    3fae:	89 af       	std	Y+57, r24	; 0x39
            _delay_ms(1000);
            HBuzzer_voidBuzzerOff(DIO_PORTD, DIO_PIN6);
    3fb0:	83 e0       	ldi	r24, 0x03	; 3
    3fb2:	66 e0       	ldi	r22, 0x06	; 6
    3fb4:	0e 94 67 1a 	call	0x34ce	; 0x34ce <HBuzzer_voidBuzzerOff>
    stored_pass[1] = MEEPROM_u8Read(0x0001);
    stored_pass[2] = MEEPROM_u8Read(0x0002);
    stored_pass[3] = MEEPROM_u8Read(0x0003);

    // 3. حلقة تسجيل الدخول باستخدام الـ Keypad
    while (is_authenticated == 0) {
    3fb8:	fe 01       	movw	r30, r28
    3fba:	e9 57       	subi	r30, 0x79	; 121
    3fbc:	ff 4f       	sbci	r31, 0xFF	; 255
    3fbe:	80 81       	ld	r24, Z
    3fc0:	88 23       	and	r24, r24
    3fc2:	09 f4       	brne	.+2      	; 0x3fc6 <main+0x902>
    3fc4:	fe cb       	rjmp	.-2052   	; 0x37c2 <main+0xfe>
            HBuzzer_voidBuzzerOff(DIO_PORTD, DIO_PIN6);
        }
    }

    // عرض شاشة الأجهزة
    Update_Dashboard();
    3fc6:	0e 94 88 1a 	call	0x3510	; 0x3510 <Update_Dashboard>

    // 5. حلقة التحكم الرئيسية في الأجهزة
    while(1) {
        // --- BUTTON 1: LED 1 ---
        if (HPB_u8GetPbStatues(DIO_PORTA, DIO_PIN1) == PB_PRESSED) {
    3fca:	80 e0       	ldi	r24, 0x00	; 0
    3fcc:	61 e0       	ldi	r22, 0x01	; 1
    3fce:	0e 94 bd 0c 	call	0x197a	; 0x197a <HPB_u8GetPbStatues>
    3fd2:	88 23       	and	r24, r24
    3fd4:	09 f0       	breq	.+2      	; 0x3fd8 <main+0x914>
    3fd6:	86 c0       	rjmp	.+268    	; 0x40e4 <main+0xa20>
            state_LED1 ^= 1;
    3fd8:	80 91 f8 00 	lds	r24, 0x00F8
    3fdc:	91 e0       	ldi	r25, 0x01	; 1
    3fde:	89 27       	eor	r24, r25
    3fe0:	80 93 f8 00 	sts	0x00F8, r24
            HLED_voidLedTog(DIO_PORTD, DIO_PIN2);
    3fe4:	83 e0       	ldi	r24, 0x03	; 3
    3fe6:	62 e0       	ldi	r22, 0x02	; 2
    3fe8:	0e 94 05 0e 	call	0x1c0a	; 0x1c0a <HLED_voidLedTog>
            Update_Dashboard();
    3fec:	0e 94 88 1a 	call	0x3510	; 0x3510 <Update_Dashboard>
            Buzzer_ClickFeedback();
    3ff0:	0e 94 d5 1a 	call	0x35aa	; 0x35aa <Buzzer_ClickFeedback>
            while(HPB_u8GetPbStatues(DIO_PORTA, DIO_PIN1) == PB_PRESSED);
    3ff4:	80 e0       	ldi	r24, 0x00	; 0
    3ff6:	61 e0       	ldi	r22, 0x01	; 1
    3ff8:	0e 94 bd 0c 	call	0x197a	; 0x197a <HPB_u8GetPbStatues>
    3ffc:	88 23       	and	r24, r24
    3ffe:	d1 f3       	breq	.-12     	; 0x3ff4 <main+0x930>
    4000:	80 e0       	ldi	r24, 0x00	; 0
    4002:	90 e0       	ldi	r25, 0x00	; 0
    4004:	a8 e4       	ldi	r26, 0x48	; 72
    4006:	b2 e4       	ldi	r27, 0x42	; 66
    4008:	8d ab       	std	Y+53, r24	; 0x35
    400a:	9e ab       	std	Y+54, r25	; 0x36
    400c:	af ab       	std	Y+55, r26	; 0x37
    400e:	b8 af       	std	Y+56, r27	; 0x38
 */
void
_delay_ms(double __ms)
{
	uint16_t __ticks;
	double __tmp = ((F_CPU) / 4e3) * __ms;
    4010:	6d a9       	ldd	r22, Y+53	; 0x35
    4012:	7e a9       	ldd	r23, Y+54	; 0x36
    4014:	8f a9       	ldd	r24, Y+55	; 0x37
    4016:	98 ad       	ldd	r25, Y+56	; 0x38
    4018:	20 e0       	ldi	r18, 0x00	; 0
    401a:	30 e0       	ldi	r19, 0x00	; 0
    401c:	4a ef       	ldi	r20, 0xFA	; 250
    401e:	54 e4       	ldi	r21, 0x44	; 68
    4020:	0e 94 1f 02 	call	0x43e	; 0x43e <__mulsf3>
    4024:	dc 01       	movw	r26, r24
    4026:	cb 01       	movw	r24, r22
    4028:	89 ab       	std	Y+49, r24	; 0x31
    402a:	9a ab       	std	Y+50, r25	; 0x32
    402c:	ab ab       	std	Y+51, r26	; 0x33
    402e:	bc ab       	std	Y+52, r27	; 0x34
	if (__tmp < 1.0)
    4030:	69 a9       	ldd	r22, Y+49	; 0x31
    4032:	7a a9       	ldd	r23, Y+50	; 0x32
    4034:	8b a9       	ldd	r24, Y+51	; 0x33
    4036:	9c a9       	ldd	r25, Y+52	; 0x34
    4038:	20 e0       	ldi	r18, 0x00	; 0
    403a:	30 e0       	ldi	r19, 0x00	; 0
    403c:	40 e8       	ldi	r20, 0x80	; 128
    403e:	5f e3       	ldi	r21, 0x3F	; 63
    4040:	0e 94 79 03 	call	0x6f2	; 0x6f2 <__ltsf2>
    4044:	88 23       	and	r24, r24
    4046:	2c f4       	brge	.+10     	; 0x4052 <main+0x98e>
		__ticks = 1;
    4048:	81 e0       	ldi	r24, 0x01	; 1
    404a:	90 e0       	ldi	r25, 0x00	; 0
    404c:	98 ab       	std	Y+48, r25	; 0x30
    404e:	8f a7       	std	Y+47, r24	; 0x2f
    4050:	3f c0       	rjmp	.+126    	; 0x40d0 <main+0xa0c>
	else if (__tmp > 65535)
    4052:	69 a9       	ldd	r22, Y+49	; 0x31
    4054:	7a a9       	ldd	r23, Y+50	; 0x32
    4056:	8b a9       	ldd	r24, Y+51	; 0x33
    4058:	9c a9       	ldd	r25, Y+52	; 0x34
    405a:	20 e0       	ldi	r18, 0x00	; 0
    405c:	3f ef       	ldi	r19, 0xFF	; 255
    405e:	4f e7       	ldi	r20, 0x7F	; 127
    4060:	57 e4       	ldi	r21, 0x47	; 71
    4062:	0e 94 19 03 	call	0x632	; 0x632 <__gtsf2>
    4066:	18 16       	cp	r1, r24
    4068:	4c f5       	brge	.+82     	; 0x40bc <main+0x9f8>
	{
		//	__ticks = requested delay in 1/10 ms
		__ticks = (uint16_t) (__ms * 10.0);
    406a:	6d a9       	ldd	r22, Y+53	; 0x35
    406c:	7e a9       	ldd	r23, Y+54	; 0x36
    406e:	8f a9       	ldd	r24, Y+55	; 0x37
    4070:	98 ad       	ldd	r25, Y+56	; 0x38
    4072:	20 e0       	ldi	r18, 0x00	; 0
    4074:	30 e0       	ldi	r19, 0x00	; 0
    4076:	40 e2       	ldi	r20, 0x20	; 32
    4078:	51 e4       	ldi	r21, 0x41	; 65
    407a:	0e 94 1f 02 	call	0x43e	; 0x43e <__mulsf3>
    407e:	dc 01       	movw	r26, r24
    4080:	cb 01       	movw	r24, r22
    4082:	bc 01       	movw	r22, r24
    4084:	cd 01       	movw	r24, r26
    4086:	0e 94 49 00 	call	0x92	; 0x92 <__fixunssfsi>
    408a:	dc 01       	movw	r26, r24
    408c:	cb 01       	movw	r24, r22
    408e:	98 ab       	std	Y+48, r25	; 0x30
    4090:	8f a7       	std	Y+47, r24	; 0x2f
    4092:	0f c0       	rjmp	.+30     	; 0x40b2 <main+0x9ee>
    4094:	88 ec       	ldi	r24, 0xC8	; 200
    4096:	90 e0       	ldi	r25, 0x00	; 0
    4098:	9e a7       	std	Y+46, r25	; 0x2e
    409a:	8d a7       	std	Y+45, r24	; 0x2d
    409c:	8d a5       	ldd	r24, Y+45	; 0x2d
    409e:	9e a5       	ldd	r25, Y+46	; 0x2e
    40a0:	01 97       	sbiw	r24, 0x01	; 1
    40a2:	f1 f7       	brne	.-4      	; 0x40a0 <main+0x9dc>
    40a4:	9e a7       	std	Y+46, r25	; 0x2e
    40a6:	8d a7       	std	Y+45, r24	; 0x2d
		while(__ticks)
		{
			// wait 1/10 ms
			_delay_loop_2(((F_CPU) / 4e3) / 10);
			__ticks --;
    40a8:	8f a5       	ldd	r24, Y+47	; 0x2f
    40aa:	98 a9       	ldd	r25, Y+48	; 0x30
    40ac:	01 97       	sbiw	r24, 0x01	; 1
    40ae:	98 ab       	std	Y+48, r25	; 0x30
    40b0:	8f a7       	std	Y+47, r24	; 0x2f
		__ticks = 1;
	else if (__tmp > 65535)
	{
		//	__ticks = requested delay in 1/10 ms
		__ticks = (uint16_t) (__ms * 10.0);
		while(__ticks)
    40b2:	8f a5       	ldd	r24, Y+47	; 0x2f
    40b4:	98 a9       	ldd	r25, Y+48	; 0x30
    40b6:	00 97       	sbiw	r24, 0x00	; 0
    40b8:	69 f7       	brne	.-38     	; 0x4094 <main+0x9d0>
    40ba:	14 c0       	rjmp	.+40     	; 0x40e4 <main+0xa20>
			__ticks --;
		}
		return;
	}
	else
		__ticks = (uint16_t)__tmp;
    40bc:	69 a9       	ldd	r22, Y+49	; 0x31
    40be:	7a a9       	ldd	r23, Y+50	; 0x32
    40c0:	8b a9       	ldd	r24, Y+51	; 0x33
    40c2:	9c a9       	ldd	r25, Y+52	; 0x34
    40c4:	0e 94 49 00 	call	0x92	; 0x92 <__fixunssfsi>
    40c8:	dc 01       	movw	r26, r24
    40ca:	cb 01       	movw	r24, r22
    40cc:	98 ab       	std	Y+48, r25	; 0x30
    40ce:	8f a7       	std	Y+47, r24	; 0x2f
    40d0:	8f a5       	ldd	r24, Y+47	; 0x2f
    40d2:	98 a9       	ldd	r25, Y+48	; 0x30
    40d4:	9c a7       	std	Y+44, r25	; 0x2c
    40d6:	8b a7       	std	Y+43, r24	; 0x2b
    40d8:	8b a5       	ldd	r24, Y+43	; 0x2b
    40da:	9c a5       	ldd	r25, Y+44	; 0x2c
    40dc:	01 97       	sbiw	r24, 0x01	; 1
    40de:	f1 f7       	brne	.-4      	; 0x40dc <main+0xa18>
    40e0:	9c a7       	std	Y+44, r25	; 0x2c
    40e2:	8b a7       	std	Y+43, r24	; 0x2b
            _delay_ms(50);
        }

        // --- BUTTON 2: LED 2 ---
        if (HPB_u8GetPbStatues(DIO_PORTA, DIO_PIN2) == PB_PRESSED) {
    40e4:	80 e0       	ldi	r24, 0x00	; 0
    40e6:	62 e0       	ldi	r22, 0x02	; 2
    40e8:	0e 94 bd 0c 	call	0x197a	; 0x197a <HPB_u8GetPbStatues>
    40ec:	88 23       	and	r24, r24
    40ee:	09 f0       	breq	.+2      	; 0x40f2 <main+0xa2e>
    40f0:	86 c0       	rjmp	.+268    	; 0x41fe <main+0xb3a>
            state_LED2 ^= 1;
    40f2:	80 91 f9 00 	lds	r24, 0x00F9
    40f6:	91 e0       	ldi	r25, 0x01	; 1
    40f8:	89 27       	eor	r24, r25
    40fa:	80 93 f9 00 	sts	0x00F9, r24
            HLED_voidLedTog(DIO_PORTD, DIO_PIN3);
    40fe:	83 e0       	ldi	r24, 0x03	; 3
    4100:	63 e0       	ldi	r22, 0x03	; 3
    4102:	0e 94 05 0e 	call	0x1c0a	; 0x1c0a <HLED_voidLedTog>
            Update_Dashboard();
    4106:	0e 94 88 1a 	call	0x3510	; 0x3510 <Update_Dashboard>
            Buzzer_ClickFeedback();
    410a:	0e 94 d5 1a 	call	0x35aa	; 0x35aa <Buzzer_ClickFeedback>
            while(HPB_u8GetPbStatues(DIO_PORTA, DIO_PIN2) == PB_PRESSED);
    410e:	80 e0       	ldi	r24, 0x00	; 0
    4110:	62 e0       	ldi	r22, 0x02	; 2
    4112:	0e 94 bd 0c 	call	0x197a	; 0x197a <HPB_u8GetPbStatues>
    4116:	88 23       	and	r24, r24
    4118:	d1 f3       	breq	.-12     	; 0x410e <main+0xa4a>
    411a:	80 e0       	ldi	r24, 0x00	; 0
    411c:	90 e0       	ldi	r25, 0x00	; 0
    411e:	a8 e4       	ldi	r26, 0x48	; 72
    4120:	b2 e4       	ldi	r27, 0x42	; 66
    4122:	8f a3       	std	Y+39, r24	; 0x27
    4124:	98 a7       	std	Y+40, r25	; 0x28
    4126:	a9 a7       	std	Y+41, r26	; 0x29
    4128:	ba a7       	std	Y+42, r27	; 0x2a
 */
void
_delay_ms(double __ms)
{
	uint16_t __ticks;
	double __tmp = ((F_CPU) / 4e3) * __ms;
    412a:	6f a1       	ldd	r22, Y+39	; 0x27
    412c:	78 a5       	ldd	r23, Y+40	; 0x28
    412e:	89 a5       	ldd	r24, Y+41	; 0x29
    4130:	9a a5       	ldd	r25, Y+42	; 0x2a
    4132:	20 e0       	ldi	r18, 0x00	; 0
    4134:	30 e0       	ldi	r19, 0x00	; 0
    4136:	4a ef       	ldi	r20, 0xFA	; 250
    4138:	54 e4       	ldi	r21, 0x44	; 68
    413a:	0e 94 1f 02 	call	0x43e	; 0x43e <__mulsf3>
    413e:	dc 01       	movw	r26, r24
    4140:	cb 01       	movw	r24, r22
    4142:	8b a3       	std	Y+35, r24	; 0x23
    4144:	9c a3       	std	Y+36, r25	; 0x24
    4146:	ad a3       	std	Y+37, r26	; 0x25
    4148:	be a3       	std	Y+38, r27	; 0x26
	if (__tmp < 1.0)
    414a:	6b a1       	ldd	r22, Y+35	; 0x23
    414c:	7c a1       	ldd	r23, Y+36	; 0x24
    414e:	8d a1       	ldd	r24, Y+37	; 0x25
    4150:	9e a1       	ldd	r25, Y+38	; 0x26
    4152:	20 e0       	ldi	r18, 0x00	; 0
    4154:	30 e0       	ldi	r19, 0x00	; 0
    4156:	40 e8       	ldi	r20, 0x80	; 128
    4158:	5f e3       	ldi	r21, 0x3F	; 63
    415a:	0e 94 79 03 	call	0x6f2	; 0x6f2 <__ltsf2>
    415e:	88 23       	and	r24, r24
    4160:	2c f4       	brge	.+10     	; 0x416c <main+0xaa8>
		__ticks = 1;
    4162:	81 e0       	ldi	r24, 0x01	; 1
    4164:	90 e0       	ldi	r25, 0x00	; 0
    4166:	9a a3       	std	Y+34, r25	; 0x22
    4168:	89 a3       	std	Y+33, r24	; 0x21
    416a:	3f c0       	rjmp	.+126    	; 0x41ea <main+0xb26>
	else if (__tmp > 65535)
    416c:	6b a1       	ldd	r22, Y+35	; 0x23
    416e:	7c a1       	ldd	r23, Y+36	; 0x24
    4170:	8d a1       	ldd	r24, Y+37	; 0x25
    4172:	9e a1       	ldd	r25, Y+38	; 0x26
    4174:	20 e0       	ldi	r18, 0x00	; 0
    4176:	3f ef       	ldi	r19, 0xFF	; 255
    4178:	4f e7       	ldi	r20, 0x7F	; 127
    417a:	57 e4       	ldi	r21, 0x47	; 71
    417c:	0e 94 19 03 	call	0x632	; 0x632 <__gtsf2>
    4180:	18 16       	cp	r1, r24
    4182:	4c f5       	brge	.+82     	; 0x41d6 <main+0xb12>
	{
		//	__ticks = requested delay in 1/10 ms
		__ticks = (uint16_t) (__ms * 10.0);
    4184:	6f a1       	ldd	r22, Y+39	; 0x27
    4186:	78 a5       	ldd	r23, Y+40	; 0x28
    4188:	89 a5       	ldd	r24, Y+41	; 0x29
    418a:	9a a5       	ldd	r25, Y+42	; 0x2a
    418c:	20 e0       	ldi	r18, 0x00	; 0
    418e:	30 e0       	ldi	r19, 0x00	; 0
    4190:	40 e2       	ldi	r20, 0x20	; 32
    4192:	51 e4       	ldi	r21, 0x41	; 65
    4194:	0e 94 1f 02 	call	0x43e	; 0x43e <__mulsf3>
    4198:	dc 01       	movw	r26, r24
    419a:	cb 01       	movw	r24, r22
    419c:	bc 01       	movw	r22, r24
    419e:	cd 01       	movw	r24, r26
    41a0:	0e 94 49 00 	call	0x92	; 0x92 <__fixunssfsi>
    41a4:	dc 01       	movw	r26, r24
    41a6:	cb 01       	movw	r24, r22
    41a8:	9a a3       	std	Y+34, r25	; 0x22
    41aa:	89 a3       	std	Y+33, r24	; 0x21
    41ac:	0f c0       	rjmp	.+30     	; 0x41cc <main+0xb08>
    41ae:	88 ec       	ldi	r24, 0xC8	; 200
    41b0:	90 e0       	ldi	r25, 0x00	; 0
    41b2:	98 a3       	std	Y+32, r25	; 0x20
    41b4:	8f 8f       	std	Y+31, r24	; 0x1f
    41b6:	8f 8d       	ldd	r24, Y+31	; 0x1f
    41b8:	98 a1       	ldd	r25, Y+32	; 0x20
    41ba:	01 97       	sbiw	r24, 0x01	; 1
    41bc:	f1 f7       	brne	.-4      	; 0x41ba <main+0xaf6>
    41be:	98 a3       	std	Y+32, r25	; 0x20
    41c0:	8f 8f       	std	Y+31, r24	; 0x1f
		while(__ticks)
		{
			// wait 1/10 ms
			_delay_loop_2(((F_CPU) / 4e3) / 10);
			__ticks --;
    41c2:	89 a1       	ldd	r24, Y+33	; 0x21
    41c4:	9a a1       	ldd	r25, Y+34	; 0x22
    41c6:	01 97       	sbiw	r24, 0x01	; 1
    41c8:	9a a3       	std	Y+34, r25	; 0x22
    41ca:	89 a3       	std	Y+33, r24	; 0x21
		__ticks = 1;
	else if (__tmp > 65535)
	{
		//	__ticks = requested delay in 1/10 ms
		__ticks = (uint16_t) (__ms * 10.0);
		while(__ticks)
    41cc:	89 a1       	ldd	r24, Y+33	; 0x21
    41ce:	9a a1       	ldd	r25, Y+34	; 0x22
    41d0:	00 97       	sbiw	r24, 0x00	; 0
    41d2:	69 f7       	brne	.-38     	; 0x41ae <main+0xaea>
    41d4:	14 c0       	rjmp	.+40     	; 0x41fe <main+0xb3a>
			__ticks --;
		}
		return;
	}
	else
		__ticks = (uint16_t)__tmp;
    41d6:	6b a1       	ldd	r22, Y+35	; 0x23
    41d8:	7c a1       	ldd	r23, Y+36	; 0x24
    41da:	8d a1       	ldd	r24, Y+37	; 0x25
    41dc:	9e a1       	ldd	r25, Y+38	; 0x26
    41de:	0e 94 49 00 	call	0x92	; 0x92 <__fixunssfsi>
    41e2:	dc 01       	movw	r26, r24
    41e4:	cb 01       	movw	r24, r22
    41e6:	9a a3       	std	Y+34, r25	; 0x22
    41e8:	89 a3       	std	Y+33, r24	; 0x21
    41ea:	89 a1       	ldd	r24, Y+33	; 0x21
    41ec:	9a a1       	ldd	r25, Y+34	; 0x22
    41ee:	9e 8f       	std	Y+30, r25	; 0x1e
    41f0:	8d 8f       	std	Y+29, r24	; 0x1d
    41f2:	8d 8d       	ldd	r24, Y+29	; 0x1d
    41f4:	9e 8d       	ldd	r25, Y+30	; 0x1e
    41f6:	01 97       	sbiw	r24, 0x01	; 1
    41f8:	f1 f7       	brne	.-4      	; 0x41f6 <main+0xb32>
    41fa:	9e 8f       	std	Y+30, r25	; 0x1e
    41fc:	8d 8f       	std	Y+29, r24	; 0x1d
            _delay_ms(50);
        }

        // --- BUTTON 3: TV ---
        if (HPB_u8GetPbStatues(DIO_PORTA, DIO_PIN3) == PB_PRESSED) {
    41fe:	80 e0       	ldi	r24, 0x00	; 0
    4200:	63 e0       	ldi	r22, 0x03	; 3
    4202:	0e 94 bd 0c 	call	0x197a	; 0x197a <HPB_u8GetPbStatues>
    4206:	88 23       	and	r24, r24
    4208:	09 f0       	breq	.+2      	; 0x420c <main+0xb48>
    420a:	86 c0       	rjmp	.+268    	; 0x4318 <main+0xc54>
            state_TV ^= 1;
    420c:	80 91 fa 00 	lds	r24, 0x00FA
    4210:	91 e0       	ldi	r25, 0x01	; 1
    4212:	89 27       	eor	r24, r25
    4214:	80 93 fa 00 	sts	0x00FA, r24
            HLED_voidLedTog(DIO_PORTD, DIO_PIN4);
    4218:	83 e0       	ldi	r24, 0x03	; 3
    421a:	64 e0       	ldi	r22, 0x04	; 4
    421c:	0e 94 05 0e 	call	0x1c0a	; 0x1c0a <HLED_voidLedTog>
            Update_Dashboard();
    4220:	0e 94 88 1a 	call	0x3510	; 0x3510 <Update_Dashboard>
            Buzzer_ClickFeedback();
    4224:	0e 94 d5 1a 	call	0x35aa	; 0x35aa <Buzzer_ClickFeedback>
            while(HPB_u8GetPbStatues(DIO_PORTA, DIO_PIN3) == PB_PRESSED);
    4228:	80 e0       	ldi	r24, 0x00	; 0
    422a:	63 e0       	ldi	r22, 0x03	; 3
    422c:	0e 94 bd 0c 	call	0x197a	; 0x197a <HPB_u8GetPbStatues>
    4230:	88 23       	and	r24, r24
    4232:	d1 f3       	breq	.-12     	; 0x4228 <main+0xb64>
    4234:	80 e0       	ldi	r24, 0x00	; 0
    4236:	90 e0       	ldi	r25, 0x00	; 0
    4238:	a8 e4       	ldi	r26, 0x48	; 72
    423a:	b2 e4       	ldi	r27, 0x42	; 66
    423c:	89 8f       	std	Y+25, r24	; 0x19
    423e:	9a 8f       	std	Y+26, r25	; 0x1a
    4240:	ab 8f       	std	Y+27, r26	; 0x1b
    4242:	bc 8f       	std	Y+28, r27	; 0x1c
 */
void
_delay_ms(double __ms)
{
	uint16_t __ticks;
	double __tmp = ((F_CPU) / 4e3) * __ms;
    4244:	69 8d       	ldd	r22, Y+25	; 0x19
    4246:	7a 8d       	ldd	r23, Y+26	; 0x1a
    4248:	8b 8d       	ldd	r24, Y+27	; 0x1b
    424a:	9c 8d       	ldd	r25, Y+28	; 0x1c
    424c:	20 e0       	ldi	r18, 0x00	; 0
    424e:	30 e0       	ldi	r19, 0x00	; 0
    4250:	4a ef       	ldi	r20, 0xFA	; 250
    4252:	54 e4       	ldi	r21, 0x44	; 68
    4254:	0e 94 1f 02 	call	0x43e	; 0x43e <__mulsf3>
    4258:	dc 01       	movw	r26, r24
    425a:	cb 01       	movw	r24, r22
    425c:	8d 8b       	std	Y+21, r24	; 0x15
    425e:	9e 8b       	std	Y+22, r25	; 0x16
    4260:	af 8b       	std	Y+23, r26	; 0x17
    4262:	b8 8f       	std	Y+24, r27	; 0x18
	if (__tmp < 1.0)
    4264:	6d 89       	ldd	r22, Y+21	; 0x15
    4266:	7e 89       	ldd	r23, Y+22	; 0x16
    4268:	8f 89       	ldd	r24, Y+23	; 0x17
    426a:	98 8d       	ldd	r25, Y+24	; 0x18
    426c:	20 e0       	ldi	r18, 0x00	; 0
    426e:	30 e0       	ldi	r19, 0x00	; 0
    4270:	40 e8       	ldi	r20, 0x80	; 128
    4272:	5f e3       	ldi	r21, 0x3F	; 63
    4274:	0e 94 79 03 	call	0x6f2	; 0x6f2 <__ltsf2>
    4278:	88 23       	and	r24, r24
    427a:	2c f4       	brge	.+10     	; 0x4286 <main+0xbc2>
		__ticks = 1;
    427c:	81 e0       	ldi	r24, 0x01	; 1
    427e:	90 e0       	ldi	r25, 0x00	; 0
    4280:	9c 8b       	std	Y+20, r25	; 0x14
    4282:	8b 8b       	std	Y+19, r24	; 0x13
    4284:	3f c0       	rjmp	.+126    	; 0x4304 <main+0xc40>
	else if (__tmp > 65535)
    4286:	6d 89       	ldd	r22, Y+21	; 0x15
    4288:	7e 89       	ldd	r23, Y+22	; 0x16
    428a:	8f 89       	ldd	r24, Y+23	; 0x17
    428c:	98 8d       	ldd	r25, Y+24	; 0x18
    428e:	20 e0       	ldi	r18, 0x00	; 0
    4290:	3f ef       	ldi	r19, 0xFF	; 255
    4292:	4f e7       	ldi	r20, 0x7F	; 127
    4294:	57 e4       	ldi	r21, 0x47	; 71
    4296:	0e 94 19 03 	call	0x632	; 0x632 <__gtsf2>
    429a:	18 16       	cp	r1, r24
    429c:	4c f5       	brge	.+82     	; 0x42f0 <main+0xc2c>
	{
		//	__ticks = requested delay in 1/10 ms
		__ticks = (uint16_t) (__ms * 10.0);
    429e:	69 8d       	ldd	r22, Y+25	; 0x19
    42a0:	7a 8d       	ldd	r23, Y+26	; 0x1a
    42a2:	8b 8d       	ldd	r24, Y+27	; 0x1b
    42a4:	9c 8d       	ldd	r25, Y+28	; 0x1c
    42a6:	20 e0       	ldi	r18, 0x00	; 0
    42a8:	30 e0       	ldi	r19, 0x00	; 0
    42aa:	40 e2       	ldi	r20, 0x20	; 32
    42ac:	51 e4       	ldi	r21, 0x41	; 65
    42ae:	0e 94 1f 02 	call	0x43e	; 0x43e <__mulsf3>
    42b2:	dc 01       	movw	r26, r24
    42b4:	cb 01       	movw	r24, r22
    42b6:	bc 01       	movw	r22, r24
    42b8:	cd 01       	movw	r24, r26
    42ba:	0e 94 49 00 	call	0x92	; 0x92 <__fixunssfsi>
    42be:	dc 01       	movw	r26, r24
    42c0:	cb 01       	movw	r24, r22
    42c2:	9c 8b       	std	Y+20, r25	; 0x14
    42c4:	8b 8b       	std	Y+19, r24	; 0x13
    42c6:	0f c0       	rjmp	.+30     	; 0x42e6 <main+0xc22>
    42c8:	88 ec       	ldi	r24, 0xC8	; 200
    42ca:	90 e0       	ldi	r25, 0x00	; 0
    42cc:	9a 8b       	std	Y+18, r25	; 0x12
    42ce:	89 8b       	std	Y+17, r24	; 0x11
    42d0:	89 89       	ldd	r24, Y+17	; 0x11
    42d2:	9a 89       	ldd	r25, Y+18	; 0x12
    42d4:	01 97       	sbiw	r24, 0x01	; 1
    42d6:	f1 f7       	brne	.-4      	; 0x42d4 <main+0xc10>
    42d8:	9a 8b       	std	Y+18, r25	; 0x12
    42da:	89 8b       	std	Y+17, r24	; 0x11
		while(__ticks)
		{
			// wait 1/10 ms
			_delay_loop_2(((F_CPU) / 4e3) / 10);
			__ticks --;
    42dc:	8b 89       	ldd	r24, Y+19	; 0x13
    42de:	9c 89       	ldd	r25, Y+20	; 0x14
    42e0:	01 97       	sbiw	r24, 0x01	; 1
    42e2:	9c 8b       	std	Y+20, r25	; 0x14
    42e4:	8b 8b       	std	Y+19, r24	; 0x13
		__ticks = 1;
	else if (__tmp > 65535)
	{
		//	__ticks = requested delay in 1/10 ms
		__ticks = (uint16_t) (__ms * 10.0);
		while(__ticks)
    42e6:	8b 89       	ldd	r24, Y+19	; 0x13
    42e8:	9c 89       	ldd	r25, Y+20	; 0x14
    42ea:	00 97       	sbiw	r24, 0x00	; 0
    42ec:	69 f7       	brne	.-38     	; 0x42c8 <main+0xc04>
    42ee:	14 c0       	rjmp	.+40     	; 0x4318 <main+0xc54>
			__ticks --;
		}
		return;
	}
	else
		__ticks = (uint16_t)__tmp;
    42f0:	6d 89       	ldd	r22, Y+21	; 0x15
    42f2:	7e 89       	ldd	r23, Y+22	; 0x16
    42f4:	8f 89       	ldd	r24, Y+23	; 0x17
    42f6:	98 8d       	ldd	r25, Y+24	; 0x18
    42f8:	0e 94 49 00 	call	0x92	; 0x92 <__fixunssfsi>
    42fc:	dc 01       	movw	r26, r24
    42fe:	cb 01       	movw	r24, r22
    4300:	9c 8b       	std	Y+20, r25	; 0x14
    4302:	8b 8b       	std	Y+19, r24	; 0x13
    4304:	8b 89       	ldd	r24, Y+19	; 0x13
    4306:	9c 89       	ldd	r25, Y+20	; 0x14
    4308:	98 8b       	std	Y+16, r25	; 0x10
    430a:	8f 87       	std	Y+15, r24	; 0x0f
    430c:	8f 85       	ldd	r24, Y+15	; 0x0f
    430e:	98 89       	ldd	r25, Y+16	; 0x10
    4310:	01 97       	sbiw	r24, 0x01	; 1
    4312:	f1 f7       	brne	.-4      	; 0x4310 <main+0xc4c>
    4314:	98 8b       	std	Y+16, r25	; 0x10
    4316:	8f 87       	std	Y+15, r24	; 0x0f
            _delay_ms(50);
        }

        // --- BUTTON 4: AC ---
        if (HPB_u8GetPbStatues(DIO_PORTA, DIO_PIN4) == PB_PRESSED) {
    4318:	80 e0       	ldi	r24, 0x00	; 0
    431a:	64 e0       	ldi	r22, 0x04	; 4
    431c:	0e 94 bd 0c 	call	0x197a	; 0x197a <HPB_u8GetPbStatues>
    4320:	88 23       	and	r24, r24
    4322:	09 f0       	breq	.+2      	; 0x4326 <main+0xc62>
    4324:	86 c0       	rjmp	.+268    	; 0x4432 <main+0xd6e>
            state_AC ^= 1;
    4326:	80 91 fb 00 	lds	r24, 0x00FB
    432a:	91 e0       	ldi	r25, 0x01	; 1
    432c:	89 27       	eor	r24, r25
    432e:	80 93 fb 00 	sts	0x00FB, r24
            HLED_voidLedTog(DIO_PORTD, DIO_PIN5);
    4332:	83 e0       	ldi	r24, 0x03	; 3
    4334:	65 e0       	ldi	r22, 0x05	; 5
    4336:	0e 94 05 0e 	call	0x1c0a	; 0x1c0a <HLED_voidLedTog>
            Update_Dashboard();
    433a:	0e 94 88 1a 	call	0x3510	; 0x3510 <Update_Dashboard>
            Buzzer_ClickFeedback();
    433e:	0e 94 d5 1a 	call	0x35aa	; 0x35aa <Buzzer_ClickFeedback>
            while(HPB_u8GetPbStatues(DIO_PORTA, DIO_PIN4) == PB_PRESSED);
    4342:	80 e0       	ldi	r24, 0x00	; 0
    4344:	64 e0       	ldi	r22, 0x04	; 4
    4346:	0e 94 bd 0c 	call	0x197a	; 0x197a <HPB_u8GetPbStatues>
    434a:	88 23       	and	r24, r24
    434c:	d1 f3       	breq	.-12     	; 0x4342 <main+0xc7e>
    434e:	80 e0       	ldi	r24, 0x00	; 0
    4350:	90 e0       	ldi	r25, 0x00	; 0
    4352:	a8 e4       	ldi	r26, 0x48	; 72
    4354:	b2 e4       	ldi	r27, 0x42	; 66
    4356:	8b 87       	std	Y+11, r24	; 0x0b
    4358:	9c 87       	std	Y+12, r25	; 0x0c
    435a:	ad 87       	std	Y+13, r26	; 0x0d
    435c:	be 87       	std	Y+14, r27	; 0x0e
 */
void
_delay_ms(double __ms)
{
	uint16_t __ticks;
	double __tmp = ((F_CPU) / 4e3) * __ms;
    435e:	6b 85       	ldd	r22, Y+11	; 0x0b
    4360:	7c 85       	ldd	r23, Y+12	; 0x0c
    4362:	8d 85       	ldd	r24, Y+13	; 0x0d
    4364:	9e 85       	ldd	r25, Y+14	; 0x0e
    4366:	20 e0       	ldi	r18, 0x00	; 0
    4368:	30 e0       	ldi	r19, 0x00	; 0
    436a:	4a ef       	ldi	r20, 0xFA	; 250
    436c:	54 e4       	ldi	r21, 0x44	; 68
    436e:	0e 94 1f 02 	call	0x43e	; 0x43e <__mulsf3>
    4372:	dc 01       	movw	r26, r24
    4374:	cb 01       	movw	r24, r22
    4376:	8f 83       	std	Y+7, r24	; 0x07
    4378:	98 87       	std	Y+8, r25	; 0x08
    437a:	a9 87       	std	Y+9, r26	; 0x09
    437c:	ba 87       	std	Y+10, r27	; 0x0a
	if (__tmp < 1.0)
    437e:	6f 81       	ldd	r22, Y+7	; 0x07
    4380:	78 85       	ldd	r23, Y+8	; 0x08
    4382:	89 85       	ldd	r24, Y+9	; 0x09
    4384:	9a 85       	ldd	r25, Y+10	; 0x0a
    4386:	20 e0       	ldi	r18, 0x00	; 0
    4388:	30 e0       	ldi	r19, 0x00	; 0
    438a:	40 e8       	ldi	r20, 0x80	; 128
    438c:	5f e3       	ldi	r21, 0x3F	; 63
    438e:	0e 94 79 03 	call	0x6f2	; 0x6f2 <__ltsf2>
    4392:	88 23       	and	r24, r24
    4394:	2c f4       	brge	.+10     	; 0x43a0 <main+0xcdc>
		__ticks = 1;
    4396:	81 e0       	ldi	r24, 0x01	; 1
    4398:	90 e0       	ldi	r25, 0x00	; 0
    439a:	9e 83       	std	Y+6, r25	; 0x06
    439c:	8d 83       	std	Y+5, r24	; 0x05
    439e:	3f c0       	rjmp	.+126    	; 0x441e <main+0xd5a>
	else if (__tmp > 65535)
    43a0:	6f 81       	ldd	r22, Y+7	; 0x07
    43a2:	78 85       	ldd	r23, Y+8	; 0x08
    43a4:	89 85       	ldd	r24, Y+9	; 0x09
    43a6:	9a 85       	ldd	r25, Y+10	; 0x0a
    43a8:	20 e0       	ldi	r18, 0x00	; 0
    43aa:	3f ef       	ldi	r19, 0xFF	; 255
    43ac:	4f e7       	ldi	r20, 0x7F	; 127
    43ae:	57 e4       	ldi	r21, 0x47	; 71
    43b0:	0e 94 19 03 	call	0x632	; 0x632 <__gtsf2>
    43b4:	18 16       	cp	r1, r24
    43b6:	4c f5       	brge	.+82     	; 0x440a <main+0xd46>
	{
		//	__ticks = requested delay in 1/10 ms
		__ticks = (uint16_t) (__ms * 10.0);
    43b8:	6b 85       	ldd	r22, Y+11	; 0x0b
    43ba:	7c 85       	ldd	r23, Y+12	; 0x0c
    43bc:	8d 85       	ldd	r24, Y+13	; 0x0d
    43be:	9e 85       	ldd	r25, Y+14	; 0x0e
    43c0:	20 e0       	ldi	r18, 0x00	; 0
    43c2:	30 e0       	ldi	r19, 0x00	; 0
    43c4:	40 e2       	ldi	r20, 0x20	; 32
    43c6:	51 e4       	ldi	r21, 0x41	; 65
    43c8:	0e 94 1f 02 	call	0x43e	; 0x43e <__mulsf3>
    43cc:	dc 01       	movw	r26, r24
    43ce:	cb 01       	movw	r24, r22
    43d0:	bc 01       	movw	r22, r24
    43d2:	cd 01       	movw	r24, r26
    43d4:	0e 94 49 00 	call	0x92	; 0x92 <__fixunssfsi>
    43d8:	dc 01       	movw	r26, r24
    43da:	cb 01       	movw	r24, r22
    43dc:	9e 83       	std	Y+6, r25	; 0x06
    43de:	8d 83       	std	Y+5, r24	; 0x05
    43e0:	0f c0       	rjmp	.+30     	; 0x4400 <main+0xd3c>
    43e2:	88 ec       	ldi	r24, 0xC8	; 200
    43e4:	90 e0       	ldi	r25, 0x00	; 0
    43e6:	9c 83       	std	Y+4, r25	; 0x04
    43e8:	8b 83       	std	Y+3, r24	; 0x03
    43ea:	8b 81       	ldd	r24, Y+3	; 0x03
    43ec:	9c 81       	ldd	r25, Y+4	; 0x04
    43ee:	01 97       	sbiw	r24, 0x01	; 1
    43f0:	f1 f7       	brne	.-4      	; 0x43ee <main+0xd2a>
    43f2:	9c 83       	std	Y+4, r25	; 0x04
    43f4:	8b 83       	std	Y+3, r24	; 0x03
		while(__ticks)
		{
			// wait 1/10 ms
			_delay_loop_2(((F_CPU) / 4e3) / 10);
			__ticks --;
    43f6:	8d 81       	ldd	r24, Y+5	; 0x05
    43f8:	9e 81       	ldd	r25, Y+6	; 0x06
    43fa:	01 97       	sbiw	r24, 0x01	; 1
    43fc:	9e 83       	std	Y+6, r25	; 0x06
    43fe:	8d 83       	std	Y+5, r24	; 0x05
		__ticks = 1;
	else if (__tmp > 65535)
	{
		//	__ticks = requested delay in 1/10 ms
		__ticks = (uint16_t) (__ms * 10.0);
		while(__ticks)
    4400:	8d 81       	ldd	r24, Y+5	; 0x05
    4402:	9e 81       	ldd	r25, Y+6	; 0x06
    4404:	00 97       	sbiw	r24, 0x00	; 0
    4406:	69 f7       	brne	.-38     	; 0x43e2 <main+0xd1e>
    4408:	14 c0       	rjmp	.+40     	; 0x4432 <main+0xd6e>
			__ticks --;
		}
		return;
	}
	else
		__ticks = (uint16_t)__tmp;
    440a:	6f 81       	ldd	r22, Y+7	; 0x07
    440c:	78 85       	ldd	r23, Y+8	; 0x08
    440e:	89 85       	ldd	r24, Y+9	; 0x09
    4410:	9a 85       	ldd	r25, Y+10	; 0x0a
    4412:	0e 94 49 00 	call	0x92	; 0x92 <__fixunssfsi>
    4416:	dc 01       	movw	r26, r24
    4418:	cb 01       	movw	r24, r22
    441a:	9e 83       	std	Y+6, r25	; 0x06
    441c:	8d 83       	std	Y+5, r24	; 0x05
    441e:	8d 81       	ldd	r24, Y+5	; 0x05
    4420:	9e 81       	ldd	r25, Y+6	; 0x06
    4422:	9a 83       	std	Y+2, r25	; 0x02
    4424:	89 83       	std	Y+1, r24	; 0x01
    4426:	89 81       	ldd	r24, Y+1	; 0x01
    4428:	9a 81       	ldd	r25, Y+2	; 0x02
    442a:	01 97       	sbiw	r24, 0x01	; 1
    442c:	f1 f7       	brne	.-4      	; 0x442a <main+0xd66>
    442e:	9a 83       	std	Y+2, r25	; 0x02
    4430:	89 83       	std	Y+1, r24	; 0x01
            _delay_ms(50);
        }

        // --- AC SENSOR & MOTOR LOGIC ---
        if (state_AC == 1) {
    4432:	80 91 fb 00 	lds	r24, 0x00FB
    4436:	81 30       	cpi	r24, 0x01	; 1
    4438:	09 f0       	breq	.+2      	; 0x443c <main+0xd78>
    443a:	46 c0       	rjmp	.+140    	; 0x44c8 <main+0xe04>
            MADC_voidStartConversion(ADC_CHANNEL0);
    443c:	80 e0       	ldi	r24, 0x00	; 0
    443e:	0e 94 3e 0b 	call	0x167c	; 0x167c <MADC_voidStartConversion>
            u16 adc_value = MADC_u16ReadDataUsingPolling();
    4442:	0e 94 45 0c 	call	0x188a	; 0x188a <MADC_u16ReadDataUsingPolling>
    4446:	fe 01       	movw	r30, r28
    4448:	ed 57       	subi	r30, 0x7D	; 125
    444a:	ff 4f       	sbci	r31, 0xFF	; 255
    444c:	91 83       	std	Z+1, r25	; 0x01
    444e:	80 83       	st	Z, r24

            // معادلة الحساب مع LM35: (Vout_mV / 10) = (ADC * 5000 / 1024) / 10
            u32 temp = ((u32)adc_value * 500) / 1024;
    4450:	fe 01       	movw	r30, r28
    4452:	ed 57       	subi	r30, 0x7D	; 125
    4454:	ff 4f       	sbci	r31, 0xFF	; 255
    4456:	80 81       	ld	r24, Z
    4458:	91 81       	ldd	r25, Z+1	; 0x01
    445a:	cc 01       	movw	r24, r24
    445c:	a0 e0       	ldi	r26, 0x00	; 0
    445e:	b0 e0       	ldi	r27, 0x00	; 0
    4460:	24 ef       	ldi	r18, 0xF4	; 244
    4462:	31 e0       	ldi	r19, 0x01	; 1
    4464:	40 e0       	ldi	r20, 0x00	; 0
    4466:	50 e0       	ldi	r21, 0x00	; 0
    4468:	bc 01       	movw	r22, r24
    446a:	cd 01       	movw	r24, r26
    446c:	0e 94 6b 22 	call	0x44d6	; 0x44d6 <__mulsi3>
    4470:	dc 01       	movw	r26, r24
    4472:	cb 01       	movw	r24, r22
    4474:	fe 01       	movw	r30, r28
    4476:	e1 58       	subi	r30, 0x81	; 129
    4478:	ff 4f       	sbci	r31, 0xFF	; 255
    447a:	07 2e       	mov	r0, r23
    447c:	7a e0       	ldi	r23, 0x0A	; 10
    447e:	b6 95       	lsr	r27
    4480:	a7 95       	ror	r26
    4482:	97 95       	ror	r25
    4484:	87 95       	ror	r24
    4486:	7a 95       	dec	r23
    4488:	d1 f7       	brne	.-12     	; 0x447e <main+0xdba>
    448a:	70 2d       	mov	r23, r0
    448c:	80 83       	st	Z, r24
    448e:	91 83       	std	Z+1, r25	; 0x01
    4490:	a2 83       	std	Z+2, r26	; 0x02
    4492:	b3 83       	std	Z+3, r27	; 0x03

            // التبريد (CCW) إذا كانت الحرارة أكبر من 25، التدفئة (CW) إذا كانت أقل أو تساوي 25
            if (temp > 25) {
    4494:	fe 01       	movw	r30, r28
    4496:	e1 58       	subi	r30, 0x81	; 129
    4498:	ff 4f       	sbci	r31, 0xFF	; 255
    449a:	80 81       	ld	r24, Z
    449c:	91 81       	ldd	r25, Z+1	; 0x01
    449e:	a2 81       	ldd	r26, Z+2	; 0x02
    44a0:	b3 81       	ldd	r27, Z+3	; 0x03
    44a2:	8a 31       	cpi	r24, 0x1A	; 26
    44a4:	91 05       	cpc	r25, r1
    44a6:	a1 05       	cpc	r26, r1
    44a8:	b1 05       	cpc	r27, r1
    44aa:	38 f0       	brcs	.+14     	; 0x44ba <main+0xdf6>
                HDcMotor_voidCCW(DIO_PORTD, DIO_PIN0, DIO_PORTD, DIO_PIN1);
    44ac:	83 e0       	ldi	r24, 0x03	; 3
    44ae:	60 e0       	ldi	r22, 0x00	; 0
    44b0:	43 e0       	ldi	r20, 0x03	; 3
    44b2:	21 e0       	ldi	r18, 0x01	; 1
    44b4:	0e 94 0f 1a 	call	0x341e	; 0x341e <HDcMotor_voidCCW>
    44b8:	88 cd       	rjmp	.-1264   	; 0x3fca <main+0x906>
            } else {
                HDcMotor_voidCW(DIO_PORTD, DIO_PIN0, DIO_PORTD, DIO_PIN1);
    44ba:	83 e0       	ldi	r24, 0x03	; 3
    44bc:	60 e0       	ldi	r22, 0x00	; 0
    44be:	43 e0       	ldi	r20, 0x03	; 3
    44c0:	21 e0       	ldi	r18, 0x01	; 1
    44c2:	0e 94 f4 19 	call	0x33e8	; 0x33e8 <HDcMotor_voidCW>
    44c6:	81 cd       	rjmp	.-1278   	; 0x3fca <main+0x906>
            }
        } else {
            // إيقاف التكييف تماماً عند إطفائه
            HDcMotor_voidStop(DIO_PORTD, DIO_PIN0, DIO_PORTD, DIO_PIN1);
    44c8:	83 e0       	ldi	r24, 0x03	; 3
    44ca:	60 e0       	ldi	r22, 0x00	; 0
    44cc:	43 e0       	ldi	r20, 0x03	; 3
    44ce:	21 e0       	ldi	r18, 0x01	; 1
    44d0:	0e 94 2a 1a 	call	0x3454	; 0x3454 <HDcMotor_voidStop>
    44d4:	7a cd       	rjmp	.-1292   	; 0x3fca <main+0x906>

000044d6 <__mulsi3>:
    44d6:	62 9f       	mul	r22, r18
    44d8:	d0 01       	movw	r26, r0
    44da:	73 9f       	mul	r23, r19
    44dc:	f0 01       	movw	r30, r0
    44de:	82 9f       	mul	r24, r18
    44e0:	e0 0d       	add	r30, r0
    44e2:	f1 1d       	adc	r31, r1
    44e4:	64 9f       	mul	r22, r20
    44e6:	e0 0d       	add	r30, r0
    44e8:	f1 1d       	adc	r31, r1
    44ea:	92 9f       	mul	r25, r18
    44ec:	f0 0d       	add	r31, r0
    44ee:	83 9f       	mul	r24, r19
    44f0:	f0 0d       	add	r31, r0
    44f2:	74 9f       	mul	r23, r20
    44f4:	f0 0d       	add	r31, r0
    44f6:	65 9f       	mul	r22, r21
    44f8:	f0 0d       	add	r31, r0
    44fa:	99 27       	eor	r25, r25
    44fc:	72 9f       	mul	r23, r18
    44fe:	b0 0d       	add	r27, r0
    4500:	e1 1d       	adc	r30, r1
    4502:	f9 1f       	adc	r31, r25
    4504:	63 9f       	mul	r22, r19
    4506:	b0 0d       	add	r27, r0
    4508:	e1 1d       	adc	r30, r1
    450a:	f9 1f       	adc	r31, r25
    450c:	bd 01       	movw	r22, r26
    450e:	cf 01       	movw	r24, r30
    4510:	11 24       	eor	r1, r1
    4512:	08 95       	ret

00004514 <__prologue_saves__>:
    4514:	2f 92       	push	r2
    4516:	3f 92       	push	r3
    4518:	4f 92       	push	r4
    451a:	5f 92       	push	r5
    451c:	6f 92       	push	r6
    451e:	7f 92       	push	r7
    4520:	8f 92       	push	r8
    4522:	9f 92       	push	r9
    4524:	af 92       	push	r10
    4526:	bf 92       	push	r11
    4528:	cf 92       	push	r12
    452a:	df 92       	push	r13
    452c:	ef 92       	push	r14
    452e:	ff 92       	push	r15
    4530:	0f 93       	push	r16
    4532:	1f 93       	push	r17
    4534:	cf 93       	push	r28
    4536:	df 93       	push	r29
    4538:	cd b7       	in	r28, 0x3d	; 61
    453a:	de b7       	in	r29, 0x3e	; 62
    453c:	ca 1b       	sub	r28, r26
    453e:	db 0b       	sbc	r29, r27
    4540:	0f b6       	in	r0, 0x3f	; 63
    4542:	f8 94       	cli
    4544:	de bf       	out	0x3e, r29	; 62
    4546:	0f be       	out	0x3f, r0	; 63
    4548:	cd bf       	out	0x3d, r28	; 61
    454a:	09 94       	ijmp

0000454c <__epilogue_restores__>:
    454c:	2a 88       	ldd	r2, Y+18	; 0x12
    454e:	39 88       	ldd	r3, Y+17	; 0x11
    4550:	48 88       	ldd	r4, Y+16	; 0x10
    4552:	5f 84       	ldd	r5, Y+15	; 0x0f
    4554:	6e 84       	ldd	r6, Y+14	; 0x0e
    4556:	7d 84       	ldd	r7, Y+13	; 0x0d
    4558:	8c 84       	ldd	r8, Y+12	; 0x0c
    455a:	9b 84       	ldd	r9, Y+11	; 0x0b
    455c:	aa 84       	ldd	r10, Y+10	; 0x0a
    455e:	b9 84       	ldd	r11, Y+9	; 0x09
    4560:	c8 84       	ldd	r12, Y+8	; 0x08
    4562:	df 80       	ldd	r13, Y+7	; 0x07
    4564:	ee 80       	ldd	r14, Y+6	; 0x06
    4566:	fd 80       	ldd	r15, Y+5	; 0x05
    4568:	0c 81       	ldd	r16, Y+4	; 0x04
    456a:	1b 81       	ldd	r17, Y+3	; 0x03
    456c:	aa 81       	ldd	r26, Y+2	; 0x02
    456e:	b9 81       	ldd	r27, Y+1	; 0x01
    4570:	ce 0f       	add	r28, r30
    4572:	d1 1d       	adc	r29, r1
    4574:	0f b6       	in	r0, 0x3f	; 63
    4576:	f8 94       	cli
    4578:	de bf       	out	0x3e, r29	; 62
    457a:	0f be       	out	0x3f, r0	; 63
    457c:	cd bf       	out	0x3d, r28	; 61
    457e:	ed 01       	movw	r28, r26
    4580:	08 95       	ret

00004582 <_exit>:
    4582:	f8 94       	cli

00004584 <__stop_program>:
    4584:	ff cf       	rjmp	.-2      	; 0x4584 <__stop_program>
